"D:/github test/Gamejam/Gamejam.uproject" 1
"../../../Engine/Plugins/AudioGameplayVolume/AudioGameplayVolume.uplugin" 2
"../../../Engine/Plugins/AudioGameplay/AudioGameplay.uplugin" 3
"../../../Engine/Plugins/AudioInsightsRuntime/AudioInsightsRuntime.uplugin" 4
"../../../Engine/Plugins/AutomationControllerRpc/AutomationControllerRpc.uplugin" 5
"../../../Engine/Plugins/AudioModulationInsights/AudioModulationInsights.uplugin" 6
"../../../Engine/Plugins/BlueprintFileUtils/BlueprintFileUtils.uplugin" 7
"../../../Engine/Plugins/ChaosCloth/ChaosCloth.uplugin" 8
"../../../Engine/Plugins/BaseMaterial/BaseMaterial.uplugin" 9
"../../../Engine/Plugins/ChaosClothAssetDataflowNodes/ChaosClothAssetDataflowNodes.uplugin" 10
"../../../Engine/Plugins/ChaosClothAssetEditor/ChaosClothAssetEditor.uplugin" 11
"../../../Engine/Plugins/AudioInsights/AudioInsights.uplugin" 12
"../../../Engine/Plugins/ChaosInsights/ChaosInsights.uplugin" 13
"../../../Engine/Plugins/ChaosOutfitAsset/ChaosOutfitAsset.uplugin" 14
"../../../Engine/Plugins/ChaosClothAssetEditorCore/ChaosClothAssetEditorCore.uplugin" 15
"../../../Engine/Plugins/ChaosClothAsset/ChaosClothAsset.uplugin" 16
"../../../Engine/Plugins/ChaosVD/ChaosVD.uplugin" 17
"../../../Engine/Plugins/Dataflow/Dataflow.uplugin" 18
"../../../Engine/Plugins/CmdLinkServer/CmdLinkServer.uplugin" 19
"../../../Engine/Plugins/DataflowVolumetricPlugin/DataflowVolumetricPlugin.uplugin" 20
"../../../Engine/Plugins/ChaosClothAssetUsdDataflowNodes/ChaosClothAssetUsdDataflowNodes.uplugin" 21
"../../../Engine/Plugins/DiscoveryBeaconReceiver/DiscoveryBeaconReceiver.uplugin" 22
"../../../Engine/Plugins/FastBuildController/FastBuildController.uplugin" 23
"../../../Engine/Plugins/EnhancedInput/EnhancedInput.uplugin" 24
"../../../Engine/Plugins/IoStoreInsights/IoStoreInsights.uplugin" 25
"../../../Engine/Plugins/Chooser/Chooser.uplugin" 26
"../../../Engine/Plugins/GameInputWindows/GameInputWindows.uplugin" 27
"../../../Engine/Plugins/DerivedDataBuildController/DerivedDataBuildController.uplugin" 28
"../../../Engine/Plugins/MassInsights/MassInsights.uplugin" 29
"../../../Engine/Plugins/LightWeightInstancesEditor/LightWeightInstancesEditor.uplugin" 30
"../../../Engine/Plugins/JsonBlueprintUtilities/JsonBlueprintUtilities.uplugin" 31
"../../../Engine/Plugins/MeshPainting/MeshPainting.uplugin" 32
"../../../Engine/Plugins/MemoryUsageQueries/MemoryUsageQueries.uplugin" 33
"../../../Engine/Plugins/Mutable/Mutable.uplugin" 34
"../../../Engine/Plugins/RenderGraphInsights/RenderGraphInsights.uplugin" 35
"../../../Engine/Plugins/PCG/PCG.uplugin" 36
"../../../Engine/Plugins/RenderTraceInsights/RenderTraceInsights.uplugin" 37
"../../../Engine/Plugins/RPCBase/RPCBase.uplugin" 38
"../../../Engine/Plugins/ScriptPlugin/ScriptPlugin.uplugin" 39
"../../../Engine/Plugins/SubtitlesAndClosedCaptions/SubtitlesAndClosedCaptions.uplugin" 40
"../../../Engine/Plugins/TextureGraph/TextureGraph.uplugin" 41
"../../../Engine/Plugins/TraceUtilities/TraceUtilities.uplugin" 42
"../../../Engine/Plugins/UbaController/UbaController.uplugin" 43
"../../../Engine/Plugins/WorldMetrics/WorldMetrics.uplugin" 44
"../../../Engine/Plugins/WorldStreamingInsights/WorldStreamingInsights.uplugin" 45
"../../../Engine/Plugins/XGEController/XGEController.uplugin" 46
"../../../Engine/Plugins/Fab/Fab.uplugin" 47
"../../../Engine/Plugins/Bridge/Bridge.uplugin" 48
"../../../Engine/Plugins/Cameras/CameraShakePreviewer/CameraShakePreviewer.uplugin" 49
"../../../Engine/Plugins/Cameras/EngineCameras/EngineCameras.uplugin" 50
"../../../Engine/Plugins/Compositing/Composite/Composite.uplugin" 51
"../../../Engine/Plugins/Compositing/CompositeCore/CompositeCore.uplugin" 52
"../../../Engine/Plugins/Cameras/GameplayCameras/GameplayCameras.uplugin" 53
"../../../Engine/Plugins/Compositing/ComposureShared/ComposureShared.uplugin" 54
"../../../Engine/Plugins/Compositing/Composure/Composure.uplugin" 55
"../../../Engine/Plugins/Compositing/LensDistortion/LensDistortion.uplugin" 56
"../../../Engine/Plugins/Compositing/HoldoutComposite/HoldoutComposite.uplugin" 57
"../../../Engine/Plugins/Compositing/OpenColorIO/OpenColorIO.uplugin" 58
"../../../Engine/Plugins/Editor/AssetReferenceRestrictions/AssetReferenceRestrictions.uplugin" 59
"../../../Engine/Plugins/Compositing/OpenCVLensDistortion/OpenCVLensDistortion.uplugin" 60
"../../../Engine/Plugins/Editor/AssetManagerEditor/AssetManagerEditor.uplugin" 61
"../../../Engine/Plugins/Editor/AssetRegistryExport/AssetRegistryExport.uplugin" 62
"../../../Engine/Plugins/Editor/BlueprintHeaderView/BlueprintHeaderView.uplugin" 63
"../../../Engine/Plugins/Editor/AssetSearch/AssetSearch.uplugin" 64
"../../../Engine/Plugins/Editor/BlueprintMaterialTextureNodes/BlueprintMaterialTextureNodes.uplugin" 65
"../../../Engine/Plugins/Editor/ChangelistReview/ChangelistReview.uplugin" 66
"../../../Engine/Plugins/Editor/ConsoleVariablesEditor/ConsoleVariables.uplugin" 67
"../../../Engine/Plugins/Editor/ColorGrading/ColorGrading.uplugin" 68
"../../../Engine/Plugins/Editor/CryptoKeys/CryptoKeys.uplugin" 69
"../../../Engine/Plugins/Editor/CurveEditorTools/CurveEditorTools.uplugin" 70
"../../../Engine/Plugins/Editor/DisplayClusterLaunch/DisplayClusterLaunch.uplugin" 71
"../../../Engine/Plugins/Editor/DataValidation/DataValidation.uplugin" 72
"../../../Engine/Plugins/Editor/EditorScriptingUtilities/EditorScriptingUtilities.uplugin" 73
"../../../Engine/Plugins/Editor/EngineAssetDefinitions/EngineAssetDefinitions.uplugin" 74
"../../../Engine/Plugins/Editor/EditorDebugTools/EditorDebugTools.uplugin" 75
"../../../Engine/Plugins/Editor/EditorSysConfigAssistant/EditorSysConfigAssistant.uplugin" 76
"../../../Engine/Plugins/Editor/GuidedTutorials/GuidedTutorials.uplugin" 77
"../../../Engine/Plugins/Editor/FacialAnimation/FacialAnimation.uplugin" 78
"../../../Engine/Plugins/Editor/GameplayTagsEditor/GameplayTagsEditor.uplugin" 79
"../../../Engine/Plugins/Editor/ImageWidgets/ImageWidgets.uplugin" 80
"../../../Engine/Plugins/Editor/LandscapePatch/LandscapePatch.uplugin" 81
"../../../Engine/Plugins/Editor/GeometryMode/GeometryMode.uplugin" 82
"../../../Engine/Plugins/Editor/LiveUpdateForSlate/LiveUpdateForSlate.uplugin" 83
"../../../Engine/Plugins/Editor/MacGraphicsSwitching/MacGraphicsSwitching.uplugin" 84
"../../../Engine/Plugins/Editor/MakeCookedEditorAsDLC/MakeCookedEditorAsDLC.uplugin" 85
"../../../Engine/Plugins/Editor/MaterialAnalyzer/MaterialAnalyzer.uplugin" 86
"../../../Engine/Plugins/Editor/MaterialAssetWizard/MaterialAssetWizard.uplugin" 87
"../../../Engine/Plugins/Editor/MobileLauncherProfileWizard/MobileLauncherProfileWizard.uplugin" 88
"../../../Engine/Plugins/Editor/MeshLODToolset/MeshLODToolset.uplugin" 89
"../../../Engine/Plugins/Editor/MaterialValidation/MaterialValidation.uplugin" 90
"../../../Engine/Plugins/Editor/PluginBrowser/PluginBrowser.uplugin" 91
"../../../Engine/Plugins/Editor/ModelViewViewModelPreview/ModelViewViewModelPreview.uplugin" 92
"../../../Engine/Plugins/Editor/ProxyLODPlugin/ProxyLODPlugin.uplugin" 93
"../../../Engine/Plugins/Editor/ModelingToolsEditorMode/ModelingToolsEditorMode.uplugin" 94
"../../../Engine/Plugins/Editor/ScriptableToolsEditorMode/ScriptableToolsEditorMode.uplugin" 95
"../../../Engine/Plugins/Editor/SampleToolsEditorMode/SampleToolsEditorMode.uplugin" 96
"../../../Engine/Plugins/Editor/SequencerAnimTools/SequencerAnimTools.uplugin" 97
"../../../Engine/Plugins/Editor/SpeedTreeImporter/SpeedTreeImporter.uplugin" 98
"../../../Engine/Plugins/Editor/StaticMeshEditorModeling/StaticMeshEditorModeling.uplugin" 99
"../../../Engine/Plugins/Editor/StylusInput/StylusInput.uplugin" 100
"../../../Engine/Plugins/Editor/UMGWidgetPreview/UMGWidgetPreview.uplugin" 101
"../../../Engine/Plugins/Editor/UVEditor/UVEditor.uplugin" 102
"../../../Engine/Plugins/Editor/WorldPartitionHLODUtilities/WorldPartitionHLODUtilities.uplugin" 103
"../../../Engine/Plugins/Editor/WaveformEditor/WaveformEditor.uplugin" 104
"../../../Engine/Plugins/Importers/AlembicImporter/AlembicImporter.uplugin" 105
"../../../Engine/Plugins/Importers/USDImporter/USDImporter.uplugin" 106
"../../../Engine/Plugins/Importers/USDImporterMDL/USDImporterMDL.uplugin" 107
"../../../Engine/Plugins/Importers/USDMultiUser/USDMultiUser.uplugin" 108
"../../../Engine/Plugins/Importers/AlembicHairImporter/AlembicHairImporter.uplugin" 109
"../../../Engine/Plugins/MovieScene/CinematicPrestreaming/CinematicPrestreaming.uplugin" 110
"../../../Engine/Plugins/MovieScene/ActorSequence/ActorSequence.uplugin" 111
"../../../Engine/Plugins/MovieScene/LevelSequenceEditor/LevelSequenceEditor.uplugin" 112
"../../../Engine/Plugins/MovieScene/CustomizableSequencerTracks/CustomizableSequencerTracks.uplugin" 113
"../../../Engine/Plugins/MovieScene/MoviePipelineMaskRenderPass/MoviePipelineMaskRenderPass.uplugin" 114
"../../../Engine/Plugins/MovieScene/MovieRenderPipeline/MovieRenderPipeline.uplugin" 115
"../../../Engine/Plugins/MovieScene/SequencerScripting/SequencerScripting.uplugin" 116
"../../../Engine/Plugins/MovieScene/ReplayTracks/ReplayTracks.uplugin" 117
"../../../Engine/Plugins/MovieScene/MovieSceneTextTrack/MovieSceneTextTrack.uplugin" 118
"../../../Engine/Plugins/PCGInterops/PCGExternalDataInterop/PCGExternalDataInterop.uplugin" 119
"../../../Engine/Plugins/MovieScene/SequenceValidator/SequenceValidator.uplugin" 120
"../../../Engine/Plugins/MovieScene/TemplateSequence/TemplateSequence.uplugin" 121
"../../../Engine/Plugins/PCGInterops/PCGGeometryScriptInterop/PCGGeometryScriptInterop.uplugin" 122
"../../../Engine/Plugins/PCGInterops/PCGPythonInterop/PCGPythonInterop.uplugin" 123
"../../../Engine/Plugins/Slate/SlateInsights/SlateInsights.uplugin" 124
"../../../Engine/Plugins/Slate/SlateScripting/SlateScripting.uplugin" 125
"../../../Engine/Plugins/Experimental/AdvancedRenamer/AdvancedRenamer.uplugin" 126
"../../../Engine/Plugins/Experimental/ActorPalette/ActorPalette.uplugin" 127
"../../../Engine/Plugins/Experimental/AbilitySystemGameFeatureActions/AbilitySystemGameFeatureActions.uplugin" 128
"../../../Engine/Plugins/Experimental/AIAssistant/AIAssistant.uplugin" 129
"../../../Engine/Plugins/Experimental/AsyncMessageSystem/AsyncMessageSystem.uplugin" 130
"../../../Engine/Plugins/Experimental/AnimToTexture/AnimToTexture.uplugin" 131
"../../../Engine/Plugins/Experimental/AvalancheDisplayCluster/AvalancheDisplayCluster.uplugin" 132
"../../../Engine/Plugins/Experimental/AsyncMessageSystemTests/AsyncMessageSystemTests.uplugin" 133
"../../../Engine/Plugins/Experimental/AutomationUtils/AutomationUtils.uplugin" 134
"../../../Engine/Plugins/Experimental/AudioProperties/AudioProperties.uplugin" 135
"../../../Engine/Plugins/Experimental/AvalancheSequenceNavigator/AvalancheSequenceNavigator.uplugin" 136
"../../../Engine/Plugins/Experimental/BackChannel/BackChannel.uplugin" 137
"../../../Engine/Plugins/Experimental/BlueprintSnapNodes/BlueprintSnapNodes.uplugin" 138
"../../../Engine/Plugins/Experimental/BlueprintStats/BlueprintStats.uplugin" 139
"../../../Engine/Plugins/Experimental/ChaosCaching/ChaosCaching.uplugin" 140
"../../../Engine/Plugins/Experimental/Buoyancy/Buoyancy.uplugin" 141
"../../../Engine/Plugins/Experimental/ChaosCachingUSD/ChaosCachingUSD.uplugin" 142
"../../../Engine/Plugins/Experimental/ChaosDataflowSolver/ChaosDataflowSolver.uplugin" 143
"../../../Engine/Plugins/Experimental/ChaosEditor/ChaosEditor.uplugin" 144
"../../../Engine/Plugins/Experimental/ChaosClothEditor/ChaosClothEditor.uplugin" 145
"../../../Engine/Plugins/Experimental/ChaosFlesh/ChaosFlesh.uplugin" 146
"../../../Engine/Plugins/Experimental/ChaosModularVehicle/ChaosModularVehicle.uplugin" 147
"../../../Engine/Plugins/Experimental/ChaosModularVehicleExamples/ChaosModularVehicleExamples.uplugin" 148
"../../../Engine/Plugins/Experimental/ChaosMover/ChaosMover.uplugin" 149
"../../../Engine/Plugins/Experimental/ChaosRigidAsset/ChaosRigidAsset.uplugin" 150
"../../../Engine/Plugins/Experimental/ChaosRigidPhysicsAsync/ChaosRigidPhysicsAsync.uplugin" 151
"../../../Engine/Plugins/Experimental/ChaosNiagara/ChaosNiagara.uplugin" 152
"../../../Engine/Plugins/Experimental/ChaosSolverPlugin/ChaosSolverPlugin.uplugin" 153
"../../../Engine/Plugins/Experimental/ChaosVehiclesPlugin/ChaosVehiclesPlugin.uplugin" 154
"../../../Engine/Plugins/Experimental/CineCameraRigs/CineCameraRigs.uplugin" 155
"../../../Engine/Plugins/Experimental/CharacterAI/CharacterAI.uplugin" 156
"../../../Engine/Plugins/Experimental/CineCameraSceneCapture/CineCameraSceneCapture.uplugin" 157
"../../../Engine/Plugins/Experimental/ChaosUserDataPT/ChaosUserDataPT.uplugin" 158
"../../../Engine/Plugins/Experimental/CinematicSequenceNavigator/CinematicSequenceNavigator.uplugin" 159
"../../../Engine/Plugins/Experimental/CodeView/CodeView.uplugin" 160
"../../../Engine/Plugins/Experimental/ColorCorrectRegions/ColorCorrectRegions.uplugin" 161
"../../../Engine/Plugins/Experimental/ControlFlows/ControlFlows.uplugin" 162
"../../../Engine/Plugins/Experimental/CommonConversation/CommonConversation.uplugin" 163
"../../../Engine/Plugins/Experimental/CodeEditor/CodeEditor.uplugin" 164
"../../../Engine/Plugins/Experimental/ControlRigDynamics/ControlRigDynamics.uplugin" 165
"../../../Engine/Plugins/Experimental/DaySequence/DaySequence.uplugin" 166
"../../../Engine/Plugins/Experimental/DrawDebugLibrary/DrawDebugLibrary.uplugin" 167
"../../../Engine/Plugins/Experimental/ControlRigPhysics/ControlRigPhysics.uplugin" 168
"../../../Engine/Plugins/Experimental/DefaultInstallBundleManager/DefaultInstallBundleManager.uplugin" 169
"../../../Engine/Plugins/Experimental/DynamicMaterialMediaStreamBridge/DynamicMaterialMediaStreamBridge.uplugin" 170
"../../../Engine/Plugins/Experimental/DynamicWind/DynamicWind.uplugin" 171
"../../../Engine/Plugins/Experimental/EditorDataStorage/EditorDataStorage.uplugin" 172
"../../../Engine/Plugins/Experimental/EditorDataStorageFeatures/EditorDataStorageFeatures.uplugin" 173
"../../../Engine/Plugins/Experimental/EditorPerformance/EditorPerformance.uplugin" 174
"../../../Engine/Plugins/Experimental/EditorTelemetry/EditorTelemetry.uplugin" 175
"../../../Engine/Plugins/Experimental/EvaluationNotifies/EvaluationNotifies.uplugin" 176
"../../../Engine/Plugins/Experimental/EditorTRSGizmo/EditorTRSGizmo.uplugin" 177
"../../../Engine/Plugins/Experimental/FieldSystemPlugin/FieldSystemPlugin.uplugin" 178
"../../../Engine/Plugins/Experimental/FastGeoStreaming/FastGeoStreaming.uplugin" 179
"../../../Engine/Plugins/Experimental/FloatingProperties/FloatingProperties.uplugin" 180
"../../../Engine/Plugins/Experimental/Fracture/Fracture.uplugin" 181
"../../../Engine/Plugins/Experimental/FullBodyIK/FullBodyIK.uplugin" 182
"../../../Engine/Plugins/Experimental/GameplayBehaviors/GameplayBehaviors.uplugin" 183
"../../../Engine/Plugins/Experimental/GameplayGraph/GameplayGraph.uplugin" 184
"../../../Engine/Plugins/Experimental/Gauntlet/Gauntlet.uplugin" 185
"../../../Engine/Plugins/Experimental/GameplayTargetingSystem/TargetingSystem.uplugin" 186
"../../../Engine/Plugins/Experimental/GeometryCacheAbcFile/GeometryCacheAbcFile.uplugin" 187
"../../../Engine/Plugins/Experimental/GeometryCacheLevelSequenceBaker/GeometryCacheLevelSequenceBaker.uplugin" 188
"../../../Engine/Plugins/Experimental/GeometryCollectionPlugin/GeometryCollectionPlugin.uplugin" 189
"../../../Engine/Plugins/Experimental/GeometryFlow/GeometryFlow.uplugin" 190
"../../../Engine/Plugins/Experimental/GeometryDataflow/GeometryDataflow.uplugin" 191
"../../../Engine/Plugins/Experimental/GizmoFramework/GizmoFramework.uplugin" 192
"../../../Engine/Plugins/Experimental/GPULightmass/GPULightmass.uplugin" 193
"../../../Engine/Plugins/Experimental/HairCardGenerator/HairCardGenerator.uplugin" 194
"../../../Engine/Plugins/Experimental/HairModelingToolset/HairModelingToolset.uplugin" 195
"../../../Engine/Plugins/Experimental/HttpInsights/HttpInsights.uplugin" 196
"../../../Engine/Plugins/Experimental/ImagePlate/ImagePlate.uplugin" 197
"../../../Engine/Plugins/Experimental/GlobalConfigurationData/GlobalConfigurationData.uplugin" 198
"../../../Engine/Plugins/Experimental/ImpostorBaker/ImpostorBaker.uplugin" 199
"../../../Engine/Plugins/Experimental/HairStrandsMutable/HairStrandsMutable.uplugin" 200
"../../../Engine/Plugins/Experimental/InEditorDocumentation/InEditorDocumentation.uplugin" 201
"../../../Engine/Plugins/Experimental/InstanceDataObjectFixupTool/InstanceDataObjectFixupTool.uplugin" 202
"../../../Engine/Plugins/Experimental/Iris/Iris.uplugin" 203
"../../../Engine/Plugins/Experimental/Landmass/Landmass.uplugin" 204
"../../../Engine/Plugins/Experimental/InlineMaterialInstance/InlineMaterialInstance.uplugin" 205
"../../../Engine/Plugins/Experimental/InteractionInterface/InteractionInterface.uplugin" 206
"../../../Engine/Plugins/Experimental/JWT/JWT.uplugin" 207
"../../../Engine/Plugins/Experimental/LearningAgents/LearningAgents.uplugin" 208
"../../../Engine/Plugins/Experimental/LearningCore/LearningCore.uplugin" 209
"../../../Engine/Plugins/Experimental/LiveLinkControlRig/LiveLinkControlRig.uplugin" 210
"../../../Engine/Plugins/Experimental/LiveLinkFaceImporter/LiveLinkFaceImporter.uplugin" 211
"../../../Engine/Plugins/Experimental/LevelSequenceNavigatorBridge/LevelSequenceNavigatorBridge.uplugin" 212
"../../../Engine/Plugins/Experimental/LocalizableMessage/LocalizableMessage.uplugin" 213
"../../../Engine/Plugins/Experimental/LiveLinkOpenVR/LiveLinkOpenVR.uplugin" 214
"../../../Engine/Plugins/Experimental/LowLevelNetTrace/LowLevelNetTrace.uplugin" 215
"../../../Engine/Plugins/Experimental/MeshModelingToolsetExp/MeshModelingToolsetExp.uplugin" 216
"../../../Engine/Plugins/Experimental/MediaStream/MediaStream.uplugin" 217
"../../../Engine/Plugins/Experimental/MeshPartitionWater/MeshPartitionWater.uplugin" 218
"../../../Engine/Plugins/Experimental/MeshPartition/MeshPartition.uplugin" 219
"../../../Engine/Plugins/Experimental/MeshTerrainMode/MeshTerrainMode.uplugin" 220
"../../../Engine/Plugins/Experimental/MeshResizing/MeshResizing.uplugin" 221
"../../../Engine/Plugins/Experimental/MetasoundExperimental/MetasoundExperimental.uplugin" 222
"../../../Engine/Plugins/Experimental/MessageBusTester/MessageBusTester.uplugin" 223
"../../../Engine/Plugins/Experimental/ModelContextProtocol/ModelContextProtocol.uplugin" 224
"../../../Engine/Plugins/Experimental/MLflow/MLflow.uplugin" 225
"../../../Engine/Plugins/Experimental/MotorSimOutputMotoSynth/MotorSimOutputMotoSynth.uplugin" 226
"../../../Engine/Plugins/Experimental/MotoSynth/MotoSynth.uplugin" 227
"../../../Engine/Plugins/Experimental/Mover/Mover.uplugin" 228
"../../../Engine/Plugins/Experimental/MoverAnimNext/MoverAnimNext.uplugin" 229
"../../../Engine/Plugins/Experimental/MoverIntegrations/MoverIntegrations.uplugin" 230
"../../../Engine/Plugins/Experimental/MoverTests/MoverTests.uplugin" 231
"../../../Engine/Plugins/Experimental/MoverExamples/MoverExamples.uplugin" 232
"../../../Engine/Plugins/Experimental/MovieSceneMixedControlRig/MovieSceneMixedControlRig.uplugin" 233
"../../../Engine/Plugins/Experimental/MovieScenePoseSearchTracks/MovieScenePoseSearchTracks.uplugin" 234
"../../../Engine/Plugins/Experimental/MutableClothing/MutableClothing.uplugin" 235
"../../../Engine/Plugins/Experimental/MutableDataflow/MutableDataflow.uplugin" 236
"../../../Engine/Plugins/Experimental/MutableAssetUserData/MutableAssetUserData.uplugin" 237
"../../../Engine/Plugins/Experimental/MovieSceneAnimMixer/MovieSceneAnimMixer.uplugin" 238
"../../../Engine/Plugins/Experimental/MutableExtensionExample/MutableExtensionExample.uplugin" 239
"../../../Engine/Plugins/Experimental/MutablePopulation/MutablePopulation.uplugin" 240
"../../../Engine/Plugins/Experimental/NaniteAssemblyEditorUtils/NaniteAssemblyEditorUtils.uplugin" 241
"../../../Engine/Plugins/Experimental/NaniteDisplacedMesh/NaniteDisplacedMesh.uplugin" 242
"../../../Engine/Plugins/Experimental/NNERuntimeIREE/NNERuntimeIREE.uplugin" 243
"../../../Engine/Plugins/Experimental/NNERuntimeRDG/NNERuntimeRDG.uplugin" 244
"../../../Engine/Plugins/Experimental/NFORDenoise/NFORDenoise.uplugin" 245
"../../../Engine/Plugins/Experimental/OpenImageDenoise/OpenImageDenoise.uplugin" 246
"../../../Engine/Plugins/Experimental/NNERuntimeCoreML/NNERuntimeCoreML.uplugin" 247
"../../../Engine/Plugins/Experimental/OptiXDenoise/OptiXDenoise.uplugin" 248
"../../../Engine/Plugins/Experimental/PCGBiomeCore/PCGBiomeCore.uplugin" 249
"../../../Engine/Plugins/Experimental/NeuralRendering/NeuralRendering.uplugin" 250
"../../../Engine/Plugins/Experimental/NetworkServiceDiscovery/NetworkServiceDiscovery.uplugin" 251
"../../../Engine/Plugins/Experimental/PCGBiomeSample/PCGBiomeSample.uplugin" 252
"../../../Engine/Plugins/Experimental/NNERuntimeBasicCpu/NNERuntimeBasicCpu.uplugin" 253
"../../../Engine/Plugins/Experimental/PCGMeshPartitionInterop/PCGMeshPartitionInterop.uplugin" 254
"../../../Engine/Plugins/Experimental/PanoramicCapture/PanoramicCapture.uplugin" 255
"../../../Engine/Plugins/Experimental/PCGPrimitives_MeshPartitionInterop/PCGPrimitives_MeshPartitionInterop.uplugin" 256
"../../../Engine/Plugins/Experimental/PCGPrimitives/PCGPrimitives.uplugin" 257
"../../../Engine/Plugins/Experimental/PixelStreamingPlayer/PixelStreamingPlayer.uplugin" 258
"../../../Engine/Plugins/Experimental/PlainProps/PlainProps.uplugin" 259
"../../../Engine/Plugins/Experimental/PlainPropsUObject/PlainPropsUObject.uplugin" 260
"../../../Engine/Plugins/Experimental/PlainPropsEngine/PlainPropsEngine.uplugin" 261
"../../../Engine/Plugins/Experimental/PlanarCutPlugin/PlanarCut.uplugin" 262
"../../../Engine/Plugins/Experimental/PlatformCrypto/PlatformCrypto.uplugin" 263
"../../../Engine/Plugins/Experimental/PlatformDLC/PlatformDLC.uplugin" 264
"../../../Engine/Plugins/Experimental/PlayerInputDebugger/PlayerInputDebugger.uplugin" 265
"../../../Engine/Plugins/Experimental/PluginAudit/PluginAudit.uplugin" 266
"../../../Engine/Plugins/Experimental/PluginReferenceViewer/PluginReferenceViewer.uplugin" 267
"../../../Engine/Plugins/Experimental/PluginTemplateTool/PluginTemplateTool.uplugin" 268
"../../../Engine/Plugins/Experimental/PSDImporter/PSDImporter.uplugin" 269
"../../../Engine/Plugins/Experimental/ProceduralVegetationEditor/ProceduralVegetationEditor.uplugin" 270
"../../../Engine/Plugins/Experimental/PythonFoundationPackages/PythonFoundationPackages.uplugin" 271
"../../../Engine/Plugins/Experimental/PSDImporterMaterialDesignerBridge/PSDImporterMaterialDesignerBridge.uplugin" 272
"../../../Engine/Plugins/Experimental/PythonScriptPlugin/PythonScriptPlugin.uplugin" 273
"../../../Engine/Plugins/Experimental/PythonMLPackages/PythonMLPackages.uplugin" 274
"../../../Engine/Plugins/Experimental/PostProcessMaterialChainGraph/PostProcessMaterialChainGraph.uplugin" 275
"../../../Engine/Plugins/Experimental/RawInput/RawInput.uplugin" 276
"../../../Engine/Plugins/Experimental/QuicMessaging/QuicMessaging.uplugin" 277
"../../../Engine/Plugins/Experimental/RemoteControlActorModifierBridge/RemoteControlActorModifierBridge.uplugin" 278
"../../../Engine/Plugins/Experimental/RemoteControlComponents/RemoteControlComponents.uplugin" 279
"../../../Engine/Plugins/Experimental/RazerChromaDevices/RazerChromaDevices.uplugin" 280
"../../../Engine/Plugins/Experimental/RenderGrid/RenderGrid.uplugin" 281
"../../../Engine/Plugins/Experimental/RemoteSession/RemoteSession.uplugin" 282
"../../../Engine/Plugins/Experimental/RuntimeTelemetry/RuntimeTelemetry.uplugin" 283
"../../../Engine/Plugins/Experimental/ScreenReader/ScreenReader.uplugin" 284
"../../../Engine/Plugins/Experimental/RigLogicUAF/RigLogicUAF.uplugin" 285
"../../../Engine/Plugins/Experimental/SecuritySandbox/SecuritySandbox.uplugin" 286
"../../../Engine/Plugins/Experimental/SemanticSearch/SemanticSearch.uplugin" 287
"../../../Engine/Plugins/Experimental/SerializationUtils/SerializationUtils.uplugin" 288
"../../../Engine/Plugins/Experimental/Shotgrid/Shotgrid.uplugin" 289
"../../../Engine/Plugins/Experimental/SimpleHMD/SimpleHMD.uplugin" 290
"../../../Engine/Plugins/Experimental/SequenceNavigator/SequenceNavigator.uplugin" 291
"../../../Engine/Plugins/Experimental/SkeletalReduction/SkeletalReduction.uplugin" 292
"../../../Engine/Plugins/Experimental/SlateIM/SlateIM.uplugin" 293
"../../../Engine/Plugins/Experimental/SlateModelViewViewModel/SlateModelViewViewModel.uplugin" 294
"../../../Engine/Plugins/Experimental/StateGraph/StateGraph.uplugin" 295
"../../../Engine/Plugins/Experimental/SlateScreenReader/SlateScreenReader.uplugin" 296
"../../../Engine/Plugins/Experimental/SpatialReadiness/SpatialReadiness.uplugin" 297
"../../../Engine/Plugins/Experimental/StructUtils/StructUtils.uplugin" 298
"../../../Engine/Plugins/Experimental/SubmitToolEditor/SubmitToolEditor.uplugin" 299
"../../../Engine/Plugins/Experimental/SurfaceEffects/SurfaceEffects.uplugin" 300
"../../../Engine/Plugins/Experimental/TargetDeviceServicesScripting/TargetDeviceServicesScripting.uplugin" 301
"../../../Engine/Plugins/Experimental/Subsonic/Subsonic.uplugin" 302
"../../../Engine/Plugins/Experimental/TechAudioTools/TechAudioTools.uplugin" 303
"../../../Engine/Plugins/Experimental/Tensorboard/Tensorboard.uplugin" 304
"../../../Engine/Plugins/Experimental/Terminal/Terminal.uplugin" 305
"../../../Engine/Plugins/Experimental/TetMeshing/TetMeshing.uplugin" 306
"../../../Engine/Plugins/Experimental/ToolPresets/ToolPresets.uplugin" 307
"../../../Engine/Plugins/Experimental/TextToSpeech/TextToSpeech.uplugin" 308
"../../../Engine/Plugins/Experimental/ToolsetRegistry/ToolsetRegistry.uplugin" 309
"../../../Engine/Plugins/Experimental/UIFramework/UIFramework.uplugin" 310
"../../../Engine/Plugins/Experimental/USDPregen/USDPregen.uplugin" 311
"../../../Engine/Plugins/Experimental/UserToolBoxBasicCommand/UserToolBoxBasicCommand.uplugin" 312
"../../../Engine/Plugins/Experimental/UserToolBoxCore/UserToolBoxCore.uplugin" 313
"../../../Engine/Plugins/Experimental/VirtualHeightfieldMesh/VirtualHeightfieldMesh.uplugin" 314
"../../../Engine/Plugins/Experimental/VEUV/VEUV.uplugin" 315
"../../../Engine/Plugins/Experimental/VirtualProductionUtilities/VirtualProductionUtilities.uplugin" 316
"../../../Engine/Plugins/Experimental/Water/Water.uplugin" 317
"../../../Engine/Plugins/Experimental/WaterExtras/WaterExtras.uplugin" 318
"../../../Engine/Plugins/Experimental/Volumetrics/Volumetrics.uplugin" 319
"../../../Engine/Plugins/Experimental/WaterAdvanced/WaterAdvanced.uplugin" 320
"../../../Engine/Plugins/Experimental/WaveFunctionCollapse/WaveFunctionCollapse.uplugin" 321
"../../../Engine/Plugins/Experimental/WebSocketMessaging/WebSocketMessaging.uplugin" 322
"../../../Engine/Plugins/Experimental/WebSocketNetworking/WebSocketNetworking.uplugin" 323
"../../../Engine/Plugins/Experimental/WidgetEditorToolPalette/WidgetEditorToolPalette.uplugin" 324
"../../../Engine/Plugins/NNE/NNEDenoiser/NNEDenoiser.uplugin" 325
"../../../Engine/Plugins/Experimental/XRCreativeFramework/XRCreativeFramework.uplugin" 326
"../../../Engine/Plugins/Experimental/Workspace/Workspace.uplugin" 327
"../../../Engine/Plugins/NNE/NNERuntimeORT/NNERuntimeORT.uplugin" 328
"../../../Engine/Plugins/FX/Cascade/Cascade.uplugin" 329
"../../../Engine/Plugins/FX/ExampleCustomDataInterface/ExampleCustomDataInterface.uplugin" 330
"../../../Engine/Plugins/FX/CascadeToNiagaraConverter/CascadeToNiagaraConverter.uplugin" 331
"../../../Engine/Plugins/FX/Niagara/Niagara.uplugin" 332
"../../../Engine/Plugins/FX/NiagaraFluids/NiagaraFluids.uplugin" 333
"../../../Engine/Plugins/FX/NiagaraInsights/NiagaraInsights.uplugin" 334
"../../../Engine/Plugins/FX/NiagaraMRQ/NiagaraMRQ.uplugin" 335
"../../../Engine/Plugins/FX/NiagaraSimCaching/NiagaraSimCaching.uplugin" 336
"../../../Engine/Plugins/FX/NiagaraNanite/NiagaraNanite.uplugin" 337
"../../../Engine/Plugins/MetaHuman/MetaHumanAnimationTools/MetaHumanAnimationTools.uplugin" 338
"../../../Engine/Plugins/FX/NiagaraPreviewContent/NiagaraPreviewContent.uplugin" 339
"../../../Engine/Plugins/FX/NiagaraUIRenderer/NiagaraUIRenderer.uplugin" 340
"../../../Engine/Plugins/MetaHuman/MetaHumanAnimator/MetaHuman.uplugin" 341
"../../../Engine/Plugins/MetaHuman/MetaHumanCalibrationProcessing/MetaHumanCalibrationProcessing.uplugin" 342
"../../../Engine/Plugins/MetaHuman/MetaHumanCharacter/MetaHumanCharacter.uplugin" 343
"../../../Engine/Plugins/MetaHuman/MetaHumanCoreTechLib/MetaHumanCoreTech.uplugin" 344
"../../../Engine/Plugins/MetaHuman/MetaHumanCrowd/MetaHumanCrowd.uplugin" 345
"../../../Engine/Plugins/MetaHuman/MetaHumanCoreML/MetaHumanCoreML.uplugin" 346
"../../../Engine/Plugins/MetaHuman/MetaHumanLiveLink/MetaHumanLiveLink.uplugin" 347
"../../../Engine/Plugins/Protocols/MQTT/MQTT.uplugin" 348
"../../../Engine/Plugins/MetaHuman/MetaHumanSDK/MetaHumanSDK.uplugin" 349
"../../../Engine/Plugins/Messaging/MessagingInsights/MessagingInsights.uplugin" 350
"../../../Engine/Plugins/Messaging/MessagingDebugger/MessagingDebugger.uplugin" 351
"../../../Engine/Plugins/Messaging/TcpMessaging/TcpMessaging.uplugin" 352
"../../../Engine/Plugins/Messaging/UdpMessaging/UdpMessaging.uplugin" 353
"../../../Engine/Plugins/Online/EOSOverlayInputProvider/EOSOverlayInputProvider.uplugin" 354
"../../../Engine/Plugins/Online/EOSShared/EOSShared.uplugin" 355
"../../../Engine/Plugins/Online/OnlineBase/OnlineBase.uplugin" 356
"../../../Engine/Plugins/Online/OnlineFrameworkCommon/OnlineFrameworkCommon.uplugin" 357
"../../../Engine/Plugins/Online/OnlineFramework/OnlineFramework.uplugin" 358
"../../../Engine/Plugins/Online/OnlineServicesEOS/OnlineServicesEOS.uplugin" 359
"../../../Engine/Plugins/Online/OnlineServices/OnlineServices.uplugin" 360
"../../../Engine/Plugins/Online/OnlineServicesEpicCommon/OnlineServicesEpicCommon.uplugin" 361
"../../../Engine/Plugins/Online/OnlineServicesEOSGS/OnlineServicesEOSGS.uplugin" 362
"../../../Engine/Plugins/Online/OnlineServicesNull/OnlineServicesNull.uplugin" 363
"../../../Engine/Plugins/Online/OnlineServicesOSSAdapter/OnlineServicesOSSAdapter.uplugin" 364
"../../../Engine/Plugins/Online/OnlineSubsystemAmazon/OnlineSubsystemAmazon.uplugin" 365
"../../../Engine/Plugins/Online/OnlineSubsystem/OnlineSubsystem.uplugin" 366
"../../../Engine/Plugins/Online/OnlineSubsystemEOS/OnlineSubsystemEOS.uplugin" 367
"../../../Engine/Plugins/Online/OnlineSubsystemApple/OnlineSubsystemApple.uplugin" 368
"../../../Engine/Plugins/Online/OnlineSubsystemNull/OnlineSubsystemNull.uplugin" 369
"../../../Engine/Plugins/Online/OnlineSubsystemGoogle/OnlineSubsystemGoogle.uplugin" 370
"../../../Engine/Plugins/Online/OnlineSubsystemSteam/OnlineSubsystemSteam.uplugin" 371
"../../../Engine/Plugins/Online/OnlineSubsystemTencent/OnlineSubsystemTencent.uplugin" 372
"../../../Engine/Plugins/Online/SocketSubsystemEOS/SocketSubsystemEOS.uplugin" 373
"../../../Engine/Plugins/Online/OnlineSubsystemFacebook/OnlineSubsystemFacebook.uplugin" 374
"../../../Engine/Plugins/Online/OnlineSubsystemUtils/OnlineSubsystemUtils.uplugin" 375
"../../../Engine/Plugins/Online/SocketSubsystemSteamIP/SocketSubsystemSteamIP.uplugin" 376
"../../../Engine/Plugins/Online/WebAuth/WebAuth.uplugin" 377
"../../../Engine/Plugins/Tests/AudioCQTests/AudioCQTests.uplugin" 378
"../../../Engine/Plugins/Tests/CQTest/CQTest.uplugin" 379
"../../../Engine/Plugins/Tests/AutomationDriverTests/AutomationDriverTests.uplugin" 380
"../../../Engine/Plugins/Tests/CQTestExperimental/CQTestExperimental.uplugin" 381
"../../../Engine/Plugins/Tests/CQTestEnhancedInput/CQTestEnhancedInput.uplugin" 382
"../../../Engine/Plugins/Tests/EditorTests/EditorTests.uplugin" 383
"../../../Engine/Plugins/Tests/FunctionalTestingEditor/FunctionalTestingEditor.uplugin" 384
"../../../Engine/Plugins/Tests/FbxAutomationTestBuilder/FbxAutomationTestBuilder.uplugin" 385
"../../../Engine/Plugins/Tests/InterchangeTests/InterchangeTests.uplugin" 386
"../../../Engine/Plugins/Tests/PythonAutomationTest/PythonAutomationTest.uplugin" 387
"../../../Engine/Plugins/Tests/RuntimeTests/RuntimeTests.uplugin" 388
"../../../Engine/Plugins/Tests/TestFramework/TestFramework.uplugin" 389
"../../../Engine/Plugins/Tests/RHITests/RHITests.uplugin" 390
"../../../Engine/Plugins/Tests/TestSamples/TestSamples.uplugin" 391
"../../../Engine/Plugins/Tests/VerseModuleIndependenceA/VerseModuleIndependenceA.uplugin" 392
"../../../Engine/Plugins/Tests/WidgetAutomationTests/WidgetAutomationTests.uplugin" 393
"../../../Engine/Plugins/Portal/LauncherChunkInstaller/LauncherChunkInstaller.uplugin" 394
"../../../Engine/Plugins/VirtualProduction/AccumulationDOF/AccumulationDOF.uplugin" 395
"../../../Engine/Plugins/Tests/VerseModuleIndependenceB/VerseModuleIndependenceB.uplugin" 396
"../../../Engine/Plugins/VirtualProduction/ActorModifier/ActorModifier.uplugin" 397
"../../../Engine/Plugins/VirtualProduction/ActorModifierCore/ActorModifierCore.uplugin" 398
"../../../Engine/Plugins/VirtualProduction/AvalancheDataLink/AvalancheDataLink.uplugin" 399
"../../../Engine/Plugins/VirtualProduction/CameraCalibration/CameraCalibration.uplugin" 400
"../../../Engine/Plugins/VirtualProduction/Avalanche/Avalanche.uplugin" 401
"../../../Engine/Plugins/VirtualProduction/CaptureData/CaptureData.uplugin" 402
"../../../Engine/Plugins/VirtualProduction/AvalancheSceneState/AvalancheSceneState.uplugin" 403
"../../../Engine/Plugins/VirtualProduction/CameraCalibrationML/CameraCalibrationML.uplugin" 404
"../../../Engine/Plugins/VirtualProduction/ClonerEffector/ClonerEffector.uplugin" 405
"../../../Engine/Plugins/VirtualProduction/CompositePlane/CompositePlane.uplugin" 406
"../../../Engine/Plugins/VirtualProduction/CustomDetailsView/CustomDetailsView.uplugin" 407
"../../../Engine/Plugins/VirtualProduction/CinematicAssemblyTools/CinematicAssemblyTools.uplugin" 408
"../../../Engine/Plugins/VirtualProduction/CameraCalibrationCore/CameraCalibrationCore.uplugin" 409
"../../../Engine/Plugins/VirtualProduction/DataLink/DataLink.uplugin" 410
"../../../Engine/Plugins/VirtualProduction/DynamicMaterial/DynamicMaterial.uplugin" 411
"../../../Engine/Plugins/VirtualProduction/DataCharts/DataCharts.uplugin" 412
"../../../Engine/Plugins/VirtualProduction/DataLinkOAuth/DataLinkOAuth.uplugin" 413
"../../../Engine/Plugins/VirtualProduction/EpicStageApp/EpicStageApp.uplugin" 414
"../../../Engine/Plugins/VirtualProduction/GeometryMask/GeometryMask.uplugin" 415
"../../../Engine/Plugins/VirtualProduction/ICVFX/ICVFX.uplugin" 416
"../../../Engine/Plugins/VirtualProduction/LensComponent/LensComponent.uplugin" 417
"../../../Engine/Plugins/VirtualProduction/ICVFXTesting/ICVFXTesting.uplugin" 418
"../../../Engine/Plugins/VirtualProduction/LiveLinkFreeD/LiveLinkFreeD.uplugin" 419
"../../../Engine/Plugins/VirtualProduction/LiveLinkCamera/LiveLinkCamera.uplugin" 420
"../../../Engine/Plugins/VirtualProduction/LevelSnapshots/LevelSnapshots.uplugin" 421
"../../../Engine/Plugins/VirtualProduction/LiveLinkInputDevice/LiveLinkInputDevice.uplugin" 422
"../../../Engine/Plugins/VirtualProduction/LiveLinkOBSDevice/LiveLinkOBSDevice.uplugin" 423
"../../../Engine/Plugins/VirtualProduction/LiveLinkKiProDevice/LiveLinkKiProDevice.uplugin" 424
"../../../Engine/Plugins/VirtualProduction/LiveLinkMasterLockit/LiveLinkMasterLockit.uplugin" 425
"../../../Engine/Plugins/VirtualProduction/LiveLinkSoundDevice/LiveLinkSoundDevice.uplugin" 426
"../../../Engine/Plugins/VirtualProduction/LiveLinkOpenTrackIO/LiveLinkOpenTrackIO.uplugin" 427
"../../../Engine/Plugins/VirtualProduction/LiveLinkXR/LiveLinkXR.uplugin" 428
"../../../Engine/Plugins/VirtualProduction/LiveLinkPrestonMDR/LiveLinkPrestonMDR.uplugin" 429
"../../../Engine/Plugins/VirtualProduction/PerformanceCaptureWorkflow/PerformanceCaptureWorkflow.uplugin" 430
"../../../Engine/Plugins/VirtualProduction/OperatorStack/OperatorStack.uplugin" 431
"../../../Engine/Plugins/VirtualProduction/MultiUserTakes/MultiUserTakes.uplugin" 432
"../../../Engine/Plugins/VirtualProduction/LiveLinkLens/LiveLinkLens.uplugin" 433
"../../../Engine/Plugins/VirtualProduction/PropertyAnimatorCore/PropertyAnimatorCore.uplugin" 434
"../../../Engine/Plugins/VirtualProduction/RemoteControl/RemoteControl.uplugin" 435
"../../../Engine/Plugins/VirtualProduction/PropertyAnimator/PropertyAnimator.uplugin" 436
"../../../Engine/Plugins/VirtualProduction/RemoteControlInterception/RemoteControlInterception.uplugin" 437
"../../../Engine/Plugins/VirtualProduction/RemoteControlProtocolDMX/RemoteControlProtocolDMX.uplugin" 438
"../../../Engine/Plugins/VirtualProduction/LiveLinkVRPN/LiveLinkVRPN.uplugin" 439
"../../../Engine/Plugins/VirtualProduction/RemoteControlProtocolMIDI/RemoteControlProtocolMIDI.uplugin" 440
"../../../Engine/Plugins/VirtualProduction/RemoteControlProtocolOSC/RemoteControlProtocolOSC.uplugin" 441
"../../../Engine/Plugins/VirtualProduction/RemoteControlWebInterface/RemoteControlWebInterface.uplugin" 442
"../../../Engine/Plugins/VirtualProduction/SceneState/SceneState.uplugin" 443
"../../../Engine/Plugins/VirtualProduction/SceneStateDataLink/SceneStateDataLink.uplugin" 444
"../../../Engine/Plugins/VirtualProduction/SequencerPlaylists/SequencerPlaylists.uplugin" 445
"../../../Engine/Plugins/VirtualProduction/StageMonitoring/StageMonitoring.uplugin" 446
"../../../Engine/Plugins/VirtualProduction/StormSyncAvalancheBridge/StormSyncAvalancheBridge.uplugin" 447
"../../../Engine/Plugins/VirtualProduction/SVGImporter/SVGImporter.uplugin" 448
"../../../Engine/Plugins/VirtualProduction/Switchboard/Switchboard.uplugin" 449
"../../../Engine/Plugins/VirtualProduction/Takes/Takes.uplugin" 450
"../../../Engine/Plugins/VirtualProduction/StormSync/StormSync.uplugin" 451
"../../../Engine/Plugins/VirtualProduction/Text3D/Text3D.uplugin" 452
"../../../Engine/Plugins/VirtualProduction/TextureShare/TextureShare.uplugin" 453
"../../../Engine/Plugins/VirtualProduction/TimedDataMonitor/TimedDataMonitor.uplugin" 454
"../../../Engine/Plugins/VirtualProduction/VirtualScouting/VirtualScouting.uplugin" 455
"../../../Engine/Plugins/VirtualProduction/VirtualCamera/VirtualCamera.uplugin" 456
"../../../Engine/Plugins/VirtualProduction/ViewportWidgetOverlay/ViewportWidgetOverlay.uplugin" 457
"../../../Engine/Plugins/VirtualProduction/VirtualCameraCore/VirtualCameraCore.uplugin" 458
"../../../Engine/Plugins/2D/Paper2D/Paper2D.uplugin" 459
"../../../Engine/Plugins/Web/HttpBlueprint/HttpBlueprint.uplugin" 460
"../../../Engine/Plugins/AI/AISupport/AISupport.uplugin" 461
"../../../Engine/Plugins/AI/EnvironmentQueryEditor/EnvironmentQueryEditor.uplugin" 462
"../../../Engine/Plugins/AI/HTNPlanner/HTNPlanner.uplugin" 463
"../../../Engine/Plugins/AI/MassCrowd/MassCrowd.uplugin" 464
"../../../Engine/Plugins/AI/MassAI/MassAI.uplugin" 465
"../../../Engine/Plugins/AI/MLAdapter/MLAdapter.uplugin" 466
"../../../Engine/Plugins/Animation/ACLPlugin/ACLPlugin.uplugin" 467
"../../../Engine/Plugins/Animation/AnimationData/AnimationData.uplugin" 468
"../../../Engine/Plugins/Animation/AnimationLocomotionLibrary/AnimationLocomotionLibrary.uplugin" 469
"../../../Engine/Plugins/Animation/AnimationModifierLibrary/AnimationModifierLibrary.uplugin" 470
"../../../Engine/Plugins/Animation/AnimationWarping/AnimationWarping.uplugin" 471
"../../../Engine/Plugins/Animation/AnimatorKit/AnimatorKit.uplugin" 472
"../../../Engine/Plugins/Animation/BlendSpaceMotionAnalysis/BlendSpaceMotionAnalysis.uplugin" 473
"../../../Engine/Plugins/Animation/BlendStack/BlendStack.uplugin" 474
"../../../Engine/Plugins/Animation/ControlRig/ControlRig.uplugin" 475
"../../../Engine/Plugins/Animation/ControlRigModules/ControlRigModules.uplugin" 476
"../../../Engine/Plugins/Animation/ControlRigSpline/ControlRigSpline.uplugin" 477
"../../../Engine/Plugins/Animation/DeformerGraph/DeformerGraph.uplugin" 478
"../../../Engine/Plugins/Animation/DNACalib/DNACalib.uplugin" 479
"../../../Engine/Plugins/Animation/EaseCurveTool/EaseCurveTool.uplugin" 480
"../../../Engine/Plugins/Animation/GameplayInsights/GameplayInsights.uplugin" 481
"../../../Engine/Plugins/Animation/GeneSplicer/GeneSplicer.uplugin" 482
"../../../Engine/Plugins/Animation/LiveLink/LiveLink.uplugin" 483
"../../../Engine/Plugins/Animation/IKRig/IKRig.uplugin" 484
"../../../Engine/Plugins/Animation/LiveLinkCurveDebugUI/LiveLinkCurveDebugUI.uplugin" 485
"../../../Engine/Plugins/Animation/LiveLinkDevice/LiveLinkDevice.uplugin" 486
"../../../Engine/Plugins/Animation/LiveLinkExampleDevice/LiveLinkExampleDevice.uplugin" 487
"../../../Engine/Plugins/Animation/LiveLinkGenericRecordingDevice/LiveLinkGenericRecordingDevice.uplugin" 488
"../../../Engine/Plugins/Animation/LiveLinkUnrealDevice/LiveLinkUnrealDevice.uplugin" 489
"../../../Engine/Plugins/Animation/LiveLinkHub/LiveLinkHub.uplugin" 490
"../../../Engine/Plugins/Animation/MotionWarping/MotionWarping.uplugin" 491
"../../../Engine/Plugins/Animation/PhysicsControl/PhysicsControl.uplugin" 492
"../../../Engine/Plugins/Animation/PerformanceCaptureCore/PerformanceCaptureCore.uplugin" 493
"../../../Engine/Plugins/Animation/PoseSearch/PoseSearch.uplugin" 494
"../../../Engine/Plugins/Animation/RigLogic/RigLogic.uplugin" 495
"../../../Engine/Plugins/Animation/TweeningUtils/TweeningUtils.uplugin" 496
"../../../Engine/Plugins/Animation/SkeletalMeshModelingTools/SkeletalMeshModelingTools.uplugin" 497
"../../../Engine/Plugins/Compression/OodleNetwork/OodleNetwork.uplugin" 498
"../../../Engine/Plugins/Developer/PlasticSourceControl/PlasticSourceControl.uplugin" 499
"../../../Engine/Plugins/Developer/KDevelopSourceCodeAccess/KDevelopSourceCodeAccess.uplugin" 500
"../../../Engine/Plugins/Developer/PluginUtils/PluginUtils.uplugin" 501
"../../../Engine/Plugins/Developer/PixWinPlugin/PixWinPlugin.uplugin" 502
"../../../Engine/Plugins/Developer/PropertyAccessNode/PropertyAccessNode.uplugin" 503
"../../../Engine/Plugins/Developer/ProjectLauncher/ProjectLauncher.uplugin" 504
"../../../Engine/Plugins/Developer/CLionSourceCodeAccess/CLionSourceCodeAccess.uplugin" 505
"../../../Engine/Plugins/Developer/RenderDocPlugin/RenderDocPlugin.uplugin" 506
"../../../Engine/Plugins/Developer/CodeLiteSourceCodeAccess/CodeLiteSourceCodeAccess.uplugin" 507
"../../../Engine/Plugins/Developer/RiderSourceCodeAccess/RiderSourceCodeAccess.uplugin" 508
"../../../Engine/Plugins/Developer/DumpGPUServices/DumpGPUServices.uplugin" 509
"../../../Engine/Plugins/Developer/SubversionSourceControl/SubversionSourceControl.uplugin" 510
"../../../Engine/Plugins/Developer/TextureFormatOodle/TextureFormatOodle.uplugin" 511
"../../../Engine/Plugins/Developer/TraceSourceFiltering/TraceSourceFilters.uplugin" 512
"../../../Engine/Plugins/Developer/FieldNotificationTrace/FieldNotificationTrace.uplugin" 513
"../../../Engine/Plugins/Developer/UObjectPlugin/UObjectPlugin.uplugin" 514
"../../../Engine/Plugins/Developer/DirectoryPlaceholder/DirectoryPlaceholder.uplugin" 515
"../../../Engine/Plugins/Developer/VisualStudioCodeSourceCodeAccess/VisualStudioCodeSourceCodeAccess.uplugin" 516
"../../../Engine/Plugins/Developer/GitSourceControl/GitSourceControl.uplugin" 517
"../../../Engine/Plugins/Developer/XcodeGPUDebuggerPlugin/XcodeGPUDebuggerPlugin.uplugin" 518
"../../../Engine/Plugins/Developer/VisualStudioSourceCodeAccess/VisualStudioSourceCodeAccess.uplugin" 519
"../../../Engine/Plugins/Enterprise/DatasmithC4DImporter/DatasmithC4DImporter.uplugin" 520
"../../../Engine/Plugins/Developer/XCodeSourceCodeAccess/XCodeSourceCodeAccess.uplugin" 521
"../../../Engine/Plugins/Developer/N10XSourceCodeAccess/N10XSourceCodeAccess.uplugin" 522
"../../../Engine/Plugins/Enterprise/DataprepEditor/DataprepEditor.uplugin" 523
"../../../Engine/Plugins/Developer/NullSourceCodeAccess/NullSourceCodeAccess.uplugin" 524
"../../../Engine/Plugins/Enterprise/AxFImporter/AxFImporter.uplugin" 525
"../../../Engine/Plugins/Developer/OneSkyLocalizationService/OneSkyLocalizationService.uplugin" 526
"../../../Engine/Plugins/Enterprise/DatasmithContent/DatasmithContent.uplugin" 527
"../../../Engine/Plugins/Enterprise/DatasmithFBXImporter/DatasmithFBXImporter.uplugin" 528
"../../../Engine/Plugins/Developer/PerforceSourceControl/PerforceSourceControl.uplugin" 529
"../../../Engine/Plugins/Enterprise/GLTFExporter/GLTFExporter.uplugin" 530
"../../../Engine/Plugins/Enterprise/MDLImporter/MDLImporter.uplugin" 531
"../../../Engine/Plugins/Developer/AnimationSharing/AnimationSharing.uplugin" 532
"../../../Engine/Plugins/Enterprise/LidarPointCloud/LidarPointCloud.uplugin" 533
"../../../Engine/Plugins/Developer/BlankPlugin/BlankPlugin.uplugin" 534
"../../../Engine/Plugins/Enterprise/VariantManager/VariantManager.uplugin" 535
"../../../Engine/Plugins/Enterprise/VariantManagerContent/VariantManagerContent.uplugin" 536
"../../../Engine/Plugins/Developer/ShaderToolkit/ShaderToolkit.uplugin" 537
"../../../Engine/Plugins/Interchange/Assets/InterchangeAssets.uplugin" 538
"../../../Engine/Plugins/Enterprise/DatasmithImporter/DatasmithImporter.uplugin" 539
"../../../Engine/Plugins/Developer/GPUReshape/GPUReshape.uplugin" 540
"../../../Engine/Plugins/Developer/NamingTokens/NamingTokens.uplugin" 541
"../../../Engine/Plugins/Interchange/Editor/InterchangeEditor.uplugin" 542
"../../../Engine/Plugins/Media/AjaMedia/AjaMedia.uplugin" 543
"../../../Engine/Plugins/Enterprise/DatasmithCADImporter/DatasmithCADImporter.uplugin" 544
"../../../Engine/Plugins/Interchange/Runtime/Interchange.uplugin" 545
"../../../Engine/Plugins/Media/APVDecoderElectra/APVDecoderElectra.uplugin" 546
"../../../Engine/Plugins/Media/AndroidMedia/AndroidMedia.uplugin" 547
"../../../Engine/Plugins/Media/AppleProResDecoderElectra/AppleProResDecoderElectra.uplugin" 548
"../../../Engine/Plugins/Media/AudioCaptureTimecodeProvider/AudioCaptureTimecodeProvider.uplugin" 549
"../../../Engine/Plugins/Media/AndroidCamera/AndroidCamera.uplugin" 550
"../../../Engine/Plugins/Media/AvidDNxHDDecoderElectra/AvidDNxHDDecoderElectra.uplugin" 551
"../../../Engine/Plugins/Media/AppleProResMedia/AppleProResMedia.uplugin" 552
"../../../Engine/Plugins/Media/BinkMedia/BinkMedia.uplugin" 553
"../../../Engine/Plugins/Media/AV1DecoderElectra/AV1DecoderElectra.uplugin" 554
"../../../Engine/Plugins/Media/BlackmagicMedia/BlackmagicMedia.uplugin" 555
"../../../Engine/Plugins/Media/AvfMedia/AvfMedia.uplugin" 556
"../../../Engine/Plugins/Media/D3D12VideoDecodersElectra/D3D12VideoDecodersElectra.uplugin" 557
"../../../Engine/Plugins/Media/AvidDNxMedia/AvidDNxMedia.uplugin" 558
"../../../Engine/Plugins/Media/ElectraCDM/ElectraCDM.uplugin" 559
"../../../Engine/Plugins/Media/ElectraCodecs/ElectraCodecs.uplugin" 560
"../../../Engine/Plugins/Media/ElectraPlayer/ElectraPlayer.uplugin" 561
"../../../Engine/Plugins/Media/ElectraSubtitles/ElectraSubtitles.uplugin" 562
"../../../Engine/Plugins/Media/FlacDecoderElectra/FlacDecoderElectra.uplugin" 563
"../../../Engine/Plugins/Media/ElectraUtil/ElectraUtil.uplugin" 564
"../../../Engine/Plugins/Media/HAPDecoderElectra/HAPDecoderElectra.uplugin" 565
"../../../Engine/Plugins/Media/HAPMedia/HAPMedia.uplugin" 566
"../../../Engine/Plugins/Media/HardwareEncoders/HardwareEncoders.uplugin" 567
"../../../Engine/Plugins/Media/ImgMedia/ImgMedia.uplugin" 568
"../../../Engine/Plugins/Media/LinearTimecode/LinearTimecode.uplugin" 569
"../../../Engine/Plugins/Media/MediaCompositing/MediaCompositing.uplugin" 570
"../../../Engine/Plugins/Media/MediaFrameworkUtilities/MediaFrameworkUtilities.uplugin" 571
"../../../Engine/Plugins/Media/MediaIOFramework/MediaIOFramework.uplugin" 572
"../../../Engine/Plugins/Media/MediaMovieStreamer/MediaMovieStreamer.uplugin" 573
"../../../Engine/Plugins/Media/MediaPlayerEditor/MediaPlayerEditor.uplugin" 574
"../../../Engine/Plugins/Media/MediaPlate/MediaPlate.uplugin" 575
"../../../Engine/Plugins/Media/MfMedia/MfMedia.uplugin" 576
"../../../Engine/Plugins/Media/MediaProfile/MediaProfile.uplugin" 577
"../../../Engine/Plugins/Media/MJPEGDecoderElectra/MJPEGDecoderElectra.uplugin" 578
"../../../Engine/Plugins/Media/MediaViewer/MediaViewer.uplugin" 579
"../../../Engine/Plugins/Media/MP4Utilities/MP4Utilities.uplugin" 580
"../../../Engine/Plugins/Media/NVDECElectra/NVDECElectra.uplugin" 581
"../../../Engine/Plugins/Media/OpusDecoderElectra/OpusDecoderElectra.uplugin" 582
"../../../Engine/Plugins/Media/PixelStreaming2/PixelStreaming2.uplugin" 583
"../../../Engine/Plugins/Media/NDIMedia/NDIMedia.uplugin" 584
"../../../Engine/Plugins/Media/PixelCapture/PixelCapture.uplugin" 585
"../../../Engine/Plugins/Media/PixelStreaming/PixelStreaming.uplugin" 586
"../../../Engine/Plugins/Media/RTSPMedia/RTSPMedia.uplugin" 587
"../../../Engine/Plugins/Media/TimecodeSynchronizer/TimecodeSynchronizer.uplugin" 588
"../../../Engine/Plugins/Media/TmvMedia/TmvMedia.uplugin" 589
"../../../Engine/Plugins/Media/TmvMediaUtils/TmvMediaUtils.uplugin" 590
"../../../Engine/Plugins/Media/WebMMedia/WebMMedia.uplugin" 591
"../../../Engine/Plugins/Media/VPxDecoderElectra/VPxDecoderElectra.uplugin" 592
"../../../Engine/Plugins/Media/WmfMedia/WmfMedia.uplugin" 593
"../../../Engine/Plugins/Performance/AutomatedPerfTesting/AutomatedPerfTesting.uplugin" 594
"../../../Engine/Plugins/NetcodeUnitTest/NUTUnrealEngine/NUTUnrealEngine.uplugin" 595
"../../../Engine/Plugins/Performance/AutomatedPerfTestTools/AutomatedPerfTestTools.uplugin" 596
"../../../Engine/Plugins/NetcodeUnitTest/NetcodeUnitTest/NetcodeUnitTest.uplugin" 597
"../../../Engine/Plugins/Performance/PerformanceMonitor/PerformanceMonitor.uplugin" 598
"../../../Engine/Plugins/Runtime/ActorLayerUtilities/ActorLayerUtilities.uplugin" 599
"../../../Engine/Plugins/Runtime/ADM/ADM.uplugin" 600
"../../../Engine/Plugins/Runtime/AndroidBackgroundService/AndroidBackgroundService.uplugin" 601
"../../../Engine/Plugins/Runtime/AndroidDeviceProfileSelector/AndroidDeviceProfileSelector.uplugin" 602
"../../../Engine/Plugins/Runtime/AndroidFileServer/AndroidFileServer.uplugin" 603
"../../../Engine/Plugins/Runtime/AndroidMoviePlayer/AndroidMoviePlayer.uplugin" 604
"../../../Engine/Plugins/Runtime/AndroidPermission/AndroidPermission.uplugin" 605
"../../../Engine/Plugins/Runtime/ApexDestruction/ApexDestruction.uplugin" 606
"../../../Engine/Plugins/Runtime/AppleImageUtils/AppleImageUtils.uplugin" 607
"../../../Engine/Plugins/Runtime/AnimationBudgetAllocator/AnimationBudgetAllocator.uplugin" 608
"../../../Engine/Plugins/Runtime/AppleMoviePlayer/AppleMoviePlayer.uplugin" 609
"../../../Engine/Plugins/Runtime/ArchVisCharacter/ArchVisCharacter.uplugin" 610
"../../../Engine/Plugins/Runtime/AssetTags/AssetTags.uplugin" 611
"../../../Engine/Plugins/Runtime/AudioCapture/AudioCapture.uplugin" 612
"../../../Engine/Plugins/Runtime/AudioMotorSim/AudioMotorSim.uplugin" 613
"../../../Engine/Plugins/Runtime/AudioModulation/AudioModulation.uplugin" 614
"../../../Engine/Plugins/Runtime/AudioWidgets/AudioWidgets.uplugin" 615
"../../../Engine/Plugins/Runtime/AudioSynesthesia/AudioSynesthesia.uplugin" 616
"../../../Engine/Plugins/Runtime/CableComponent/CableComponent.uplugin" 617
"../../../Engine/Plugins/Runtime/ChunkDownloader/ChunkDownloader.uplugin" 618
"../../../Engine/Plugins/Runtime/CelestialVault/CelestialVault.uplugin" 619
"../../../Engine/Plugins/Runtime/CommonUI/CommonUI.uplugin" 620
"../../../Engine/Plugins/Runtime/ComputeFramework/ComputeFramework.uplugin" 621
"../../../Engine/Plugins/Runtime/CustomMeshComponent/CustomMeshComponent.uplugin" 622
"../../../Engine/Plugins/Runtime/DataRegistry/DataRegistry.uplugin" 623
"../../../Engine/Plugins/Runtime/ExampleDeviceProfileSelector/ExampleDeviceProfileSelector.uplugin" 624
"../../../Engine/Plugins/Runtime/GameFeatures/GameFeatures.uplugin" 625
"../../../Engine/Plugins/Runtime/Firebase/Firebase.uplugin" 626
"../../../Engine/Plugins/Runtime/GameInput/GameInput.uplugin" 627
"../../../Engine/Plugins/Runtime/GameplayBehaviorSmartObjects/GameplayBehaviorSmartObjects.uplugin" 628
"../../../Engine/Plugins/Runtime/GameplayStateTree/GameplayStateTree.uplugin" 629
"../../../Engine/Plugins/Runtime/ExternalGPUStatistics/ExternalGPUStatistics.uplugin" 630
"../../../Engine/Plugins/Runtime/GameplayAbilities/GameplayAbilities.uplugin" 631
"../../../Engine/Plugins/Runtime/GameplayInteractions/GameplayInteractions.uplugin" 632
"../../../Engine/Plugins/Runtime/GeometryCache/GeometryCache.uplugin" 633
"../../../Engine/Plugins/Runtime/GeoReferencing/GeoReferencing.uplugin" 634
"../../../Engine/Plugins/Runtime/GeometryScripting/GeometryScripting.uplugin" 635
"../../../Engine/Plugins/Runtime/GeometryProcessing/GeometryProcessing.uplugin" 636
"../../../Engine/Plugins/Runtime/GoogleCloudMessaging/GoogleCloudMessaging.uplugin" 637
"../../../Engine/Plugins/Runtime/GooglePAD/GooglePAD.uplugin" 638
"../../../Engine/Plugins/Runtime/HairStrands/HairStrands.uplugin" 639
"../../../Engine/Plugins/Runtime/Harmonix/Harmonix.uplugin" 640
"../../../Engine/Plugins/Runtime/HPMotionController/HPMotionController.uplugin" 641
"../../../Engine/Plugins/Runtime/HDRIBackdrop/HDRIBackdrop.uplugin" 642
"../../../Engine/Plugins/Runtime/InstancedActors/InstancedActors.uplugin" 643
"../../../Engine/Plugins/Runtime/InputDebugging/InputDebugging.uplugin" 644
"../../../Engine/Plugins/Runtime/HTTPChunkInstaller/HTTPChunkInstaller.uplugin" 645
"../../../Engine/Plugins/Runtime/IOSReplayKit/IOSReplayKit.uplugin" 646
"../../../Engine/Plugins/Runtime/LevelStreamingPersistence/LevelStreamingPersistence.uplugin" 647
"../../../Engine/Plugins/Runtime/IOSDeviceProfileSelector/IOSDeviceProfileSelector.uplugin" 648
"../../../Engine/Plugins/Runtime/LinuxDeviceProfileSelector/LinuxDeviceProfileSelector.uplugin" 649
"../../../Engine/Plugins/Runtime/LiveLinkOvernDisplay/LiveLinkOverNDisplay.uplugin" 650
"../../../Engine/Plugins/Runtime/LocationServicesIOSImpl/LocationServicesIOSImpl.uplugin" 651
"../../../Engine/Plugins/Runtime/LocationServicesBPLibrary/LocationServicesBPLibrary.uplugin" 652
"../../../Engine/Plugins/Runtime/LocationServicesAndroidImpl/LocationServicesAndroidImpl.uplugin" 653
"../../../Engine/Plugins/Runtime/MassGameplay/MassGameplay.uplugin" 654
"../../../Engine/Plugins/Runtime/MeshModelingToolset/MeshModelingToolset.uplugin" 655
"../../../Engine/Plugins/Runtime/Metasound/Metasound.uplugin" 656
"../../../Engine/Plugins/Runtime/MicrosoftSpatialAudio/MicroSoftSpatialSound.uplugin" 657
"../../../Engine/Plugins/Runtime/MIDIDevice/MIDIDevice.uplugin" 658
"../../../Engine/Plugins/Runtime/MixedRealityCaptureFramework/MixedRealityCaptureFramework.uplugin" 659
"../../../Engine/Plugins/Runtime/ModelViewViewModel/ModelViewViewModel.uplugin" 660
"../../../Engine/Plugins/Runtime/MobilePatchingUtils/MobilePatchingUtils.uplugin" 661
"../../../Engine/Plugins/Runtime/ModularGameplay/ModularGameplay.uplugin" 662
"../../../Engine/Plugins/Runtime/MsQuic/MsQuic.uplugin" 663
"../../../Engine/Plugins/Runtime/MultiServerReplication/MultiServerReplication.uplugin" 664
"../../../Engine/Plugins/Runtime/MusicEnvironment/MusicEnvironment.uplugin" 665
"../../../Engine/Plugins/Runtime/ModularViewports/ModularViewports.uplugin" 666
"../../../Engine/Plugins/Runtime/NavCorridor/NavCorridor.uplugin" 667
"../../../Engine/Plugins/Runtime/nDisplayModularFeatures/nDisplayModularFeatures.uplugin" 668
"../../../Engine/Plugins/Runtime/nDisplay/nDisplay.uplugin" 669
"../../../Engine/Plugins/Runtime/NetworkPrediction/NetworkPrediction.uplugin" 670
"../../../Engine/Plugins/Runtime/NetworkPredictionExtras/NetworkPredictionExtras.uplugin" 671
"../../../Engine/Plugins/Runtime/NetworkPredictionInsights/NetworkPredictionInsights.uplugin" 672
"../../../Engine/Plugins/Runtime/OpenXR/OpenXR.uplugin" 673
"../../../Engine/Plugins/Runtime/OpenXREyeTracker/OpenXREyeTracker.uplugin" 674
"../../../Engine/Plugins/Runtime/OpenXRHandTracking/OpenXRHandTracking.uplugin" 675
"../../../Engine/Plugins/Runtime/OpenXRMsftHandInteraction/OpenXRMsftHandInteraction.uplugin" 676
"../../../Engine/Plugins/Runtime/OpenXRViveTracker/OpenXRViveTracker.uplugin" 677
"../../../Engine/Plugins/Runtime/OptionalMobileFeaturesBPLibrary/OptionalMobileFeaturesBPLibrary.uplugin" 678
"../../../Engine/Plugins/Runtime/OSC/OSC.uplugin" 679
"../../../Engine/Plugins/Runtime/OpenCV/OpenCV.uplugin" 680
"../../../Engine/Plugins/Runtime/ProceduralMeshComponent/ProceduralMeshComponent.uplugin" 681
"../../../Engine/Plugins/Runtime/PropertyBindingUtils/PropertyBindingUtils.uplugin" 682
"../../../Engine/Plugins/Runtime/PICOController/PICOController.uplugin" 683
"../../../Engine/Plugins/Runtime/PropertyAccess/PropertyAccessEditor.uplugin" 684
"../../../Engine/Plugins/Runtime/RenderTrace/RenderTrace.uplugin" 685
"../../../Engine/Plugins/Runtime/ReplicationGraph/ReplicationGraph.uplugin" 686
"../../../Engine/Plugins/Runtime/PreLoadScreenMoviePlayer/PreLoadScreenMoviePlayer.uplugin" 687
"../../../Engine/Plugins/Runtime/ReplicationSystemTestPlugin/ReplicationSystemTestPlugin.uplugin" 688
"../../../Engine/Plugins/Runtime/ResonanceAudio/ResonanceAudio.uplugin" 689
"../../../Engine/Plugins/Runtime/RigVM/RigVM.uplugin" 690
"../../../Engine/Plugins/Runtime/ScriptableToolsFramework/ScriptableToolsFramework.uplugin" 691
"../../../Engine/Plugins/Runtime/SignificanceManager/SignificanceManager.uplugin" 692
"../../../Engine/Plugins/Runtime/SkeletalMerging/SkeletalMerging.uplugin" 693
"../../../Engine/Plugins/Runtime/SmartObjects/SmartObjects.uplugin" 694
"../../../Engine/Plugins/Runtime/SoundCueTemplates/SoundCueTemplates.uplugin" 695
"../../../Engine/Plugins/Runtime/SoundFields/SoundFields.uplugin" 696
"../../../Engine/Plugins/Runtime/SoundMod/SoundMod.uplugin" 697
"../../../Engine/Plugins/Runtime/Soundscape/Soundscape.uplugin" 698
"../../../Engine/Plugins/Runtime/Spatialization/Spatialization.uplugin" 699
"../../../Engine/Plugins/Runtime/StateTree/StateTree.uplugin" 700
"../../../Engine/Plugins/Runtime/SunPosition/SunPosition.uplugin" 701
"../../../Engine/Plugins/Runtime/USDCore/USDCore.uplugin" 702
"../../../Engine/Plugins/Runtime/Synthesis/Synthesis.uplugin" 703
"../../../Engine/Plugins/Runtime/WarpUtils/WarpUtils.uplugin" 704
"../../../Engine/Plugins/Runtime/WaveTable/WaveTable.uplugin" 705
"../../../Engine/Plugins/Runtime/SoundUtilities/SoundUtilities.uplugin" 706
"../../../Engine/Plugins/Runtime/WebBrowserNativeProxy/WebBrowserNativeProxy.uplugin" 707
"../../../Engine/Plugins/Runtime/WebBrowserWidget/WebBrowserWidget.uplugin" 708
"../../../Engine/Plugins/Runtime/WebMMoviePlayer/WebMMoviePlayer.uplugin" 709
"../../../Engine/Plugins/Runtime/WindowsDeviceProfileSelector/WindowsDeviceProfileSelector.uplugin" 710
"../../../Engine/Plugins/Runtime/XRBase/XRBase.uplugin" 711
"../../../Engine/Plugins/Runtime/WorldConditions/WorldConditions.uplugin" 712
"../../../Engine/Plugins/Runtime/WindowsMoviePlayer/WindowsMoviePlayer.uplugin" 713
"../../../Engine/Plugins/VirtualProduction/DMX/DatasmithMVR/DatasmithMVR.uplugin" 714
"../../../Engine/Plugins/Runtime/ZoneGraph/ZoneGraph.uplugin" 715
"../../../Engine/Plugins/Runtime/ZoneGraphAnnotations/ZoneGraphAnnotations.uplugin" 716
"../../../Engine/Plugins/VirtualProduction/DMX/DMXControlConsole/DMXControlConsole.uplugin" 717
"../../../Engine/Plugins/VirtualProduction/DMX/DMXDisplayCluster/DMXDisplayCluster.uplugin" 718
"../../../Engine/Plugins/VirtualProduction/DMX/DMXEngine/DMXEngine.uplugin" 719
"../../../Engine/Plugins/VirtualProduction/DMX/DMXFixtures/DMXFixtures.uplugin" 720
"../../../Engine/Plugins/VirtualProduction/DMX/DMXGDTF/DMXGDTF.uplugin" 721
"../../../Engine/Plugins/VirtualProduction/DMX/DMXPixelMapping/DMXPixelMapping.uplugin" 722
"../../../Engine/Plugins/VirtualProduction/DMX/DMXProtocol/DMXProtocol.uplugin" 723
"../../../Engine/Plugins/VirtualProduction/DMX/DMXModularFeatures/DMXModularFeatures.uplugin" 724
"../../../Engine/Plugins/Runtime/Database/DatabaseSupport/DatabaseSupport.uplugin" 725
"../../../Engine/Plugins/Runtime/Database/RemoteDatabaseSupport/RemoteDatabaseSupport.uplugin" 726
"../../../Engine/Plugins/Runtime/Database/SQLiteSupport/SQLiteSupport.uplugin" 727
"../../../Engine/Plugins/VirtualProduction/Rivermax/RivermaxCore/RivermaxCore.uplugin" 728
"../../../Engine/Plugins/Runtime/Database/SQLiteCore/SQLiteCore.uplugin" 729
"../../../Engine/Plugins/VirtualProduction/Rivermax/RivermaxMedia/RivermaxMedia.uplugin" 730
"../../../Engine/Plugins/VirtualProduction/Rivermax/RivermaxSync/RivermaxSync.uplugin" 731
"../../../Engine/Plugins/Animation/AudioDrivenAnimation/StreamingADA/StreamingADA.uplugin" 732
"../../../Engine/Plugins/Editor/Localization/PortableObjectFileDataSource/PortableObjectFileDataSource.uplugin" 733
"../../../Engine/Plugins/Developer/Concert/ConcertMain/ConcertMain.uplugin" 734
"../../../Engine/Plugins/Experimental/AVCodecs/AMFCodecs/AMFCodecs.uplugin" 735
"../../../Engine/Plugins/Experimental/AVCodecs/AVCodecsCore/AVCodecsCore.uplugin" 736
"../../../Engine/Plugins/Experimental/AVCodecs/LibVpxCodecs/LibVpxCodecs.uplugin" 737
"../../../Engine/Plugins/Experimental/AVCodecs/WMFCodecs/WMFCodecs.uplugin" 738
"../../../Engine/Plugins/Experimental/AVCodecs/VTCodecs/VTCodecs.uplugin" 739
"../../../Engine/Plugins/Experimental/AVCodecs/NVCodecs/NVCodecs.uplugin" 740
"../../../Engine/Plugins/Runtime/Advertising/IOSTapJoy/IOSTapJoy.uplugin" 741
"../../../Engine/Plugins/Experimental/NNE/NNEModelTests/NNEModelTests.uplugin" 742
"../../../Engine/Plugins/Editor/ContentBrowser/ContentBrowserAliasDataSource/ContentBrowserAliasDataSource.uplugin" 743
"../../../Engine/Plugins/Editor/ContentBrowser/ContentBrowserAssetDataSource/ContentBrowserAssetDataSource.uplugin" 744
"../../../Engine/Plugins/Editor/ContentBrowser/ContentBrowserClassDataSource/ContentBrowserClassDataSource.uplugin" 745
"../../../Engine/Plugins/Editor/ContentBrowser/ContentBrowserFileDataSource/ContentBrowserFileDataSource.uplugin" 746
"../../../Engine/Plugins/Experimental/Animation/AnimDatabase/AnimDatabase.uplugin" 747
"../../../Engine/Plugins/Experimental/Animation/AnimationLayering/AnimationLayering.uplugin" 748
"../../../Engine/Plugins/Experimental/Animation/AnimGen/AnimGen.uplugin" 749
"../../../Engine/Plugins/Experimental/Animation/ContextualAnimation/ContextualAnimation.uplugin" 750
"../../../Engine/Plugins/Experimental/Animation/CurveExpression/CurveExpression.uplugin" 751
"../../../Engine/Plugins/Experimental/Animation/HierarchyTable/HierarchyTable.uplugin" 752
"../../../Engine/Plugins/Experimental/Animation/DirectMeshControl/DirectMeshControl.uplugin" 753
"../../../Engine/Plugins/Experimental/Animation/HierarchyTableAnimation/HierarchyTableAnimation.uplugin" 754
"../../../Engine/Plugins/Experimental/Animation/Locomotor/Locomotor.uplugin" 755
"../../../Engine/Plugins/Experimental/Animation/MotionTrajectory/MotionTrajectory.uplugin" 756
"../../../Engine/Plugins/Experimental/Animation/Optimus/Optimus.uplugin" 757
"../../../Engine/Plugins/Experimental/Animation/RelativeIKOp/RelativeIKOp.uplugin" 758
"../../../Engine/Plugins/Experimental/Animation/RigMapperOp/RigMapperOp.uplugin" 759
"../../../Engine/Plugins/Experimental/Animation/RigMapper/RigMapper.uplugin" 760
"../../../Engine/Plugins/Experimental/Animation/Scribble/Scribble.uplugin" 761
"../../../Engine/Plugins/Experimental/Animation/SkeletalMeshMorphTargetEditingTools/SkeletalMeshMorphTargetEditingTools.uplugin" 762
"../../../Engine/Plugins/Experimental/Animation/TrajectoryTools/TrajectoryTools.uplugin" 763
"../../../Engine/Plugins/Experimental/InterchangeAxF/Assets/InterchangeAxfAssets.uplugin" 764
"../../../Engine/Plugins/Experimental/InterchangeAxF/Runtime/InterchangeAxF.uplugin" 765
"../../../Engine/Plugins/Experimental/Microsoft/GDKPlatformDLC/GDKPlatformDLC.uplugin" 766
"../../../Engine/Plugins/Experimental/Enterprise/DataprepGeometryOperations/DataprepGeometryOperations.uplugin" 767
"../../../Engine/Plugins/Experimental/Enterprise/DatasmithInterchange/DatasmithInterchange.uplugin" 768
"../../../Engine/Plugins/Experimental/Enterprise/DatasmithRuntime/DatasmithRuntime.uplugin" 769
"../../../Engine/Plugins/Experimental/UAF/UAFAnimGraph/UAFAnimGraph.uplugin" 770
"../../../Engine/Plugins/Experimental/UAF/UAFChooser/UAFChooser.uplugin" 771
"../../../Engine/Plugins/Experimental/UAF/UAFControlRig/UAFControlRig.uplugin" 772
"../../../Engine/Plugins/Experimental/UAF/UAFAnimNode/UAFAnimNode.uplugin" 773
"../../../Engine/Plugins/Experimental/UAF/UAF/UAF.uplugin" 774
"../../../Engine/Plugins/Experimental/UAF/UAFLayering/UAFLayering.uplugin" 775
"../../../Engine/Plugins/Experimental/UAF/UAFMass/UAFMass.uplugin" 776
"../../../Engine/Plugins/Experimental/UAF/UAFStateTree/UAFStateTree.uplugin" 777
"../../../Engine/Plugins/Experimental/UAF/UAFPoseSearch/UAFPoseSearch.uplugin" 778
"../../../Engine/Plugins/Experimental/UAF/UAFWarping/UAFWarping.uplugin" 779
"../../../Engine/Plugins/Experimental/UAF/UAFSharedAssets/UAFSharedAssets.uplugin" 780
"../../../Engine/Plugins/Experimental/UAF/UAFTestSuites/UAFTestSuites.uplugin" 781
"../../../Engine/Plugins/Experimental/CharacterFXEditor/BaseCharacterFXEditor/BaseCharacterFXEditor.uplugin" 782
"../../../Engine/Plugins/Experimental/CharacterFXEditor/ExampleCharacterFXEditor/ExampleCharacterFXEditor.uplugin" 783
"../../../Engine/Plugins/Experimental/Web/WebAPI/WebAPI.uplugin" 784
"../../../Engine/Plugins/Experimental/UAF/UAFMirroring/UAFMirroring.uplugin" 785
"../../../Engine/Plugins/Runtime/Windows/MSGameOSSSelector/MSGameOSSSelector.uplugin" 786
"../../../Engine/Plugins/Experimental/PCGInterops/PCGFastGeoInterop/PCGFastGeoInterop.uplugin" 787
"../../../Engine/Plugins/Experimental/PCGInterops/PCGWaterInterop/PCGWaterInterop.uplugin" 788
"../../../Engine/Plugins/Runtime/Windows/MSGameStore/MSGameStore.uplugin" 789
"../../../Engine/Plugins/Experimental/PCGInterops/PCGNaniteAssembliesInterop/PCGNaniteAssembliesInterop.uplugin" 790
"../../../Engine/Plugins/Runtime/Windows/MSGamingSupport/MSGamingSupport.uplugin" 791
"../../../Engine/Plugins/Experimental/PCGInterops/PCGInstancedActorsInterop/PCGInstancedActorsInterop.uplugin" 792
"../../../Engine/Plugins/Runtime/Windows/WinVirtualKeyboard/WinVirtualKeyboard.uplugin" 793
"../../../Engine/Plugins/Runtime/Windows/MSGamingRuntime/MSGamingRuntime.uplugin" 794
"../../../Engine/Plugins/Runtime/Windows/XInputDevice/XInputDevice.uplugin" 795
"../../../Engine/Plugins/Experimental/PCGInterops/PCGNiagaraInterop/PCGNiagaraInterop.uplugin" 796
"../../../Engine/Plugins/Online/Microsoft/GDKNetDriver/GDKNetDriver.uplugin" 797
"../../../Engine/Plugins/Runtime/Windows/WinDualShock/WinDualShock.uplugin" 798
"../../../Engine/Plugins/Online/Microsoft/OnlineServicesXbl/OnlineServicesXbl.uplugin" 799
"../../../Engine/Plugins/Online/Microsoft/PlayFabParty/PlayFabParty.uplugin" 800
"../../../Engine/Plugins/Online/Microsoft/OnlineSubsystemGDK/OnlineSubsystemGDK.uplugin" 801
"../../../Engine/Plugins/Experimental/VirtualProduction/LedWallCalibration/LedWallCalibration.uplugin" 802
"../../../Engine/Plugins/Experimental/VirtualProduction/VPRoles/VPRoles.uplugin" 803
"../../../Engine/Plugins/Experimental/VirtualProduction/VPSettings/VPSettings.uplugin" 804
"../../../Engine/Plugins/Experimental/Toolsets/AllToolsets/AllToolsets.uplugin" 805
"../../../Engine/Plugins/Experimental/Toolsets/AIModuleToolset/AIModuleToolset.uplugin" 806
"../../../Engine/Plugins/Experimental/Toolsets/AnimationAssistantToolset/AnimationAssistantToolset.uplugin" 807
"../../../Engine/Plugins/Experimental/Toolsets/AutomationTestToolset/AutomationTestToolset.uplugin" 808
"../../../Engine/Plugins/Experimental/Toolsets/ChaosClothAssetToolset/ChaosClothAssetToolset.uplugin" 809
"../../../Engine/Plugins/Experimental/Toolsets/ConfigSettingsToolset/ConfigSettingsToolset.uplugin" 810
"../../../Engine/Plugins/Experimental/Toolsets/ConversationToolset/ConversationToolset.uplugin" 811
"../../../Engine/Plugins/Experimental/Toolsets/DataflowAgent/DataflowAgent.uplugin" 812
"../../../Engine/Plugins/Experimental/Toolsets/DataRegistryToolset/DataRegistryToolset.uplugin" 813
"../../../Engine/Plugins/Experimental/Toolsets/GameFeaturesToolset/GameFeaturesToolset.uplugin" 814
"../../../Engine/Plugins/Experimental/Toolsets/GASToolsets/GASToolsets.uplugin" 815
"../../../Engine/Plugins/Experimental/Toolsets/EditorToolset/EditorToolset.uplugin" 816
"../../../Engine/Plugins/Experimental/Toolsets/LiveCodingToolset/LiveCodingToolset.uplugin" 817
"../../../Engine/Plugins/Experimental/Toolsets/MetaHumanGenerator/MetaHumanGenerator.uplugin" 818
"../../../Engine/Plugins/Experimental/Toolsets/NiagaraToolsets/NiagaraToolsets.uplugin" 819
"../../../Engine/Plugins/Experimental/Toolsets/MCPClientToolset/MCPClientToolset.uplugin" 820
"../../../Engine/Plugins/Experimental/Toolsets/MVVMToolset/MVVMToolset.uplugin" 821
"../../../Engine/Plugins/Experimental/Toolsets/GameplayTagsToolset/GameplayTagsToolset.uplugin" 822
"../../../Engine/Plugins/Experimental/Toolsets/PluginToolset/PluginToolset.uplugin" 823
"../../../Engine/Plugins/Experimental/Toolsets/SequencerAnimMixerToolset/SequencerAnimMixerToolset.uplugin" 824
"../../../Engine/Plugins/Experimental/Toolsets/SemanticSearchToolset/SemanticSearchToolset.uplugin" 825
"../../../Engine/Plugins/Experimental/Toolsets/UMGToolSet/UMGToolSet.uplugin" 826
"../../../Engine/Plugins/Experimental/Toolsets/PCGToolset/PCGToolset.uplugin" 827
"../../../Engine/Plugins/Experimental/Toolsets/StateTreeToolset/StateTreeToolset.uplugin" 828
"../../../Engine/Plugins/Experimental/Toolsets/PhysicsToolsets/PhysicsToolsets.uplugin" 829
"../../../Engine/Plugins/Experimental/Toolsets/SlateInspectorToolset/SlateInspectorToolset.uplugin" 830
"../../../Engine/Plugins/Experimental/Toolsets/WorldConditionsToolset/WorldConditionsToolset.uplugin" 831
"../../../Engine/Plugins/Animation/MLDeformer/ChaosClothGenerator/ChaosClothGenerator.uplugin" 832
"../../../Engine/Plugins/Animation/MLDeformer/MLDeformerFramework/MLDeformerFramework.uplugin" 833
"../../../Engine/Plugins/Animation/MLDeformer/ChaosFleshGenerator/ChaosFleshGenerator.uplugin" 834
"../../../Engine/Plugins/Animation/MLDeformer/NearestNeighborModel/NearestNeighborModel.uplugin" 835
"../../../Engine/Plugins/Animation/MLDeformer/NeuralMorphModel/NeuralMorphModel.uplugin" 836
"../../../Engine/Plugins/Animation/MLDeformer/VertexDeltaModel/VertexDeltaModel.uplugin" 837
"../../../Engine/Plugins/Developer/Sandbox/FileSandbox/FileSandbox.uplugin" 838
"../../../Engine/Plugins/Experimental/MetaHuman/MetaHumanCharacterUAF/MetaHumanCharacterUAF.uplugin" 839
"../../../Engine/Plugins/Developer/Sandbox/SandboxedEditing/SandboxedEditing.uplugin" 840
"../../../Engine/Plugins/Experimental/MetaHuman/MetaHumanCalibrationDiagnostics/MetaHumanCalibrationDiagnostics.uplugin" 841
"../../../Engine/Plugins/Experimental/MetaHuman/MetaHumanRuntime/MetaHumanRuntime.uplugin" 842
"../../../Engine/Plugins/Runtime/MeshReconstruction/DummyMeshReconstructor/DummyMeshReconstructor.uplugin" 843
"../../../Engine/Plugins/Runtime/AR/ARUtilities/ARUtilities.uplugin" 844
"../../../Engine/Plugins/Runtime/Steam/SteamController/SteamController.uplugin" 845
"../../../Engine/Plugins/Runtime/Steam/SteamAudio/SteamAudio.uplugin" 846
"../../../Engine/Plugins/Runtime/Steam/SteamShared/SteamShared.uplugin" 847
"../../../Engine/Plugins/Runtime/Steam/SteamSockets/SteamSockets.uplugin" 848
"../../../Engine/Plugins/Runtime/Microsoft/GDKVirtualKeyboard/GDKVirtualKeyboard.uplugin" 849
"../../../Engine/Plugins/Runtime/XR/XRVisualization/XRVisualization.uplugin" 850
"../../../Engine/Plugins/Runtime/XR/XRScribe/XRScribe.uplugin" 851
"../../../Engine/Plugins/VirtualProduction/CaptureManager/CaptureManagerCore/CaptureManagerCore.uplugin" 852
"../../../Engine/Plugins/Runtime/Microsoft/GDKPackageChunkInstall/GDKPackageChunkInstall.uplugin" 853
"../../../Engine/Plugins/VirtualProduction/CaptureManager/CaptureManagerDevices/CaptureManagerDevices.uplugin" 854
"../../../Engine/Plugins/VirtualProduction/CaptureManager/CaptureManagerApp/CaptureManagerApp.uplugin" 855
"../../../Engine/Plugins/VirtualProduction/CaptureManager/CaptureManagerEditor/CaptureManagerEditor.uplugin" 856
"../../../Engine/Plugins/Runtime/Analytics/AnalyticsBlueprintLibrary/AnalyticsBlueprintLibrary.uplugin" 857
"../../../Engine/Plugins/Runtime/Analytics/Adjust/Adjust.uplugin" 858
"../../../Engine/Plugins/Runtime/Analytics/AnalyticsMulticast/AnalyticsMulticast.uplugin" 859
"../../../Engine/Plugins/Runtime/Nvidia/Reflex/Reflex.uplugin" 860
"../../../Engine/Plugins/Runtime/Analytics/FileLogging/FileLogging.uplugin" 861
"../../../Engine/Plugins/Runtime/Nvidia/GeForceNOWWrapper/GeForceNOWWrapper.uplugin" 862
"../../../Engine/Plugins/Interchange/Extensions/ChaosClothAsset/InterchangeChaosClothAsset.uplugin" 863
"../../../Engine/Plugins/Interchange/Extensions/OpenUSD/InterchangeOpenUSD.uplugin" 864
"../../../Engine/Plugins/Interchange/Extensions/OpenVDB/InterchangeOpenVDB.uplugin" 865
"../../../Engine/Plugins/Online/Android/AndroidFetchBackgroundDownload/AndroidFetchBackgroundDownload.uplugin" 866
"../../../Engine/Plugins/Interchange/Extensions/OpenUSDChaosClothAsset/InterchangeOpenUSDChaosClothAsset.uplugin" 867
"../../../Engine/Plugins/Runtime/PacketHandlers/AESGCMHandlerComponent/AESGCMHandlerComponent.uplugin" 868
"../../../Engine/Plugins/Online/Android/OnlineSubsystemGooglePlay/OnlineSubsystemGooglePlay.uplugin" 869
"../../../Engine/Plugins/Runtime/PacketHandlers/DTLSHandlerComponent/DTLSHandlerComponent.uplugin" 870
"../../../Engine/Plugins/Online/IOS/OnlineSubsystemIOS/OnlineSubsystemIOS.uplugin" 871
"../../../Engine/Plugins/Runtime/PacketHandlers/AESHandlerComponent/AESHandlerComponent.uplugin" 872
"../../../Engine/Plugins/Editor/ObjectMixer/LightMixer/LightMixer.uplugin" 873
"../../../Engine/Plugins/Online/VoiceChat/EOSVoiceChat/EOSVoiceChat.uplugin" 874
"../../../Engine/Plugins/Editor/ObjectMixer/ObjectMixer/ObjectMixer.uplugin" 875
"../../../Engine/Plugins/Online/VoiceChat/VoiceChat/VoiceChat.uplugin" 876
"../../../Engine/Plugins/Experimental/Animation/MLDeformer/DetailPoseModel/DetailPoseModel.uplugin" 877
"../../../Engine/Plugins/Developer/Concert/ConcertInsights/ConcertInsightsCore/ConcertInsightsCore.uplugin" 878
"../../../Engine/Plugins/Developer/Concert/ConcertInsights/ConcertInsightsClient/ConcertInsightsClient.uplugin" 879
"../../../Engine/Plugins/Developer/Concert/ConcertInsights/ConcertInsightsServer/ConcertInsightsServer.uplugin" 880
"../../../Engine/Plugins/Runtime/AR/Google/GoogleARCoreServices/GoogleARCoreServices.uplugin" 881
"../../../Engine/Plugins/Runtime/AR/Google/GoogleARCore/GoogleARCore.uplugin" 882
"../../../Engine/Plugins/Developer/Concert/ConcertSync/ConcertSyncClient/ConcertSyncClient.uplugin" 883
"../../../Engine/Plugins/Developer/Concert/ConcertSync/ConcertSyncCore/ConcertSyncCore.uplugin" 884
"../../../Engine/Plugins/Developer/Concert/ConcertInsights/ConcertInsightsVisualizer/ConcertInsightsVisualizer.uplugin" 885
"../../../Engine/Plugins/Developer/Concert/ConcertSync/ConcertSyncServer/ConcertSyncServer.uplugin" 886
"../../../Engine/Plugins/Developer/Concert/ConcertSync/ConcertSyncTest/ConcertSyncTest.uplugin" 887
"../../../Engine/Plugins/Runtime/AR/AppleAR/AppleARKit/AppleARKit.uplugin" 888
"../../../Engine/Plugins/Developer/Concert/ConcertApp/MultiUserClient/MultiUserClient.uplugin" 889
"../../../Engine/Plugins/Developer/Concert/ConcertApp/DisasterRecoveryClient/DisasterRecoveryClient.uplugin" 890
"../../../Engine/Plugins/Runtime/AR/AppleAR/AppleARKitFaceSupport/AppleARKitFaceSupport.uplugin" 891
"../../../Engine/Plugins/Developer/Concert/ConcertUI/ConcertClientSharedSlate/ConcertClientSharedSlate.uplugin" 892
"../../../Engine/Plugins/Developer/Concert/ConcertUI/ConcertSharedSlate/ConcertSharedSlate.uplugin" 893
"../../../Engine/Plugins/Developer/Concert/ConcertScripting/ConcertReplicationScripting/ConcertReplicationScripting.uplugin" 894
"../../../Engine/Plugins/Developer/Concert/ConcertApp/MultiUserServer/MultiUserServer.uplugin" 895
"../../../Engine/Platforms/Android/Plugins/Animation/ACLPlugin/ACLPlugin_Android.uplugin" 896
"../../../Engine/Platforms/Android/Plugins/Animation/RigLogic/RigLogic_Android.uplugin" 897
"../../../Engine/Platforms/IOS/Plugins/Animation/RigLogic/RigLogic_IOS.uplugin" 898
"../../../Engine/Content/Internationalization/icudt64l/cnvalias.icu" 899
"../../../Engine/Content/Internationalization/icudt64l/res_index.res" 900
"../../../Engine/Content/Internationalization/icudt64l/plurals.res" 901
"../../../Engine/Content/Internationalization/icudt64l/lang/zh_CN.res" 902
"../../../Engine/Content/Internationalization/icudt64l/lang/pool.res" 903
"../../../Engine/Content/Internationalization/icudt64l/lang/zh_Hans_CN.res" 904
"../../../Engine/Content/Internationalization/icudt64l/lang/zh_Hans.res" 905
"../../../Engine/Content/Internationalization/icudt64l/lang/zh.res" 906
"../../../Engine/Content/Internationalization/icudt64l/lang/root.res" 907
"../../../Engine/Content/Internationalization/icudt64l/region/zh_CN.res" 908
"../../../Engine/Content/Internationalization/icudt64l/region/pool.res" 909
"../../../Engine/Content/Internationalization/icudt64l/region/zh_Hans_CN.res" 910
"../../../Engine/Content/Internationalization/icudt64l/region/zh_Hans.res" 911
"../../../Engine/Content/Internationalization/icudt64l/region/zh.res" 912
"../../../Engine/Content/Internationalization/icudt64l/region/root.res" 913
"../../../Engine/Content/Internationalization/icudt64l/lang/en.res" 914
"../../../Engine/Content/Internationalization/icudt64l/region/en.res" 915
"../../../Engine/Content/Internationalization/icudt64l/windowsZones.res" 916
"../../../Engine/Content/Internationalization/icudt64l/zoneinfo64.res" 917
"../../../Engine/Content/Internationalization/icudt64l/keyTypeData.res" 918
"../../../Engine/Content/Internationalization/icudt64l/timezoneTypes.res" 919
"../../../Engine/Content/Internationalization/icudt64l/likelySubtags.res" 920
"../../../Engine/Content/Internationalization/icudt64l/zh_CN.res" 921
"../../../Engine/Content/Internationalization/icudt64l/pool.res" 922
"../../../Engine/Content/Internationalization/icudt64l/zh_Hans_CN.res" 923
"../../../Engine/Content/Internationalization/icudt64l/zh_Hans.res" 924
"../../../Engine/Content/Internationalization/icudt64l/zh.res" 925
"../../../Engine/Content/Internationalization/icudt64l/root.res" 926
"../../../Engine/Content/Internationalization/icudt64l/supplementalData.res" 927
"../../../Engine/Config/ConfigRedirects.ini" 928
"C:/Users/jessi/AppData/Local/UnrealEngine/5.8/Saved/Config/WindowsEditor/Manifest.ini" 929
"../../../Engine/Config/BaseEngine.ini" 930
"../../../Engine/Config/Windows/BaseWindowsEngine.ini" 931
"../../../../github test/Gamejam/Config/DefaultEngine.ini" 932
"../../../Engine/Config/BaseGame.ini" 933
"../../../Engine/Config/Windows/BaseWindowsGame.ini" 934
"../../../../github test/Gamejam/Config/DefaultGame.ini" 935
"../../../Engine/Config/Windows/WindowsGame.ini" 936
"D:/github test/Gamejam/Saved/Config/WindowsEditor/Game.ini" 937
"../../../Engine/Config/BaseInput.ini" 938
"../../../Engine/Config/Windows/BaseWindowsInput.ini" 939
"../../../../github test/Gamejam/Config/DefaultInput.ini" 940
"../../../Engine/Config/Windows/WindowsInput.ini" 941
"../../../Engine/Config/BaseDeviceProfiles.ini" 942
"../../../Engine/Config/BaseGameUserSettings.ini" 943
"D:/github test/Gamejam/Saved/Config/WindowsEditor/GameUserSettings.ini" 944
"../../../Engine/Config/BaseScalability.ini" 945
"../../../Engine/Config/BaseRuntimeOptions.ini" 946
"../../../Engine/Config/BaseInstallBundle.ini" 947
"../../../Engine/Config/BaseHardware.ini" 948
"../../../Engine/Config/BaseCompat.ini" 949
"../../../Engine/Config/BaseLightmass.ini" 950
"../../../Engine/Config/BaseEditor.ini" 951
"../../../../github test/Gamejam/Config/DefaultEditor.ini" 952
"D:/github test/Gamejam/Saved/Config/WindowsEditor/Editor.ini" 953
"../../../Engine/Config/BaseMaterialExpressions.ini" 954
"../../../Engine/Config/BaseEditorPerProjectUserSettings.ini" 955
"../../../../github test/Gamejam/Config/DefaultEditorPerProjectUserSettings.ini" 956
"../../../Engine/Config/Windows/WindowsEditorPerProjectUserSettings.ini" 957
"D:/github test/Gamejam/Saved/Config/WindowsEditor/EditorPerProjectUserSettings.ini" 958
"../../../Engine/Config/BaseEditorSettings.ini" 959
"../../../Engine/Config/Windows/WindowsEditorSettings.ini" 960
"C:/Users/jessi/AppData/Local/UnrealEngine/5.8/Saved/Config/WindowsEditor/EditorSettings.ini" 961
"../../../Engine/Config/BaseEditorKeyBindings.ini" 962
"C:/Users/jessi/AppData/Local/UnrealEngine/5.8/Saved/Config/WindowsEditor/EditorLayout.ini" 963
"../../../Engine/Config/Android/BaseAndroidEngine.ini" 964
"../../../Engine/Config/IOS/BaseIOSEngine.ini" 965
"../../../Engine/Config/Mac/BaseMacEngine.ini" 966
"../../../Engine/Config/Linux/BaseLinuxEngine.ini" 967
"../../../Engine/Config/Android/AndroidEngine.ini" 968
"../../../Engine/Platforms/VisionOS/Config/BaseVisionOSEngine.ini" 969
"../../../Engine/Config/Unix/UnixEngine.ini" 970
"../../../Engine/Config/TVOS/TVOSEngine.ini" 971
"../../../Engine/Platforms/VisionOS/Config/VisionOSEngine.ini" 972
"../../../Engine/Config/Linux/LinuxEngine.ini" 973
"../../../Engine/Config/IOS/BaseIOSGame.ini" 974
"../../../Engine/Config/Android/BaseAndroidGame.ini" 975
"../../../Engine/Config/IOS/IOSGame.ini" 976
"../../../Engine/Config/Mac/MacGame.ini" 977
"D:/UE_5.8/Engine/Config/BaseEngine.ini" 978
"D:/UE_5.8/Engine/Config/Windows/BaseWindowsEngine.ini" 979
"../../../Engine/Config/Mac/BaseMacInput.ini" 980
"../../../Engine/Config/Android/BaseAndroidInput.ini" 981
"../../../Engine/Config/IOS/BaseIOSInput.ini" 982
"../../../Engine/Config/Linux/LinuxGame.ini" 983
"../../../../github test/Gamejam/Intermediate/CachedAssetRegistry/CachedAssetRegistry_0.ref" 984
"../../../../github test/Gamejam/Binaries/Win64/Gamejam.target" 985
"../../../../github test/Gamejam/Intermediate/CachedAssetRegistry/CachedAssetRegistry_0_A74BAC14412F58349F4B138809304C10.bin" 986
"../../../Engine/Binaries/Win64/BootstrapPackagedGame-Win64-Shipping.target" 987
"../../../Engine/Binaries/Win64/BuildPatchTool-Win64-Shipping.target" 988
"../../../Engine/Config/Android/AndroidScalability.ini" 989
"../../../Engine/Config/IOS/IOSScalability.ini" 990
"../../../Engine/Binaries/Win64/CrashReportClient-Win64-Shipping.target" 991
"../../../Engine/Binaries/Win64/CrashReportClientEditor-Win64-Shipping.target" 992
"../../../Engine/Binaries/Win64/DatasmithCADWorker.target" 993
"../../../Engine/Binaries/Win64/EpicWebHelper-Win64-Shipping.target" 994
"../../../Engine/Config/Android/BaseAndroidInstallBundle.ini" 995
"../../../Engine/Config/IOS/BaseIOSInstallBundle.ini" 996
"../../../Engine/Binaries/Win64/InterchangeWorker.target" 997
"../../../Engine/Binaries/Win64/LiveCodingConsole.target" 998
"../../../Engine/Binaries/Win64/LiveLinkHub.target" 999
"../../../Engine/Binaries/Win64/ShaderCompileWorker.target" 1000
"../../../Engine/Binaries/Win64/SwitchboardListener.target" 1001
"../../../Engine/Binaries/Win64/SwitchboardListenerHelper.target" 1002
"../../../Engine/Binaries/Win64/UnrealAssetStringify.target" 1003
"../../../Engine/Binaries/Win64/UnrealEditor-Win64-DebugGame.target" 1004
"../../../Engine/Binaries/Win64/UnrealEditor.target" 1005
"../../../Engine/Config/PluginBase.ini" 1006
"../../../Engine/Plugins/ChaosVD/Config/DefaultChaosVD.ini" 1007
"../../../Engine/Plugins/EnhancedInput/Config/DefaultEnhancedInput.ini" 1008
"../../../Engine/Plugins/Mutable/Config/DefaultMutable.ini" 1009
"../../../Engine/Plugins/PCG/Config/DefaultPCG.ini" 1010
"../../../Engine/Plugins/TraceUtilities/Config/DefaultTraceUtilities.ini" 1011
"../../../Engine/Plugins/Fab/Config/DefaultFab.ini" 1012
"../../../Engine/Plugins/Compositing/CompositeCore/Config/DefaultCompositeCore.ini" 1013
"../../../Engine/Plugins/Cameras/GameplayCameras/Config/DefaultGameplayCameras.ini" 1014
"../../../Engine/Plugins/Editor/ConsoleVariablesEditor/Config/DefaultConsoleVariables.ini" 1015
"../../../Engine/Plugins/Editor/EditorScriptingUtilities/Config/DefaultEditorScriptingUtilities.ini" 1016
"../../../Engine/Plugins/Experimental/ControlRigPhysics/Config/DefaultControlRigPhysics.ini" 1017
"../../../Engine/Plugins/Experimental/FullBodyIK/Config/DefaultFullBodyIK.ini" 1018
"../../../Engine/Plugins/Experimental/ToolPresets/Config/DefaultToolPresets.ini" 1019
"../../../Engine/Plugins/FX/Niagara/Config/DefaultNiagara.ini" 1020
"../../../Engine/Plugins/MetaHuman/MetaHumanSDK/Config/DefaultMetaHumanSDK.ini" 1021
"../../../Engine/Plugins/VirtualProduction/Takes/Config/DefaultTakes.ini" 1022
"../../../Engine/Plugins/2D/Paper2D/Config/DefaultPaper2D.ini" 1023
"../../../Engine/Plugins/Animation/ControlRig/Config/DefaultControlRig.ini" 1024
"../../../Engine/Plugins/Animation/DeformerGraph/Config/DefaultDeformerGraph.ini" 1025
"../../../Engine/Plugins/Animation/IKRig/Config/DefaultIKRig.ini" 1026
"../../../Engine/Plugins/Animation/PhysicsControl/Config/DefaultPhysicsControl.ini" 1027
"../../../Engine/Plugins/Animation/RigLogic/Config/DefaultRigLogic.ini" 1028
"../../../Engine/Plugins/Enterprise/DatasmithContent/Config/DefaultDatasmithContent.ini" 1029
"../../../Engine/Plugins/Enterprise/GLTFExporter/Config/DefaultGLTFExporter.ini" 1030
"../../../Engine/Plugins/Enterprise/VariantManagerContent/Config/DefaultVariantManagerContent.ini" 1031
"../../../Engine/Plugins/Interchange/Assets/Config/DefaultInterchangeAssets.ini" 1032
"../../../Engine/Plugins/Interchange/Runtime/Config/DefaultInterchange.ini" 1033
"../../../Engine/Plugins/Runtime/GameplayStateTree/Config/DefaultGameplayStateTree.ini" 1034
"../../../Engine/Plugins/Runtime/HairStrands/Config/DefaultHairStrands.ini" 1035
"../../../Engine/Plugins/Runtime/Metasound/Config/DefaultMetasound.ini" 1036
"../../../Engine/Plugins/Runtime/ModelViewViewModel/Config/DefaultModelViewViewModel.ini" 1037
"../../../Engine/Plugins/Runtime/PropertyBindingUtils/Config/DefaultPropertyBindingUtils.ini" 1038
"../../../Engine/Plugins/Runtime/RigVM/Config/DefaultRigVM.ini" 1039
"../../../Engine/Plugins/Runtime/StateTree/Config/DefaultStateTree.ini" 1040
"../../../Engine/Plugins/Runtime/Synthesis/Config/DefaultSynthesis.ini" 1041
"../../../Engine/Plugins/Experimental/Animation/Scribble/Config/DefaultScribble.ini" 1042
"../../../Engine/Plugins/Experimental/InterchangeAxF/Assets/Config/DefaultInterchangeAxfAssets.ini" 1043
"../../../Engine/Plugins/Developer/Concert/ConcertSync/ConcertSyncCore/Config/DefaultConcertSyncCore.ini" 1044
"../../../Engine/Plugins/ChaosVD/Config/Engine.ini" 1045
"../../../Engine/Plugins/EnhancedInput/Config/Input.ini" 1046
"../../../Engine/Plugins/Runtime/InputDebugging/Config/Input.ini" 1047
"../../../Engine/Plugins/Runtime/Windows/XInputDevice/Config/Input.ini" 1048
"../../../Engine/Plugins/PCG/Config/EditorPerProjectUserSettings.ini" 1049
"../../../Engine/Plugins/NNE/NNEDenoiser/Config/Game.ini" 1050
"../../../Engine/Plugins/Online/OnlineSubsystemUtils/Config/Editor.ini" 1051
"../../../Engine/Plugins/Animation/AnimatorKit/Config/Editor.ini" 1052
"../../../Engine/Plugins/Animation/DeformerGraph/Config/Editor.ini" 1053
"../../../Engine/Plugins/Runtime/RigVM/Config/Editor.ini" 1054
"../../../Engine/Plugins/Editor/ModelingToolsEditorMode/Binaries/Win64/UnrealEditor.modules" 1055
"../../../Engine/Plugins/Runtime/MeshModelingToolset/Binaries/Win64/UnrealEditor.modules" 1056
"../../../Engine/Plugins/Experimental/MeshModelingToolsetExp/Binaries/Win64/UnrealEditor.modules" 1057
"../../../Engine/Plugins/Editor/MeshLODToolset/Binaries/Win64/UnrealEditor.modules" 1058
"../../../Engine/Plugins/Experimental/ToolPresets/Binaries/Win64/UnrealEditor.modules" 1059
"../../../Engine/Plugins/Editor/StylusInput/Binaries/Win64/UnrealEditor.modules" 1060
"../../../Engine/Plugins/Runtime/GeometryProcessing/Binaries/Win64/UnrealEditor.modules" 1061
"../../../Engine/Plugins/Editor/ProxyLODPlugin/Binaries/Win64/UnrealEditor.modules" 1062
"../../../Engine/Plugins/Experimental/PlanarCutPlugin/Binaries/Win64/UnrealEditor.modules" 1063
"../../../Engine/Plugins/Runtime/GeometryCache/Binaries/Win64/UnrealEditor.modules" 1064
"../../../Engine/Plugins/Experimental/GeometryFlow/Binaries/Win64/UnrealEditor.modules" 1065
"../../../Engine/Plugins/Editor/EditorScriptingUtilities/Binaries/Win64/UnrealEditor.modules" 1066
"../../../Engine/Plugins/FX/Niagara/Binaries/Win64/UnrealEditor.modules" 1067
"../../../Engine/Plugins/Experimental/PythonScriptPlugin/Binaries/Win64/UnrealEditor.modules" 1068
"../../../Engine/Plugins/Editor/ContentBrowser/ContentBrowserFileDataSource/Binaries/Win64/UnrealEditor.modules" 1069
"../../../Engine/Plugins/Runtime/GameplayStateTree/Binaries/Win64/UnrealEditor.modules" 1070
"../../../Engine/Plugins/Runtime/StateTree/Binaries/Win64/UnrealEditor.modules" 1071
"../../../Engine/Plugins/Animation/GameplayInsights/Binaries/Win64/UnrealEditor.modules" 1072
"../../../Engine/Plugins/Runtime/PropertyAccess/Binaries/Win64/UnrealEditor.modules" 1073
"../../../Engine/Plugins/Runtime/PropertyBindingUtils/Binaries/Win64/UnrealEditor.modules" 1074
"../../../Engine/Plugins/Experimental/ModelContextProtocol/Binaries/Win64/UnrealEditor.modules" 1075
"../../../Engine/Plugins/Editor/EngineAssetDefinitions/Binaries/Win64/UnrealEditor.modules" 1076
"../../../Engine/Plugins/Experimental/ToolsetRegistry/Binaries/Win64/UnrealEditor.modules" 1077
"../../../Engine/Plugins/Developer/Sandbox/FileSandbox/Binaries/Win64/UnrealEditor.modules" 1078
"../../../Engine/Plugins/Experimental/Terminal/Binaries/Win64/UnrealEditor.modules" 1079
"../../../Engine/Plugins/Experimental/Toolsets/EditorToolset/Binaries/Win64/UnrealEditor.modules" 1080
"../../../Engine/Plugins/AudioInsights/Binaries/Win64/UnrealEditor.modules" 1081
"../../../Engine/Plugins/Runtime/AudioWidgets/Binaries/Win64/UnrealEditor.modules" 1082
"../../../Engine/Plugins/Runtime/AudioSynesthesia/Binaries/Win64/UnrealEditor.modules" 1083
"../../../Engine/Plugins/AudioModulationInsights/Binaries/Win64/UnrealEditor.modules" 1084
"../../../Engine/Plugins/AudioInsightsRuntime/Binaries/Win64/UnrealEditor.modules" 1085
"../../../Engine/Plugins/ChaosCloth/Binaries/Win64/UnrealEditor.modules" 1086
"../../../Engine/Plugins/Experimental/ChaosCaching/Binaries/Win64/UnrealEditor.modules" 1087
"../../../Engine/Plugins/Experimental/Buoyancy/Binaries/Win64/UnrealEditor.modules" 1088
"../../../Engine/Plugins/Experimental/Water/Binaries/Win64/UnrealEditor.modules" 1089
"../../../Engine/Plugins/VirtualProduction/Takes/Binaries/Win64/UnrealEditor.modules" 1090
"../../../Engine/Plugins/Experimental/ChaosUserDataPT/Binaries/Win64/UnrealEditor.modules" 1091
"../../../Engine/Plugins/Experimental/Landmass/Binaries/Win64/UnrealEditor.modules" 1092
"../../../Engine/Plugins/Editor/BlueprintMaterialTextureNodes/Binaries/Win64/UnrealEditor.modules" 1093
"../../../Engine/Plugins/Runtime/AudioCapture/Binaries/Win64/UnrealEditor.modules" 1094
"../../../Engine/Plugins/MovieScene/LevelSequenceEditor/Binaries/Win64/UnrealEditor.modules" 1095
"../../../Engine/Plugins/Developer/NamingTokens/Binaries/Win64/UnrealEditor.modules" 1096
"../../../Engine/Plugins/MovieScene/SequencerScripting/Binaries/Win64/UnrealEditor.modules" 1097
"../../../Engine/Plugins/ChaosInsights/Binaries/Win64/UnrealEditor.modules" 1098
"../../../Engine/Plugins/ChaosVD/Binaries/Win64/UnrealEditor.modules" 1099
"../../../Engine/Plugins/Experimental/EditorDataStorage/Binaries/Win64/UnrealEditor.modules" 1100
"../../../Engine/Plugins/Experimental/EditorDataStorageFeatures/Binaries/Win64/UnrealEditor.modules" 1101
"../../../Engine/Plugins/CmdLinkServer/Binaries/Win64/UnrealEditor.modules" 1102
"../../../Engine/Plugins/Dataflow/Binaries/Win64/UnrealEditor.modules" 1103
"../../../Engine/Plugins/Experimental/CharacterFXEditor/BaseCharacterFXEditor/Binaries/Win64/UnrealEditor.modules" 1104
"../../../Engine/Plugins/Runtime/ProceduralMeshComponent/Binaries/Win64/UnrealEditor.modules" 1105
"../../../Engine/Plugins/Animation/SkeletalMeshModelingTools/Binaries/Win64/UnrealEditor.modules" 1106
"../../../Engine/Plugins/Runtime/GeometryScripting/Binaries/Win64/UnrealEditor.modules" 1107
"../../../Engine/Plugins/DerivedDataBuildController/Binaries/Win64/UnrealEditor.modules" 1108
"../../../Engine/Plugins/EnhancedInput/Binaries/Win64/UnrealEditor.modules" 1109
"../../../Engine/Plugins/Editor/DataValidation/Binaries/Win64/UnrealEditor.modules" 1110
"../../../Engine/Plugins/IoStoreInsights/Binaries/Win64/UnrealEditor.modules" 1111
"../../../Engine/Plugins/MassInsights/Binaries/Win64/UnrealEditor.modules" 1112
"../../../Engine/Plugins/MeshPainting/Binaries/Win64/UnrealEditor.modules" 1113
"../../../Engine/Plugins/Interchange/Editor/Binaries/Win64/UnrealEditor.modules" 1114
"../../../Engine/Plugins/Interchange/Runtime/Binaries/Win64/UnrealEditor.modules" 1115
"../../../Engine/Plugins/Runtime/HairStrands/Binaries/Win64/UnrealEditor.modules" 1116
"../../../Engine/Plugins/Enterprise/VariantManagerContent/Binaries/Win64/UnrealEditor.modules" 1117
"../../../Engine/Plugins/Enterprise/VariantManager/Binaries/Win64/UnrealEditor.modules" 1118
"../../../Engine/Plugins/Interchange/Assets/Binaries/Win64/UnrealEditor.modules" 1119
"../../../Engine/Plugins/Animation/DeformerGraph/Binaries/Win64/UnrealEditor.modules" 1120
"../../../Engine/Plugins/Runtime/ComputeFramework/Binaries/Win64/UnrealEditor.modules" 1121
"../../../Engine/Plugins/Animation/ControlRig/Binaries/Win64/UnrealEditor.modules" 1122
"../../../Engine/Plugins/Runtime/RigVM/Binaries/Win64/UnrealEditor.modules" 1123
"../../../Engine/Plugins/Animation/TweeningUtils/Binaries/Win64/UnrealEditor.modules" 1124
"../../../Engine/Plugins/Experimental/Animation/Scribble/Binaries/Win64/UnrealEditor.modules" 1125
"../../../Engine/Plugins/PCG/Binaries/Win64/UnrealEditor.modules" 1126
"../../../Engine/Plugins/RenderGraphInsights/Binaries/Win64/UnrealEditor.modules" 1127
"../../../Engine/Plugins/RenderTraceInsights/Binaries/Win64/UnrealEditor.modules" 1128
"../../../Engine/Plugins/TraceUtilities/Binaries/Win64/UnrealEditor.modules" 1129
"../../../Engine/Plugins/UbaController/Binaries/Win64/UnrealEditor.modules" 1130
"../../../Engine/Plugins/WorldMetrics/Binaries/Win64/UnrealEditor.modules" 1131
"../../../Engine/Plugins/XGEController/Binaries/Win64/UnrealEditor.modules" 1132
"../../../Engine/Plugins/Fab/Binaries/Win64/UnrealEditor.modules" 1133
"../../../Engine/Plugins/Online/EOSShared/Binaries/Win64/UnrealEditor.modules" 1134
"../../../Engine/Plugins/Bridge/Binaries/Win64/UnrealEditor.modules" 1135
"../../../Engine/Plugins/MetaHuman/MetaHumanSDK/Binaries/Win64/UnrealEditor.modules" 1136
"../../../Engine/Plugins/Animation/RigLogic/Binaries/Win64/UnrealEditor.modules" 1137
"../../../Engine/Plugins/Cameras/CameraShakePreviewer/Binaries/Win64/UnrealEditor.modules" 1138
"../../../Engine/Plugins/Cameras/GameplayCameras/Binaries/Win64/UnrealEditor.modules" 1139
"../../../Engine/Plugins/MovieScene/TemplateSequence/Binaries/Win64/UnrealEditor.modules" 1140
"../../../Engine/Plugins/Cameras/EngineCameras/Binaries/Win64/UnrealEditor.modules" 1141
"../../../Engine/Plugins/Editor/AssetManagerEditor/Binaries/Win64/UnrealEditor.modules" 1142
"../../../Engine/Plugins/Editor/ContentBrowser/ContentBrowserAssetDataSource/Binaries/Win64/UnrealEditor.modules" 1143
"../../../Engine/Plugins/Editor/BlueprintHeaderView/Binaries/Win64/UnrealEditor.modules" 1144
"../../../Engine/Plugins/Editor/ChangelistReview/Binaries/Win64/UnrealEditor.modules" 1145
"../../../Engine/Plugins/Editor/ColorGrading/Binaries/Win64/UnrealEditor.modules" 1146
"../../../Engine/Plugins/Editor/ObjectMixer/ObjectMixer/Binaries/Win64/UnrealEditor.modules" 1147
"../../../Engine/Plugins/Editor/ConsoleVariablesEditor/Binaries/Win64/UnrealEditor.modules" 1148
"../../../Engine/Plugins/Developer/Concert/ConcertSync/ConcertSyncClient/Binaries/Win64/UnrealEditor.modules" 1149
"../../../Engine/Plugins/Developer/Concert/ConcertSync/ConcertSyncCore/Binaries/Win64/UnrealEditor.modules" 1150
"../../../Engine/Plugins/Developer/Concert/ConcertMain/Binaries/Win64/UnrealEditor.modules" 1151
"../../../Engine/Plugins/Developer/Concert/ConcertUI/ConcertSharedSlate/Binaries/Win64/UnrealEditor.modules" 1152
"../../../Engine/Plugins/Runtime/Database/SQLiteCore/Binaries/Win64/UnrealEditor.modules" 1153
"../../../Engine/Plugins/Editor/CryptoKeys/Binaries/Win64/UnrealEditor.modules" 1154
"../../../Engine/Plugins/Editor/CurveEditorTools/Binaries/Win64/UnrealEditor.modules" 1155
"../../../Engine/Plugins/Editor/EditorDebugTools/Binaries/Win64/UnrealEditor.modules" 1156
"../../../Engine/Plugins/Editor/FacialAnimation/Binaries/Win64/UnrealEditor.modules" 1157
"../../../Engine/Plugins/Editor/GameplayTagsEditor/Binaries/Win64/UnrealEditor.modules" 1158
"../../../Engine/Plugins/Editor/GeometryMode/Binaries/Win64/UnrealEditor.modules" 1159
"../../../Engine/Plugins/Editor/MaterialAnalyzer/Binaries/Win64/UnrealEditor.modules" 1160
"../../../Engine/Plugins/Editor/MaterialAssetWizard/Binaries/Win64/UnrealEditor.modules" 1161
"../../../Engine/Plugins/Editor/MobileLauncherProfileWizard/Binaries/Win64/UnrealEditor.modules" 1162
"../../../Engine/Plugins/Editor/PluginBrowser/Binaries/Win64/UnrealEditor.modules" 1163
"../../../Engine/Plugins/Developer/PluginUtils/Binaries/Win64/UnrealEditor.modules" 1164
"../../../Engine/Plugins/Editor/SequencerAnimTools/Binaries/Win64/UnrealEditor.modules" 1165
"../../../Engine/Plugins/Editor/SpeedTreeImporter/Binaries/Win64/UnrealEditor.modules" 1166
"../../../Engine/Plugins/Editor/UMGWidgetPreview/Binaries/Win64/UnrealEditor.modules" 1167
"../../../Engine/Plugins/Editor/UVEditor/Binaries/Win64/UnrealEditor.modules" 1168
"../../../Engine/Plugins/Editor/WorldPartitionHLODUtilities/Binaries/Win64/UnrealEditor.modules" 1169
"../../../Engine/Plugins/Importers/AlembicImporter/Binaries/Win64/UnrealEditor.modules" 1170
"../../../Engine/Plugins/MovieScene/ActorSequence/Binaries/Win64/UnrealEditor.modules" 1171
"../../../Engine/Plugins/MovieScene/SequenceValidator/Binaries/Win64/UnrealEditor.modules" 1172
"../../../Engine/Plugins/Experimental/AdvancedRenamer/Binaries/Win64/UnrealEditor.modules" 1173
"../../../Engine/Plugins/Experimental/AutomationUtils/Binaries/Win64/UnrealEditor.modules" 1174
"../../../Engine/Plugins/Experimental/BackChannel/Binaries/Win64/UnrealEditor.modules" 1175
"../../../Engine/Plugins/Experimental/ChaosEditor/Binaries/Win64/UnrealEditor.modules" 1176
"../../../Engine/Plugins/Experimental/GeometryCollectionPlugin/Binaries/Win64/UnrealEditor.modules" 1177
"../../../Engine/Plugins/Experimental/Fracture/Binaries/Win64/UnrealEditor.modules" 1178
"../../../Engine/Plugins/Experimental/ChaosSolverPlugin/Binaries/Win64/UnrealEditor.modules" 1179
"../../../Engine/Plugins/Experimental/GeometryDataflow/Binaries/Win64/UnrealEditor.modules" 1180
"../../../Engine/Plugins/Experimental/ChaosNiagara/Binaries/Win64/UnrealEditor.modules" 1181
"../../../Engine/Plugins/Experimental/CharacterAI/Binaries/Win64/UnrealEditor.modules" 1182
"../../../Engine/Plugins/Experimental/ControlRigPhysics/Binaries/Win64/UnrealEditor.modules" 1183
"../../../Engine/Plugins/Animation/PhysicsControl/Binaries/Win64/UnrealEditor.modules" 1184
"../../../Engine/Plugins/Experimental/EditorPerformance/Binaries/Win64/UnrealEditor.modules" 1185
"../../../Engine/Plugins/Experimental/EditorTelemetry/Binaries/Win64/UnrealEditor.modules" 1186
"../../../Engine/Plugins/Experimental/EditorTRSGizmo/Binaries/Win64/UnrealEditor.modules" 1187
"../../../Engine/Plugins/Experimental/HttpInsights/Binaries/Win64/UnrealEditor.modules" 1188
"../../../Engine/Plugins/Experimental/GlobalConfigurationData/Binaries/Win64/UnrealEditor.modules" 1189
"../../../Engine/Plugins/Experimental/LevelSequenceNavigatorBridge/Binaries/Win64/UnrealEditor.modules" 1190
"../../../Engine/Plugins/Experimental/SequenceNavigator/Binaries/Win64/UnrealEditor.modules" 1191
"../../../Engine/Plugins/Experimental/LocalizableMessage/Binaries/Win64/UnrealEditor.modules" 1192
"../../../Engine/Plugins/Experimental/MutableAssetUserData/Binaries/Win64/UnrealEditor.modules" 1193
"../../../Engine/Plugins/Mutable/Binaries/Win64/UnrealEditor.modules" 1194
"../../../Engine/Plugins/Runtime/SkeletalMerging/Binaries/Win64/UnrealEditor.modules" 1195
"../../../Engine/Plugins/Experimental/NFORDenoise/Binaries/Win64/UnrealEditor.modules" 1196
"../../../Engine/Plugins/Experimental/PlatformCrypto/Binaries/Win64/UnrealEditor.modules" 1197
"../../../Engine/Plugins/Experimental/RuntimeTelemetry/Binaries/Win64/UnrealEditor.modules" 1198
"../../../Engine/Plugins/Experimental/SkeletalReduction/Binaries/Win64/UnrealEditor.modules" 1199
"../../../Engine/Plugins/NNE/NNEDenoiser/Binaries/Win64/UnrealEditor.modules" 1200
"../../../Engine/Plugins/NNE/NNERuntimeORT/Binaries/Win64/UnrealEditor.modules" 1201
"../../../Engine/Plugins/FX/Cascade/Binaries/Win64/UnrealEditor.modules" 1202
"../../../Engine/Plugins/FX/NiagaraInsights/Binaries/Win64/UnrealEditor.modules" 1203
"../../../Engine/Plugins/FX/NiagaraSimCaching/Binaries/Win64/UnrealEditor.modules" 1204
"../../../Engine/Plugins/FX/NiagaraPreviewContent/Binaries/Win64/UnrealEditor.modules" 1205
"../../../Engine/Plugins/Messaging/TcpMessaging/Binaries/Win64/UnrealEditor.modules" 1206
"../../../Engine/Plugins/Messaging/UdpMessaging/Binaries/Win64/UnrealEditor.modules" 1207
"../../../Engine/Plugins/Online/OnlineBase/Binaries/Win64/UnrealEditor.modules" 1208
"../../../Engine/Plugins/Online/OnlineSubsystem/Binaries/Win64/UnrealEditor.modules" 1209
"../../../Engine/Plugins/Online/OnlineSubsystemNull/Binaries/Win64/UnrealEditor.modules" 1210
"../../../Engine/Plugins/Online/OnlineSubsystemUtils/Binaries/Win64/UnrealEditor.modules" 1211
"../../../Engine/Plugins/Online/OnlineServices/Binaries/Win64/UnrealEditor.modules" 1212
"../../../Engine/Plugins/Tests/InterchangeTests/Binaries/Win64/UnrealEditor.modules" 1213
"../../../Engine/Plugins/Portal/LauncherChunkInstaller/Binaries/Win64/UnrealEditor.modules" 1214
"../../../Engine/Plugins/2D/Paper2D/Binaries/Win64/UnrealEditor.modules" 1215
"../../../Engine/Plugins/AI/AISupport/Binaries/Win64/UnrealEditor.modules" 1216
"../../../Engine/Plugins/AI/EnvironmentQueryEditor/Binaries/Win64/UnrealEditor.modules" 1217
"../../../Engine/Plugins/Animation/ACLPlugin/Binaries/Win64/UnrealEditor.modules" 1218
"../../../Engine/Plugins/Animation/AnimationData/Binaries/Win64/UnrealEditor.modules" 1219
"../../../Engine/Plugins/Animation/AnimationModifierLibrary/Binaries/Win64/UnrealEditor.modules" 1220
"../../../Engine/Plugins/Animation/AnimatorKit/Binaries/Win64/UnrealEditor.modules" 1221
"../../../Engine/Plugins/Animation/ControlRigSpline/Binaries/Win64/UnrealEditor.modules" 1222
"../../../Engine/Plugins/Experimental/GizmoFramework/Binaries/Win64/UnrealEditor.modules" 1223
"../../../Engine/Plugins/Animation/BlendSpaceMotionAnalysis/Binaries/Win64/UnrealEditor.modules" 1224
"../../../Engine/Plugins/Experimental/FullBodyIK/Binaries/Win64/UnrealEditor.modules" 1225
"../../../Engine/Plugins/Animation/EaseCurveTool/Binaries/Win64/UnrealEditor.modules" 1226
"../../../Engine/Plugins/Animation/IKRig/Binaries/Win64/UnrealEditor.modules" 1227
"../../../Engine/Plugins/Compression/OodleNetwork/Binaries/Win64/UnrealEditor.modules" 1228
"../../../Engine/Plugins/Developer/AnimationSharing/Binaries/Win64/UnrealEditor.modules" 1229
"../../../Engine/Plugins/Runtime/SignificanceManager/Binaries/Win64/UnrealEditor.modules" 1230
"../../../Engine/Plugins/Developer/CLionSourceCodeAccess/Binaries/Win64/UnrealEditor.modules" 1231
"../../../Engine/Plugins/Developer/DumpGPUServices/Binaries/Win64/UnrealEditor.modules" 1232
"../../../Engine/Plugins/Developer/GPUReshape/Binaries/Win64/UnrealEditor.modules" 1233
"../../../Engine/Plugins/Developer/N10XSourceCodeAccess/Binaries/Win64/UnrealEditor.modules" 1234
"../../../Engine/Plugins/Developer/GitSourceControl/Binaries/Win64/UnrealEditor.modules" 1235
"../../../Engine/Plugins/Developer/PerforceSourceControl/Binaries/Win64/UnrealEditor.modules" 1236
"../../../Engine/Plugins/Developer/PlasticSourceControl/Binaries/Win64/UnrealEditor.modules" 1237
"../../../Engine/Plugins/Developer/PixWinPlugin/Binaries/Win64/UnrealEditor.modules" 1238
"../../../Engine/Plugins/Developer/ProjectLauncher/Binaries/Win64/UnrealEditor.modules" 1239
"../../../Engine/Plugins/Developer/PropertyAccessNode/Binaries/Win64/UnrealEditor.modules" 1240
"../../../Engine/Plugins/Developer/RenderDocPlugin/Binaries/Win64/UnrealEditor.modules" 1241
"../../../Engine/Plugins/Developer/RiderSourceCodeAccess/Binaries/Win64/UnrealEditor.modules" 1242
"../../../Engine/Plugins/Developer/SubversionSourceControl/Binaries/Win64/UnrealEditor.modules" 1243
"../../../Engine/Plugins/Developer/UObjectPlugin/Binaries/Win64/UnrealEditor.modules" 1244
"../../../Engine/Plugins/Developer/VisualStudioSourceCodeAccess/Binaries/Win64/UnrealEditor.modules" 1245
"../../../Engine/Plugins/Developer/VisualStudioCodeSourceCodeAccess/Binaries/Win64/UnrealEditor.modules" 1246
"../../../Engine/Plugins/Enterprise/DatasmithContent/Binaries/Win64/UnrealEditor.modules" 1247
"../../../Engine/Plugins/Enterprise/GLTFExporter/Binaries/Win64/UnrealEditor.modules" 1248
"../../../Engine/Plugins/Media/AndroidMedia/Binaries/Win64/UnrealEditor.modules" 1249
"../../../Engine/Plugins/Media/AvfMedia/Binaries/Win64/UnrealEditor.modules" 1250
"../../../Engine/Plugins/Media/ImgMedia/Binaries/Win64/UnrealEditor.modules" 1251
"../../../Engine/Plugins/Media/TmvMedia/Binaries/Win64/UnrealEditor.modules" 1252
"../../../Engine/Plugins/Media/MediaPlayerEditor/Binaries/Win64/UnrealEditor.modules" 1253
"../../../Engine/Plugins/Media/MP4Utilities/Binaries/Win64/UnrealEditor.modules" 1254
"../../../Engine/Plugins/Media/MediaCompositing/Binaries/Win64/UnrealEditor.modules" 1255
"../../../Engine/Plugins/Media/MediaPlate/Binaries/Win64/UnrealEditor.modules" 1256
"../../../Engine/Plugins/Compositing/CompositeCore/Binaries/Win64/UnrealEditor.modules" 1257
"../../../Engine/Plugins/Media/WmfMedia/Binaries/Win64/UnrealEditor.modules" 1258
"../../../Engine/Plugins/Performance/AutomatedPerfTestTools/Binaries/Win64/UnrealEditor.modules" 1259
"../../../Engine/Plugins/Runtime/ActorLayerUtilities/Binaries/Win64/UnrealEditor.modules" 1260
"../../../Engine/Plugins/Runtime/AndroidDeviceProfileSelector/Binaries/Win64/UnrealEditor.modules" 1261
"../../../Engine/Plugins/Runtime/AndroidFileServer/Binaries/Win64/UnrealEditor.modules" 1262
"../../../Engine/Plugins/Runtime/AndroidPermission/Binaries/Win64/UnrealEditor.modules" 1263
"../../../Engine/Plugins/Runtime/AppleImageUtils/Binaries/Win64/UnrealEditor.modules" 1264
"../../../Engine/Plugins/Runtime/ArchVisCharacter/Binaries/Win64/UnrealEditor.modules" 1265
"../../../Engine/Plugins/Runtime/AssetTags/Binaries/Win64/UnrealEditor.modules" 1266
"../../../Engine/Plugins/Runtime/CableComponent/Binaries/Win64/UnrealEditor.modules" 1267
"../../../Engine/Plugins/Runtime/ChunkDownloader/Binaries/Win64/UnrealEditor.modules" 1268
"../../../Engine/Plugins/Runtime/CustomMeshComponent/Binaries/Win64/UnrealEditor.modules" 1269
"../../../Engine/Plugins/Runtime/ExampleDeviceProfileSelector/Binaries/Win64/UnrealEditor.modules" 1270
"../../../Engine/Plugins/Runtime/GooglePAD/Binaries/Win64/UnrealEditor.modules" 1271
"../../../Engine/Plugins/Runtime/InputDebugging/Binaries/Win64/UnrealEditor.modules" 1272
"../../../Engine/Plugins/Runtime/IOSDeviceProfileSelector/Binaries/Win64/UnrealEditor.modules" 1273
"../../../Engine/Plugins/Runtime/LocationServicesBPLibrary/Binaries/Win64/UnrealEditor.modules" 1274
"../../../Engine/Plugins/Runtime/Metasound/Binaries/Win64/UnrealEditor.modules" 1275
"../../../Engine/Plugins/Runtime/WaveTable/Binaries/Win64/UnrealEditor.modules" 1276
"../../../Engine/Plugins/Runtime/ModelViewViewModel/Binaries/Win64/UnrealEditor.modules" 1277
"../../../Engine/Plugins/Runtime/MobilePatchingUtils/Binaries/Win64/UnrealEditor.modules" 1278
"../../../Engine/Plugins/Runtime/MsQuic/Binaries/Win64/UnrealEditor.modules" 1279
"../../../Engine/Plugins/Runtime/ResonanceAudio/Binaries/Win64/UnrealEditor.modules" 1280
"../../../Engine/Plugins/Runtime/SoundFields/Binaries/Win64/UnrealEditor.modules" 1281
"../../../Engine/Plugins/Runtime/Synthesis/Binaries/Win64/UnrealEditor.modules" 1282
"../../../Engine/Plugins/Runtime/WebMMoviePlayer/Binaries/Win64/UnrealEditor.modules" 1283
"../../../Engine/Plugins/Media/WebMMedia/Binaries/Win64/UnrealEditor.modules" 1284
"../../../Engine/Plugins/Runtime/WindowsDeviceProfileSelector/Binaries/Win64/UnrealEditor.modules" 1285
"../../../Engine/Plugins/Runtime/WindowsMoviePlayer/Binaries/Win64/UnrealEditor.modules" 1286
"../../../Engine/Plugins/Editor/Localization/PortableObjectFileDataSource/Binaries/Win64/UnrealEditor.modules" 1287
"../../../Engine/Plugins/Editor/ContentBrowser/ContentBrowserClassDataSource/Binaries/Win64/UnrealEditor.modules" 1288
"../../../Engine/Plugins/Experimental/InterchangeAxF/Assets/Binaries/Win64/UnrealEditor.modules" 1289
"../../../Engine/Plugins/Runtime/Windows/XInputDevice/Binaries/Win64/UnrealEditor.modules" 1290
"../../../Engine/Plugins/Editor/ObjectMixer/LightMixer/Binaries/Win64/UnrealEditor.modules" 1291
"../../../Engine/Config/BaseSourceControlSettings.ini" 1292
"C:/Users/jessi/AppData/Local/UnrealEngine/5.8/Saved/Config/WindowsEditor/SourceControlSettings.ini" 1293
"../../../Engine/Content/Internationalization/icudt64l/coll/ucadata.icu" 1294
"../../../Engine/Content/Internationalization/icudt64l/coll/zh_CN.res" 1295
"../../../Engine/Content/Internationalization/icudt64l/coll/zh_Hans_CN.res" 1296
"../../../Engine/Content/Internationalization/icudt64l/coll/zh_Hans.res" 1297
"../../../Engine/Content/Internationalization/icudt64l/coll/zh.res" 1298
"../../../Engine/Content/Internationalization/icudt64l/coll/root.res" 1299
"../../../Engine/Content/Internationalization/icudt64l/numberingSystems.res" 1300
"../../../Engine/Content/Internationalization/icudt64l/curr/supplementalData.res" 1301
"../../../Engine/Content/Internationalization/icudt64l/curr/zh_CN.res" 1302
"../../../Engine/Content/Internationalization/icudt64l/curr/pool.res" 1303
"../../../Engine/Content/Internationalization/icudt64l/curr/zh_Hans_CN.res" 1304
"../../../Engine/Content/Internationalization/icudt64l/curr/zh_Hans.res" 1305
"../../../Engine/Content/Internationalization/icudt64l/curr/zh.res" 1306
"../../../Engine/Content/Internationalization/icudt64l/curr/root.res" 1307
"../../../Engine/Content/Certificates/ThirdParty/cacert.pem" 1308
"../../../Engine/Config/ConsoleVariables.ini" 1309
"D:/github test/Gamejam/Saved/Logs/AutoSDKInfo.txt" 1310
"../../../Engine/Binaries/Win64/Android/UnrealEditor.modules" 1311
"../../../Engine/Binaries/Win64/IOS/UnrealEditor.modules" 1312
"../../../Engine/Binaries/Win64/Linux/UnrealEditor.modules" 1313
"../../../Engine/Content/Localization/Editor/en/Editor.locres" 1314
"../../../Engine/Content/Localization/Keywords/en/Keywords.locres" 1315
"../../../Engine/Content/Localization/Category/en/Category.locres" 1316
"../../../Engine/Content/Localization/ToolTips/en/ToolTips.locres" 1317
"../../../Engine/Content/Localization/PropertyNames/en/PropertyNames.locres" 1318
"../../../Engine/Content/Localization/Engine/en/Engine.locres" 1319
"../../../Engine/Plugins/Online/OnlineSubsystem/Content/Localization/OnlineSubsystem/en/OnlineSubsystem.locres" 1320
"../../../Engine/Plugins/Online/OnlineSubsystemUtils/Content/Localization/OnlineSubsystemUtils/en/OnlineSubsystemUtils.locres" 1321
"../../../Engine/Plugins/Online/Android/OnlineSubsystemGooglePlay/Content/Localization/OnlineSubsystemGooglePlay/en/OnlineSubsystemGooglePlay.locres" 1322
"../../../Engine/Plugins/Online/IOS/OnlineSubsystemIOS/Content/Localization/OnlineSubsystemIOS/en/OnlineSubsystemIOS.locres" 1323
"../../../Engine/Content/Internationalization/icudt64l/lang/af.res" 1324
"../../../Engine/Content/Internationalization/icudt64l/region/af.res" 1325
"../../../Engine/Content/Internationalization/icudt64l/lang/agq.res" 1326
"../../../Engine/Content/Internationalization/icudt64l/region/agq.res" 1327
"../../../Engine/Content/Internationalization/icudt64l/lang/ak.res" 1328
"../../../Engine/Content/Internationalization/icudt64l/region/ak.res" 1329
"../../../Engine/Content/Internationalization/icudt64l/lang/am.res" 1330
"../../../Engine/Content/Internationalization/icudt64l/region/am.res" 1331
"../../../Engine/Content/Internationalization/icudt64l/lang/ar.res" 1332
"../../../Engine/Content/Internationalization/icudt64l/region/ar.res" 1333
"../../../Engine/Content/Internationalization/icudt64l/region/ar_AE.res" 1334
"../../../Engine/Content/Internationalization/icudt64l/lang/ar_EG.res" 1335
"../../../Engine/Content/Internationalization/icudt64l/lang/ar_LY.res" 1336
"../../../Engine/Content/Internationalization/icudt64l/region/ar_LY.res" 1337
"../../../Engine/Content/Internationalization/icudt64l/lang/ar_SA.res" 1338
"../../../Engine/Content/Internationalization/icudt64l/region/ar_SA.res" 1339
"../../../Engine/Content/Internationalization/icudt64l/lang/as.res" 1340
"../../../Engine/Content/Internationalization/icudt64l/region/as.res" 1341
"../../../Engine/Content/Internationalization/icudt64l/lang/asa.res" 1342
"../../../Engine/Content/Internationalization/icudt64l/region/asa.res" 1343
"../../../Engine/Content/Internationalization/icudt64l/lang/ast.res" 1344
"../../../Engine/Content/Internationalization/icudt64l/region/ast.res" 1345
"../../../Engine/Content/Internationalization/icudt64l/lang/az.res" 1346
"../../../Engine/Content/Internationalization/icudt64l/lang/az_Cyrl.res" 1347
"../../../Engine/Content/Internationalization/icudt64l/lang/az_AZ.res" 1348
"../../../Engine/Content/Internationalization/icudt64l/lang/az_Latn_AZ.res" 1349
"../../../Engine/Content/Internationalization/icudt64l/lang/az_Latn.res" 1350
"../../../Engine/Content/Internationalization/icudt64l/region/az_AZ.res" 1351
"../../../Engine/Content/Internationalization/icudt64l/region/az_Latn_AZ.res" 1352
"../../../Engine/Content/Internationalization/icudt64l/region/az_Latn.res" 1353
"../../../Engine/Content/Internationalization/icudt64l/region/az.res" 1354
"../../../Engine/Content/Internationalization/icudt64l/region/az_Cyrl.res" 1355
"../../../Engine/Content/Internationalization/icudt64l/lang/bas.res" 1356
"../../../Engine/Content/Internationalization/icudt64l/region/bas.res" 1357
"../../../Engine/Content/Internationalization/icudt64l/lang/be.res" 1358
"../../../Engine/Content/Internationalization/icudt64l/region/be.res" 1359
"../../../Engine/Content/Internationalization/icudt64l/lang/bem.res" 1360
"../../../Engine/Content/Internationalization/icudt64l/region/bem.res" 1361
"../../../Engine/Content/Internationalization/icudt64l/lang/bez.res" 1362
"../../../Engine/Content/Internationalization/icudt64l/region/bez.res" 1363
"../../../Engine/Content/Internationalization/icudt64l/lang/bg.res" 1364
"../../../Engine/Content/Internationalization/icudt64l/region/bg.res" 1365
"../../../Engine/Content/Internationalization/icudt64l/lang/bm.res" 1366
"../../../Engine/Content/Internationalization/icudt64l/region/bm.res" 1367
"../../../Engine/Content/Internationalization/icudt64l/lang/bn.res" 1368
"../../../Engine/Content/Internationalization/icudt64l/region/bn.res" 1369
"../../../Engine/Content/Internationalization/icudt64l/lang/bn_IN.res" 1370
"../../../Engine/Content/Internationalization/icudt64l/region/bn_IN.res" 1371
"../../../Engine/Content/Internationalization/icudt64l/lang/bo.res" 1372
"../../../Engine/Content/Internationalization/icudt64l/region/bo.res" 1373
"../../../Engine/Content/Internationalization/icudt64l/region/bo_IN.res" 1374
"../../../Engine/Content/Internationalization/icudt64l/lang/br.res" 1375
"../../../Engine/Content/Internationalization/icudt64l/region/br.res" 1376
"../../../Engine/Content/Internationalization/icudt64l/lang/brx.res" 1377
"../../../Engine/Content/Internationalization/icudt64l/region/brx.res" 1378
"../../../Engine/Content/Internationalization/icudt64l/lang/bs.res" 1379
"../../../Engine/Content/Internationalization/icudt64l/lang/bs_Cyrl.res" 1380
"../../../Engine/Content/Internationalization/icudt64l/lang/bs_BA.res" 1381
"../../../Engine/Content/Internationalization/icudt64l/lang/bs_Latn_BA.res" 1382
"../../../Engine/Content/Internationalization/icudt64l/lang/bs_Latn.res" 1383
"../../../Engine/Content/Internationalization/icudt64l/region/bs_BA.res" 1384
"../../../Engine/Content/Internationalization/icudt64l/region/bs_Latn_BA.res" 1385
"../../../Engine/Content/Internationalization/icudt64l/region/bs_Latn.res" 1386
"../../../Engine/Content/Internationalization/icudt64l/region/bs.res" 1387
"../../../Engine/Content/Internationalization/icudt64l/region/bs_Cyrl.res" 1388
"../../../Engine/Content/Internationalization/icudt64l/lang/ca.res" 1389
"../../../Engine/Content/Internationalization/icudt64l/region/ca.res" 1390
"../../../Engine/Content/Internationalization/icudt64l/lang/ccp.res" 1391
"../../../Engine/Content/Internationalization/icudt64l/region/ccp.res" 1392
"../../../Engine/Content/Internationalization/icudt64l/lang/ce.res" 1393
"../../../Engine/Content/Internationalization/icudt64l/region/ce.res" 1394
"../../../Engine/Content/Internationalization/icudt64l/lang/ceb.res" 1395
"../../../Engine/Content/Internationalization/icudt64l/region/ceb.res" 1396
"../../../Engine/Content/Internationalization/icudt64l/lang/cgg.res" 1397
"../../../Engine/Content/Internationalization/icudt64l/region/cgg.res" 1398
"../../../Engine/Content/Internationalization/icudt64l/lang/chr.res" 1399
"../../../Engine/Content/Internationalization/icudt64l/region/chr.res" 1400
"../../../Engine/Content/Internationalization/icudt64l/lang/ckb.res" 1401
"../../../Engine/Content/Internationalization/icudt64l/region/ckb.res" 1402
"../../../Engine/Content/Internationalization/icudt64l/lang/cs.res" 1403
"../../../Engine/Content/Internationalization/icudt64l/region/cs.res" 1404
"../../../Engine/Content/Internationalization/icudt64l/lang/cy.res" 1405
"../../../Engine/Content/Internationalization/icudt64l/region/cy.res" 1406
"../../../Engine/Content/Internationalization/icudt64l/lang/da.res" 1407
"../../../Engine/Content/Internationalization/icudt64l/region/da.res" 1408
"../../../Engine/Content/Internationalization/icudt64l/lang/dav.res" 1409
"../../../Engine/Content/Internationalization/icudt64l/region/dav.res" 1410
"../../../Engine/Content/Internationalization/icudt64l/lang/de.res" 1411
"../../../Engine/Content/Internationalization/icudt64l/lang/de_AT.res" 1412
"../../../Engine/Content/Internationalization/icudt64l/region/de_AT.res" 1413
"../../../Engine/Content/Internationalization/icudt64l/region/de.res" 1414
"../../../Engine/Content/Internationalization/icudt64l/lang/de_CH.res" 1415
"../../../Engine/Content/Internationalization/icudt64l/region/de_CH.res" 1416
"../../../Engine/Content/Internationalization/icudt64l/lang/de_LU.res" 1417
"../../../Engine/Content/Internationalization/icudt64l/lang/dje.res" 1418
"../../../Engine/Content/Internationalization/icudt64l/region/dje.res" 1419
"../../../Engine/Content/Internationalization/icudt64l/lang/dsb.res" 1420
"../../../Engine/Content/Internationalization/icudt64l/region/dsb.res" 1421
"../../../Engine/Content/Internationalization/icudt64l/lang/dua.res" 1422
"../../../Engine/Content/Internationalization/icudt64l/region/dua.res" 1423
"../../../Engine/Content/Internationalization/icudt64l/lang/dyo.res" 1424
"../../../Engine/Content/Internationalization/icudt64l/region/dyo.res" 1425
"../../../Engine/Content/Internationalization/icudt64l/lang/dz.res" 1426
"../../../Engine/Content/Internationalization/icudt64l/region/dz.res" 1427
"../../../Engine/Content/Internationalization/icudt64l/lang/ebu.res" 1428
"../../../Engine/Content/Internationalization/icudt64l/region/ebu.res" 1429
"../../../Engine/Content/Internationalization/icudt64l/lang/ee.res" 1430
"../../../Engine/Content/Internationalization/icudt64l/region/ee.res" 1431
"../../../Engine/Content/Internationalization/icudt64l/lang/el.res" 1432
"../../../Engine/Content/Internationalization/icudt64l/region/el.res" 1433
"../../../Engine/Content/Internationalization/icudt64l/lang/en_001.res" 1434
"../../../Engine/Content/Internationalization/icudt64l/lang/en_150.res" 1435
"../../../Engine/Content/Internationalization/icudt64l/region/en_150.res" 1436
"../../../Engine/Content/Internationalization/icudt64l/lang/en_AG.res" 1437
"../../../Engine/Content/Internationalization/icudt64l/region/en_AG.res" 1438
"../../../Engine/Content/Internationalization/icudt64l/lang/en_AI.res" 1439
"../../../Engine/Content/Internationalization/icudt64l/region/en_AI.res" 1440
"../../../Engine/Content/Internationalization/icudt64l/lang/en_AT.res" 1441
"../../../Engine/Content/Internationalization/icudt64l/region/en_AT.res" 1442
"../../../Engine/Content/Internationalization/icudt64l/lang/en_AU.res" 1443
"../../../Engine/Content/Internationalization/icudt64l/region/en_AU.res" 1444
"../../../Engine/Content/Internationalization/icudt64l/lang/en_BB.res" 1445
"../../../Engine/Content/Internationalization/icudt64l/region/en_BB.res" 1446
"../../../Engine/Content/Internationalization/icudt64l/lang/en_BE.res" 1447
"../../../Engine/Content/Internationalization/icudt64l/region/en_BE.res" 1448
"../../../Engine/Content/Internationalization/icudt64l/lang/en_BM.res" 1449
"../../../Engine/Content/Internationalization/icudt64l/region/en_BM.res" 1450
"../../../Engine/Content/Internationalization/icudt64l/lang/en_BS.res" 1451
"../../../Engine/Content/Internationalization/icudt64l/region/en_BS.res" 1452
"../../../Engine/Content/Internationalization/icudt64l/lang/en_BW.res" 1453
"../../../Engine/Content/Internationalization/icudt64l/region/en_BW.res" 1454
"../../../Engine/Content/Internationalization/icudt64l/lang/en_BZ.res" 1455
"../../../Engine/Content/Internationalization/icudt64l/region/en_BZ.res" 1456
"../../../Engine/Content/Internationalization/icudt64l/lang/en_CA.res" 1457
"../../../Engine/Content/Internationalization/icudt64l/region/en_CA.res" 1458
"../../../Engine/Content/Internationalization/icudt64l/lang/en_CC.res" 1459
"../../../Engine/Content/Internationalization/icudt64l/region/en_CC.res" 1460
"../../../Engine/Content/Internationalization/icudt64l/lang/en_CH.res" 1461
"../../../Engine/Content/Internationalization/icudt64l/region/en_CH.res" 1462
"../../../Engine/Content/Internationalization/icudt64l/lang/en_CK.res" 1463
"../../../Engine/Content/Internationalization/icudt64l/region/en_CK.res" 1464
"../../../Engine/Content/Internationalization/icudt64l/lang/en_CM.res" 1465
"../../../Engine/Content/Internationalization/icudt64l/region/en_CM.res" 1466
"../../../Engine/Content/Internationalization/icudt64l/lang/en_CX.res" 1467
"../../../Engine/Content/Internationalization/icudt64l/region/en_CX.res" 1468
"../../../Engine/Content/Internationalization/icudt64l/lang/en_CY.res" 1469
"../../../Engine/Content/Internationalization/icudt64l/region/en_CY.res" 1470
"../../../Engine/Content/Internationalization/icudt64l/lang/en_DE.res" 1471
"../../../Engine/Content/Internationalization/icudt64l/region/en_DE.res" 1472
"../../../Engine/Content/Internationalization/icudt64l/lang/en_DG.res" 1473
"../../../Engine/Content/Internationalization/icudt64l/region/en_DG.res" 1474
"../../../Engine/Content/Internationalization/icudt64l/lang/en_DK.res" 1475
"../../../Engine/Content/Internationalization/icudt64l/region/en_DK.res" 1476
"../../../Engine/Content/Internationalization/icudt64l/lang/en_DM.res" 1477
"../../../Engine/Content/Internationalization/icudt64l/region/en_DM.res" 1478
"../../../Engine/Content/Internationalization/icudt64l/lang/en_ER.res" 1479
"../../../Engine/Content/Internationalization/icudt64l/region/en_ER.res" 1480
"../../../Engine/Content/Internationalization/icudt64l/lang/en_FI.res" 1481
"../../../Engine/Content/Internationalization/icudt64l/region/en_FI.res" 1482
"../../../Engine/Content/Internationalization/icudt64l/lang/en_FJ.res" 1483
"../../../Engine/Content/Internationalization/icudt64l/region/en_FJ.res" 1484
"../../../Engine/Content/Internationalization/icudt64l/lang/en_FK.res" 1485
"../../../Engine/Content/Internationalization/icudt64l/region/en_FK.res" 1486
"../../../Engine/Content/Internationalization/icudt64l/lang/en_FM.res" 1487
"../../../Engine/Content/Internationalization/icudt64l/region/en_FM.res" 1488
"../../../Engine/Content/Internationalization/icudt64l/lang/en_GB.res" 1489
"../../../Engine/Content/Internationalization/icudt64l/region/en_GB.res" 1490
"../../../Engine/Content/Internationalization/icudt64l/lang/en_GD.res" 1491
"../../../Engine/Content/Internationalization/icudt64l/region/en_GD.res" 1492
"../../../Engine/Content/Internationalization/icudt64l/lang/en_GG.res" 1493
"../../../Engine/Content/Internationalization/icudt64l/region/en_GG.res" 1494
"../../../Engine/Content/Internationalization/icudt64l/lang/en_GH.res" 1495
"../../../Engine/Content/Internationalization/icudt64l/region/en_GH.res" 1496
"../../../Engine/Content/Internationalization/icudt64l/lang/en_GI.res" 1497
"../../../Engine/Content/Internationalization/icudt64l/region/en_GI.res" 1498
"../../../Engine/Content/Internationalization/icudt64l/lang/en_GM.res" 1499
"../../../Engine/Content/Internationalization/icudt64l/region/en_GM.res" 1500
"../../../Engine/Content/Internationalization/icudt64l/lang/en_GY.res" 1501
"../../../Engine/Content/Internationalization/icudt64l/region/en_GY.res" 1502
"../../../Engine/Content/Internationalization/icudt64l/lang/en_HK.res" 1503
"../../../Engine/Content/Internationalization/icudt64l/region/en_HK.res" 1504
"../../../Engine/Content/Internationalization/icudt64l/lang/en_IE.res" 1505
"../../../Engine/Content/Internationalization/icudt64l/region/en_IE.res" 1506
"../../../Engine/Content/Internationalization/icudt64l/lang/en_IL.res" 1507
"../../../Engine/Content/Internationalization/icudt64l/region/en_IL.res" 1508
"../../../Engine/Content/Internationalization/icudt64l/lang/en_IM.res" 1509
"../../../Engine/Content/Internationalization/icudt64l/region/en_IM.res" 1510
"../../../Engine/Content/Internationalization/icudt64l/lang/en_IN.res" 1511
"../../../Engine/Content/Internationalization/icudt64l/region/en_IN.res" 1512
"../../../Engine/Content/Internationalization/icudt64l/lang/en_IO.res" 1513
"../../../Engine/Content/Internationalization/icudt64l/region/en_IO.res" 1514
"../../../Engine/Content/Internationalization/icudt64l/lang/en_JE.res" 1515
"../../../Engine/Content/Internationalization/icudt64l/region/en_JE.res" 1516
"../../../Engine/Content/Internationalization/icudt64l/lang/en_JM.res" 1517
"../../../Engine/Content/Internationalization/icudt64l/region/en_JM.res" 1518
"../../../Engine/Content/Internationalization/icudt64l/lang/en_KE.res" 1519
"../../../Engine/Content/Internationalization/icudt64l/region/en_KE.res" 1520
"../../../Engine/Content/Internationalization/icudt64l/lang/en_KI.res" 1521
"../../../Engine/Content/Internationalization/icudt64l/region/en_KI.res" 1522
"../../../Engine/Content/Internationalization/icudt64l/lang/en_KN.res" 1523
"../../../Engine/Content/Internationalization/icudt64l/region/en_KN.res" 1524
"../../../Engine/Content/Internationalization/icudt64l/lang/en_KY.res" 1525
"../../../Engine/Content/Internationalization/icudt64l/region/en_KY.res" 1526
"../../../Engine/Content/Internationalization/icudt64l/lang/en_LC.res" 1527
"../../../Engine/Content/Internationalization/icudt64l/region/en_LC.res" 1528
"../../../Engine/Content/Internationalization/icudt64l/lang/en_LR.res" 1529
"../../../Engine/Content/Internationalization/icudt64l/region/en_LR.res" 1530
"../../../Engine/Content/Internationalization/icudt64l/lang/en_LS.res" 1531
"../../../Engine/Content/Internationalization/icudt64l/region/en_LS.res" 1532
"../../../Engine/Content/Internationalization/icudt64l/lang/en_MG.res" 1533
"../../../Engine/Content/Internationalization/icudt64l/region/en_MG.res" 1534
"../../../Engine/Content/Internationalization/icudt64l/lang/en_MO.res" 1535
"../../../Engine/Content/Internationalization/icudt64l/region/en_MO.res" 1536
"../../../Engine/Content/Internationalization/icudt64l/lang/en_MS.res" 1537
"../../../Engine/Content/Internationalization/icudt64l/region/en_MS.res" 1538
"../../../Engine/Content/Internationalization/icudt64l/lang/en_MT.res" 1539
"../../../Engine/Content/Internationalization/icudt64l/region/en_MT.res" 1540
"../../../Engine/Content/Internationalization/icudt64l/lang/en_MU.res" 1541
"../../../Engine/Content/Internationalization/icudt64l/region/en_MU.res" 1542
"../../../Engine/Content/Internationalization/icudt64l/lang/en_MW.res" 1543
"../../../Engine/Content/Internationalization/icudt64l/region/en_MW.res" 1544
"../../../Engine/Content/Internationalization/icudt64l/lang/en_MY.res" 1545
"../../../Engine/Content/Internationalization/icudt64l/region/en_MY.res" 1546
"../../../Engine/Content/Internationalization/icudt64l/lang/en_NA.res" 1547
"../../../Engine/Content/Internationalization/icudt64l/region/en_NA.res" 1548
"../../../Engine/Content/Internationalization/icudt64l/lang/en_NF.res" 1549
"../../../Engine/Content/Internationalization/icudt64l/region/en_NF.res" 1550
"../../../Engine/Content/Internationalization/icudt64l/lang/en_NG.res" 1551
"../../../Engine/Content/Internationalization/icudt64l/region/en_NG.res" 1552
"../../../Engine/Content/Internationalization/icudt64l/lang/en_NL.res" 1553
"../../../Engine/Content/Internationalization/icudt64l/region/en_NL.res" 1554
"../../../Engine/Content/Internationalization/icudt64l/lang/en_NR.res" 1555
"../../../Engine/Content/Internationalization/icudt64l/region/en_NR.res" 1556
"../../../Engine/Content/Internationalization/icudt64l/lang/en_NU.res" 1557
"../../../Engine/Content/Internationalization/icudt64l/region/en_NU.res" 1558
"../../../Engine/Content/Internationalization/icudt64l/lang/en_NZ.res" 1559
"../../../Engine/Content/Internationalization/icudt64l/region/en_NZ.res" 1560
"../../../Engine/Content/Internationalization/icudt64l/lang/en_PG.res" 1561
"../../../Engine/Content/Internationalization/icudt64l/region/en_PG.res" 1562
"../../../Engine/Content/Internationalization/icudt64l/lang/en_PH.res" 1563
"../../../Engine/Content/Internationalization/icudt64l/region/en_PH.res" 1564
"../../../Engine/Content/Internationalization/icudt64l/lang/en_PK.res" 1565
"../../../Engine/Content/Internationalization/icudt64l/region/en_PK.res" 1566
"../../../Engine/Content/Internationalization/icudt64l/lang/en_PN.res" 1567
"../../../Engine/Content/Internationalization/icudt64l/region/en_PN.res" 1568
"../../../Engine/Content/Internationalization/icudt64l/lang/en_PW.res" 1569
"../../../Engine/Content/Internationalization/icudt64l/region/en_PW.res" 1570
"../../../Engine/Content/Internationalization/icudt64l/lang/en_RW.res" 1571
"../../../Engine/Content/Internationalization/icudt64l/region/en_RW.res" 1572
"../../../Engine/Content/Internationalization/icudt64l/lang/en_SB.res" 1573
"../../../Engine/Content/Internationalization/icudt64l/region/en_SB.res" 1574
"../../../Engine/Content/Internationalization/icudt64l/lang/en_SC.res" 1575
"../../../Engine/Content/Internationalization/icudt64l/region/en_SC.res" 1576
"../../../Engine/Content/Internationalization/icudt64l/lang/en_SD.res" 1577
"../../../Engine/Content/Internationalization/icudt64l/region/en_SD.res" 1578
"../../../Engine/Content/Internationalization/icudt64l/lang/en_SE.res" 1579
"../../../Engine/Content/Internationalization/icudt64l/region/en_SE.res" 1580
"../../../Engine/Content/Internationalization/icudt64l/lang/en_SG.res" 1581
"../../../Engine/Content/Internationalization/icudt64l/region/en_SG.res" 1582
"../../../Engine/Content/Internationalization/icudt64l/lang/en_SH.res" 1583
"../../../Engine/Content/Internationalization/icudt64l/region/en_SH.res" 1584
"../../../Engine/Content/Internationalization/icudt64l/lang/en_SI.res" 1585
"../../../Engine/Content/Internationalization/icudt64l/region/en_SI.res" 1586
"../../../Engine/Content/Internationalization/icudt64l/lang/en_SL.res" 1587
"../../../Engine/Content/Internationalization/icudt64l/region/en_SL.res" 1588
"../../../Engine/Content/Internationalization/icudt64l/lang/en_SS.res" 1589
"../../../Engine/Content/Internationalization/icudt64l/region/en_SS.res" 1590
"../../../Engine/Content/Internationalization/icudt64l/lang/en_SX.res" 1591
"../../../Engine/Content/Internationalization/icudt64l/region/en_SX.res" 1592
"../../../Engine/Content/Internationalization/icudt64l/lang/en_SZ.res" 1593
"../../../Engine/Content/Internationalization/icudt64l/region/en_SZ.res" 1594
"../../../Engine/Content/Internationalization/icudt64l/lang/en_TC.res" 1595
"../../../Engine/Content/Internationalization/icudt64l/region/en_TC.res" 1596
"../../../Engine/Content/Internationalization/icudt64l/lang/en_TK.res" 1597
"../../../Engine/Content/Internationalization/icudt64l/region/en_TK.res" 1598
"../../../Engine/Content/Internationalization/icudt64l/lang/en_TO.res" 1599
"../../../Engine/Content/Internationalization/icudt64l/region/en_TO.res" 1600
"../../../Engine/Content/Internationalization/icudt64l/lang/en_TT.res" 1601
"../../../Engine/Content/Internationalization/icudt64l/region/en_TT.res" 1602
"../../../Engine/Content/Internationalization/icudt64l/lang/en_TV.res" 1603
"../../../Engine/Content/Internationalization/icudt64l/region/en_TV.res" 1604
"../../../Engine/Content/Internationalization/icudt64l/lang/en_TZ.res" 1605
"../../../Engine/Content/Internationalization/icudt64l/region/en_TZ.res" 1606
"../../../Engine/Content/Internationalization/icudt64l/lang/en_UG.res" 1607
"../../../Engine/Content/Internationalization/icudt64l/region/en_UG.res" 1608
"../../../Engine/Content/Internationalization/icudt64l/lang/en_VC.res" 1609
"../../../Engine/Content/Internationalization/icudt64l/region/en_VC.res" 1610
"../../../Engine/Content/Internationalization/icudt64l/lang/en_VG.res" 1611
"../../../Engine/Content/Internationalization/icudt64l/region/en_VG.res" 1612
"../../../Engine/Content/Internationalization/icudt64l/lang/en_VU.res" 1613
"../../../Engine/Content/Internationalization/icudt64l/region/en_VU.res" 1614
"../../../Engine/Content/Internationalization/icudt64l/lang/en_WS.res" 1615
"../../../Engine/Content/Internationalization/icudt64l/region/en_WS.res" 1616
"../../../Engine/Content/Internationalization/icudt64l/lang/en_ZA.res" 1617
"../../../Engine/Content/Internationalization/icudt64l/region/en_ZA.res" 1618
"../../../Engine/Content/Internationalization/icudt64l/lang/en_ZM.res" 1619
"../../../Engine/Content/Internationalization/icudt64l/region/en_ZM.res" 1620
"../../../Engine/Content/Internationalization/icudt64l/lang/en_ZW.res" 1621
"../../../Engine/Content/Internationalization/icudt64l/region/en_ZW.res" 1622
"../../../Engine/Content/Internationalization/icudt64l/lang/eo.res" 1623
"../../../Engine/Content/Internationalization/icudt64l/region/eo.res" 1624
"../../../Engine/Content/Internationalization/icudt64l/lang/es.res" 1625
"../../../Engine/Content/Internationalization/icudt64l/lang/es_419.res" 1626
"../../../Engine/Content/Internationalization/icudt64l/region/es_419.res" 1627
"../../../Engine/Content/Internationalization/icudt64l/region/es.res" 1628
"../../../Engine/Content/Internationalization/icudt64l/lang/es_AR.res" 1629
"../../../Engine/Content/Internationalization/icudt64l/region/es_AR.res" 1630
"../../../Engine/Content/Internationalization/icudt64l/lang/es_BO.res" 1631
"../../../Engine/Content/Internationalization/icudt64l/region/es_BO.res" 1632
"../../../Engine/Content/Internationalization/icudt64l/lang/es_BR.res" 1633
"../../../Engine/Content/Internationalization/icudt64l/region/es_BR.res" 1634
"../../../Engine/Content/Internationalization/icudt64l/lang/es_BZ.res" 1635
"../../../Engine/Content/Internationalization/icudt64l/region/es_BZ.res" 1636
"../../../Engine/Content/Internationalization/icudt64l/lang/es_CL.res" 1637
"../../../Engine/Content/Internationalization/icudt64l/region/es_CL.res" 1638
"../../../Engine/Content/Internationalization/icudt64l/lang/es_CO.res" 1639
"../../../Engine/Content/Internationalization/icudt64l/region/es_CO.res" 1640
"../../../Engine/Content/Internationalization/icudt64l/lang/es_CR.res" 1641
"../../../Engine/Content/Internationalization/icudt64l/region/es_CR.res" 1642
"../../../Engine/Content/Internationalization/icudt64l/lang/es_CU.res" 1643
"../../../Engine/Content/Internationalization/icudt64l/region/es_CU.res" 1644
"../../../Engine/Content/Internationalization/icudt64l/lang/es_DO.res" 1645
"../../../Engine/Content/Internationalization/icudt64l/region/es_DO.res" 1646
"../../../Engine/Content/Internationalization/icudt64l/lang/es_EC.res" 1647
"../../../Engine/Content/Internationalization/icudt64l/region/es_EC.res" 1648
"../../../Engine/Content/Internationalization/icudt64l/lang/es_GT.res" 1649
"../../../Engine/Content/Internationalization/icudt64l/region/es_GT.res" 1650
"../../../Engine/Content/Internationalization/icudt64l/lang/es_HN.res" 1651
"../../../Engine/Content/Internationalization/icudt64l/region/es_HN.res" 1652
"../../../Engine/Content/Internationalization/icudt64l/lang/es_MX.res" 1653
"../../../Engine/Content/Internationalization/icudt64l/region/es_MX.res" 1654
"../../../Engine/Content/Internationalization/icudt64l/lang/es_NI.res" 1655
"../../../Engine/Content/Internationalization/icudt64l/region/es_NI.res" 1656
"../../../Engine/Content/Internationalization/icudt64l/lang/es_PA.res" 1657
"../../../Engine/Content/Internationalization/icudt64l/region/es_PA.res" 1658
"../../../Engine/Content/Internationalization/icudt64l/lang/es_PE.res" 1659
"../../../Engine/Content/Internationalization/icudt64l/region/es_PE.res" 1660
"../../../Engine/Content/Internationalization/icudt64l/lang/es_PR.res" 1661
"../../../Engine/Content/Internationalization/icudt64l/region/es_PR.res" 1662
"../../../Engine/Content/Internationalization/icudt64l/lang/es_PY.res" 1663
"../../../Engine/Content/Internationalization/icudt64l/region/es_PY.res" 1664
"../../../Engine/Content/Internationalization/icudt64l/lang/es_SV.res" 1665
"../../../Engine/Content/Internationalization/icudt64l/region/es_SV.res" 1666
"../../../Engine/Content/Internationalization/icudt64l/lang/es_US.res" 1667
"../../../Engine/Content/Internationalization/icudt64l/region/es_US.res" 1668
"../../../Engine/Content/Internationalization/icudt64l/lang/es_UY.res" 1669
"../../../Engine/Content/Internationalization/icudt64l/region/es_UY.res" 1670
"../../../Engine/Content/Internationalization/icudt64l/lang/es_VE.res" 1671
"../../../Engine/Content/Internationalization/icudt64l/region/es_VE.res" 1672
"../../../Engine/Content/Internationalization/icudt64l/lang/et.res" 1673
"../../../Engine/Content/Internationalization/icudt64l/region/et.res" 1674
"../../../Engine/Content/Internationalization/icudt64l/lang/eu.res" 1675
"../../../Engine/Content/Internationalization/icudt64l/region/eu.res" 1676
"../../../Engine/Content/Internationalization/icudt64l/lang/ewo.res" 1677
"../../../Engine/Content/Internationalization/icudt64l/region/ewo.res" 1678
"../../../Engine/Content/Internationalization/icudt64l/lang/fa.res" 1679
"../../../Engine/Content/Internationalization/icudt64l/lang/fa_AF.res" 1680
"../../../Engine/Content/Internationalization/icudt64l/region/fa_AF.res" 1681
"../../../Engine/Content/Internationalization/icudt64l/region/fa.res" 1682
"../../../Engine/Content/Internationalization/icudt64l/lang/ff.res" 1683
"../../../Engine/Content/Internationalization/icudt64l/lang/ff_Latn.res" 1684
"../../../Engine/Content/Internationalization/icudt64l/region/ff.res" 1685
"../../../Engine/Content/Internationalization/icudt64l/region/ff_Latn.res" 1686
"../../../Engine/Content/Internationalization/icudt64l/lang/ff_CM.res" 1687
"../../../Engine/Content/Internationalization/icudt64l/lang/ff_Latn_CM.res" 1688
"../../../Engine/Content/Internationalization/icudt64l/region/ff_CM.res" 1689
"../../../Engine/Content/Internationalization/icudt64l/region/ff_Latn_CM.res" 1690
"../../../Engine/Content/Internationalization/icudt64l/lang/ff_GN.res" 1691
"../../../Engine/Content/Internationalization/icudt64l/lang/ff_Latn_GN.res" 1692
"../../../Engine/Content/Internationalization/icudt64l/region/ff_GN.res" 1693
"../../../Engine/Content/Internationalization/icudt64l/region/ff_Latn_GN.res" 1694
"../../../Engine/Content/Internationalization/icudt64l/lang/ff_MR.res" 1695
"../../../Engine/Content/Internationalization/icudt64l/lang/ff_Latn_MR.res" 1696
"../../../Engine/Content/Internationalization/icudt64l/region/ff_MR.res" 1697
"../../../Engine/Content/Internationalization/icudt64l/region/ff_Latn_MR.res" 1698
"../../../Engine/Content/Internationalization/icudt64l/lang/ff_SN.res" 1699
"../../../Engine/Content/Internationalization/icudt64l/lang/ff_Latn_SN.res" 1700
"../../../Engine/Content/Internationalization/icudt64l/region/ff_SN.res" 1701
"../../../Engine/Content/Internationalization/icudt64l/region/ff_Latn_SN.res" 1702
"../../../Engine/Content/Internationalization/icudt64l/lang/fi.res" 1703
"../../../Engine/Content/Internationalization/icudt64l/region/fi.res" 1704
"../../../Engine/Content/Internationalization/icudt64l/lang/fil.res" 1705
"../../../Engine/Content/Internationalization/icudt64l/lang/fil_PH.res" 1706
"../../../Engine/Content/Internationalization/icudt64l/region/fil_PH.res" 1707
"../../../Engine/Content/Internationalization/icudt64l/region/fil.res" 1708
"../../../Engine/Content/Internationalization/icudt64l/lang/fo.res" 1709
"../../../Engine/Content/Internationalization/icudt64l/region/fo.res" 1710
"../../../Engine/Content/Internationalization/icudt64l/lang/fr.res" 1711
"../../../Engine/Content/Internationalization/icudt64l/lang/fr_BE.res" 1712
"../../../Engine/Content/Internationalization/icudt64l/region/fr_BE.res" 1713
"../../../Engine/Content/Internationalization/icudt64l/region/fr.res" 1714
"../../../Engine/Content/Internationalization/icudt64l/lang/fr_CA.res" 1715
"../../../Engine/Content/Internationalization/icudt64l/region/fr_CA.res" 1716
"../../../Engine/Content/Internationalization/icudt64l/lang/fr_CH.res" 1717
"../../../Engine/Content/Internationalization/icudt64l/lang/fur.res" 1718
"../../../Engine/Content/Internationalization/icudt64l/region/fur.res" 1719
"../../../Engine/Content/Internationalization/icudt64l/lang/fy.res" 1720
"../../../Engine/Content/Internationalization/icudt64l/region/fy.res" 1721
"../../../Engine/Content/Internationalization/icudt64l/lang/ga.res" 1722
"../../../Engine/Content/Internationalization/icudt64l/region/ga.res" 1723
"../../../Engine/Content/Internationalization/icudt64l/lang/gd.res" 1724
"../../../Engine/Content/Internationalization/icudt64l/region/gd.res" 1725
"../../../Engine/Content/Internationalization/icudt64l/lang/gl.res" 1726
"../../../Engine/Content/Internationalization/icudt64l/region/gl.res" 1727
"../../../Engine/Content/Internationalization/icudt64l/lang/gsw.res" 1728
"../../../Engine/Content/Internationalization/icudt64l/region/gsw.res" 1729
"../../../Engine/Content/Internationalization/icudt64l/lang/gu.res" 1730
"../../../Engine/Content/Internationalization/icudt64l/region/gu.res" 1731
"../../../Engine/Content/Internationalization/icudt64l/lang/guz.res" 1732
"../../../Engine/Content/Internationalization/icudt64l/region/guz.res" 1733
"../../../Engine/Content/Internationalization/icudt64l/lang/gv.res" 1734
"../../../Engine/Content/Internationalization/icudt64l/region/gv.res" 1735
"../../../Engine/Content/Internationalization/icudt64l/lang/ha.res" 1736
"../../../Engine/Content/Internationalization/icudt64l/region/ha.res" 1737
"../../../Engine/Content/Internationalization/icudt64l/lang/ha_NE.res" 1738
"../../../Engine/Content/Internationalization/icudt64l/region/ha_NE.res" 1739
"../../../Engine/Content/Internationalization/icudt64l/lang/haw.res" 1740
"../../../Engine/Content/Internationalization/icudt64l/region/haw.res" 1741
"../../../Engine/Content/Internationalization/icudt64l/lang/he.res" 1742
"../../../Engine/Content/Internationalization/icudt64l/lang/he_IL.res" 1743
"../../../Engine/Content/Internationalization/icudt64l/region/he_IL.res" 1744
"../../../Engine/Content/Internationalization/icudt64l/region/he.res" 1745
"../../../Engine/Content/Internationalization/icudt64l/lang/hi.res" 1746
"../../../Engine/Content/Internationalization/icudt64l/region/hi.res" 1747
"../../../Engine/Content/Internationalization/icudt64l/lang/hr.res" 1748
"../../../Engine/Content/Internationalization/icudt64l/region/hr.res" 1749
"../../../Engine/Content/Internationalization/icudt64l/lang/hsb.res" 1750
"../../../Engine/Content/Internationalization/icudt64l/region/hsb.res" 1751
"../../../Engine/Content/Internationalization/icudt64l/lang/hu.res" 1752
"../../../Engine/Content/Internationalization/icudt64l/region/hu.res" 1753
"../../../Engine/Content/Internationalization/icudt64l/lang/hy.res" 1754
"../../../Engine/Content/Internationalization/icudt64l/region/hy.res" 1755
"../../../Engine/Content/Internationalization/icudt64l/lang/ia.res" 1756
"../../../Engine/Content/Internationalization/icudt64l/region/ia.res" 1757
"../../../Engine/Content/Internationalization/icudt64l/lang/id.res" 1758
"../../../Engine/Content/Internationalization/icudt64l/lang/id_ID.res" 1759
"../../../Engine/Content/Internationalization/icudt64l/region/id_ID.res" 1760
"../../../Engine/Content/Internationalization/icudt64l/region/id.res" 1761
"../../../Engine/Content/Internationalization/icudt64l/lang/ig.res" 1762
"../../../Engine/Content/Internationalization/icudt64l/region/ig.res" 1763
"../../../Engine/Content/Internationalization/icudt64l/lang/ii.res" 1764
"../../../Engine/Content/Internationalization/icudt64l/region/ii.res" 1765
"../../../Engine/Content/Internationalization/icudt64l/lang/is.res" 1766
"../../../Engine/Content/Internationalization/icudt64l/region/is.res" 1767
"../../../Engine/Content/Internationalization/icudt64l/lang/it.res" 1768
"../../../Engine/Content/Internationalization/icudt64l/region/it.res" 1769
"../../../Engine/Content/Internationalization/icudt64l/lang/ja.res" 1770
"../../../Engine/Content/Internationalization/icudt64l/lang/ja_JP.res" 1771
"../../../Engine/Content/Internationalization/icudt64l/region/ja_JP.res" 1772
"../../../Engine/Content/Internationalization/icudt64l/region/ja.res" 1773
"../../../Engine/Content/Internationalization/icudt64l/lang/jgo.res" 1774
"../../../Engine/Content/Internationalization/icudt64l/region/jgo.res" 1775
"../../../Engine/Content/Internationalization/icudt64l/lang/jmc.res" 1776
"../../../Engine/Content/Internationalization/icudt64l/region/jmc.res" 1777
"../../../Engine/Content/Internationalization/icudt64l/lang/jv.res" 1778
"../../../Engine/Content/Internationalization/icudt64l/region/jv.res" 1779
"../../../Engine/Content/Internationalization/icudt64l/lang/ka.res" 1780
"../../../Engine/Content/Internationalization/icudt64l/region/ka.res" 1781
"../../../Engine/Content/Internationalization/icudt64l/lang/kab.res" 1782
"../../../Engine/Content/Internationalization/icudt64l/region/kab.res" 1783
"../../../Engine/Content/Internationalization/icudt64l/lang/kam.res" 1784
"../../../Engine/Content/Internationalization/icudt64l/region/kam.res" 1785
"../../../Engine/Content/Internationalization/icudt64l/lang/kde.res" 1786
"../../../Engine/Content/Internationalization/icudt64l/region/kde.res" 1787
"../../../Engine/Content/Internationalization/icudt64l/lang/kea.res" 1788
"../../../Engine/Content/Internationalization/icudt64l/region/kea.res" 1789
"../../../Engine/Content/Internationalization/icudt64l/lang/khq.res" 1790
"../../../Engine/Content/Internationalization/icudt64l/region/khq.res" 1791
"../../../Engine/Content/Internationalization/icudt64l/lang/ki.res" 1792
"../../../Engine/Content/Internationalization/icudt64l/region/ki.res" 1793
"../../../Engine/Content/Internationalization/icudt64l/lang/kk.res" 1794
"../../../Engine/Content/Internationalization/icudt64l/region/kk.res" 1795
"../../../Engine/Content/Internationalization/icudt64l/lang/kkj.res" 1796
"../../../Engine/Content/Internationalization/icudt64l/region/kkj.res" 1797
"../../../Engine/Content/Internationalization/icudt64l/lang/kl.res" 1798
"../../../Engine/Content/Internationalization/icudt64l/region/kl.res" 1799
"../../../Engine/Content/Internationalization/icudt64l/lang/kln.res" 1800
"../../../Engine/Content/Internationalization/icudt64l/region/kln.res" 1801
"../../../Engine/Content/Internationalization/icudt64l/lang/km.res" 1802
"../../../Engine/Content/Internationalization/icudt64l/region/km.res" 1803
"../../../Engine/Content/Internationalization/icudt64l/lang/kn.res" 1804
"../../../Engine/Content/Internationalization/icudt64l/region/kn.res" 1805
"../../../Engine/Content/Internationalization/icudt64l/lang/ko.res" 1806
"../../../Engine/Content/Internationalization/icudt64l/region/ko_KP.res" 1807
"../../../Engine/Content/Internationalization/icudt64l/region/ko.res" 1808
"../../../Engine/Content/Internationalization/icudt64l/lang/kok.res" 1809
"../../../Engine/Content/Internationalization/icudt64l/region/kok.res" 1810
"../../../Engine/Content/Internationalization/icudt64l/lang/ks.res" 1811
"../../../Engine/Content/Internationalization/icudt64l/region/ks.res" 1812
"../../../Engine/Content/Internationalization/icudt64l/lang/ksb.res" 1813
"../../../Engine/Content/Internationalization/icudt64l/region/ksb.res" 1814
"../../../Engine/Content/Internationalization/icudt64l/lang/ksf.res" 1815
"../../../Engine/Content/Internationalization/icudt64l/region/ksf.res" 1816
"../../../Engine/Content/Internationalization/icudt64l/lang/ksh.res" 1817
"../../../Engine/Content/Internationalization/icudt64l/region/ksh.res" 1818
"../../../Engine/Content/Internationalization/icudt64l/lang/ku.res" 1819
"../../../Engine/Content/Internationalization/icudt64l/region/ku.res" 1820
"../../../Engine/Content/Internationalization/icudt64l/lang/kw.res" 1821
"../../../Engine/Content/Internationalization/icudt64l/region/kw.res" 1822
"../../../Engine/Content/Internationalization/icudt64l/lang/ky.res" 1823
"../../../Engine/Content/Internationalization/icudt64l/region/ky.res" 1824
"../../../Engine/Content/Internationalization/icudt64l/lang/lag.res" 1825
"../../../Engine/Content/Internationalization/icudt64l/region/lag.res" 1826
"../../../Engine/Content/Internationalization/icudt64l/lang/lb.res" 1827
"../../../Engine/Content/Internationalization/icudt64l/region/lb.res" 1828
"../../../Engine/Content/Internationalization/icudt64l/lang/lg.res" 1829
"../../../Engine/Content/Internationalization/icudt64l/region/lg.res" 1830
"../../../Engine/Content/Internationalization/icudt64l/lang/lkt.res" 1831
"../../../Engine/Content/Internationalization/icudt64l/region/lkt.res" 1832
"../../../Engine/Content/Internationalization/icudt64l/lang/ln.res" 1833
"../../../Engine/Content/Internationalization/icudt64l/region/ln.res" 1834
"../../../Engine/Content/Internationalization/icudt64l/lang/lo.res" 1835
"../../../Engine/Content/Internationalization/icudt64l/region/lo.res" 1836
"../../../Engine/Content/Internationalization/icudt64l/lang/lrc.res" 1837
"../../../Engine/Content/Internationalization/icudt64l/region/lrc.res" 1838
"../../../Engine/Content/Internationalization/icudt64l/lang/lt.res" 1839
"../../../Engine/Content/Internationalization/icudt64l/region/lt.res" 1840
"../../../Engine/Content/Internationalization/icudt64l/lang/lu.res" 1841
"../../../Engine/Content/Internationalization/icudt64l/region/lu.res" 1842
"../../../Engine/Content/Internationalization/icudt64l/lang/luo.res" 1843
"../../../Engine/Content/Internationalization/icudt64l/region/luo.res" 1844
"../../../Engine/Content/Internationalization/icudt64l/lang/luy.res" 1845
"../../../Engine/Content/Internationalization/icudt64l/region/luy.res" 1846
"../../../Engine/Content/Internationalization/icudt64l/lang/lv.res" 1847
"../../../Engine/Content/Internationalization/icudt64l/region/lv.res" 1848
"../../../Engine/Content/Internationalization/icudt64l/lang/mas.res" 1849
"../../../Engine/Content/Internationalization/icudt64l/region/mas.res" 1850
"../../../Engine/Content/Internationalization/icudt64l/lang/mer.res" 1851
"../../../Engine/Content/Internationalization/icudt64l/region/mer.res" 1852
"../../../Engine/Content/Internationalization/icudt64l/lang/mfe.res" 1853
"../../../Engine/Content/Internationalization/icudt64l/region/mfe.res" 1854
"../../../Engine/Content/Internationalization/icudt64l/lang/mg.res" 1855
"../../../Engine/Content/Internationalization/icudt64l/region/mg.res" 1856
"../../../Engine/Content/Internationalization/icudt64l/lang/mgh.res" 1857
"../../../Engine/Content/Internationalization/icudt64l/region/mgh.res" 1858
"../../../Engine/Content/Internationalization/icudt64l/lang/mgo.res" 1859
"../../../Engine/Content/Internationalization/icudt64l/region/mgo.res" 1860
"../../../Engine/Content/Internationalization/icudt64l/lang/mi.res" 1861
"../../../Engine/Content/Internationalization/icudt64l/region/mi.res" 1862
"../../../Engine/Content/Internationalization/icudt64l/lang/mk.res" 1863
"../../../Engine/Content/Internationalization/icudt64l/region/mk.res" 1864
"../../../Engine/Content/Internationalization/icudt64l/lang/ml.res" 1865
"../../../Engine/Content/Internationalization/icudt64l/region/ml.res" 1866
"../../../Engine/Content/Internationalization/icudt64l/lang/mn.res" 1867
"../../../Engine/Content/Internationalization/icudt64l/region/mn.res" 1868
"../../../Engine/Content/Internationalization/icudt64l/lang/mr.res" 1869
"../../../Engine/Content/Internationalization/icudt64l/region/mr.res" 1870
"../../../Engine/Content/Internationalization/icudt64l/lang/ms.res" 1871
"../../../Engine/Content/Internationalization/icudt64l/region/ms.res" 1872
"../../../Engine/Content/Internationalization/icudt64l/lang/mt.res" 1873
"../../../Engine/Content/Internationalization/icudt64l/region/mt.res" 1874
"../../../Engine/Content/Internationalization/icudt64l/lang/mua.res" 1875
"../../../Engine/Content/Internationalization/icudt64l/region/mua.res" 1876
"../../../Engine/Content/Internationalization/icudt64l/lang/my.res" 1877
"../../../Engine/Content/Internationalization/icudt64l/region/my.res" 1878
"../../../Engine/Content/Internationalization/icudt64l/lang/mzn.res" 1879
"../../../Engine/Content/Internationalization/icudt64l/region/mzn.res" 1880
"../../../Engine/Content/Internationalization/icudt64l/lang/naq.res" 1881
"../../../Engine/Content/Internationalization/icudt64l/region/naq.res" 1882
"../../../Engine/Content/Internationalization/icudt64l/lang/nb.res" 1883
"../../../Engine/Content/Internationalization/icudt64l/lang/nb_NO.res" 1884
"../../../Engine/Content/Internationalization/icudt64l/region/nb_NO.res" 1885
"../../../Engine/Content/Internationalization/icudt64l/region/nb.res" 1886
"../../../Engine/Content/Internationalization/icudt64l/lang/nd.res" 1887
"../../../Engine/Content/Internationalization/icudt64l/region/nd.res" 1888
"../../../Engine/Content/Internationalization/icudt64l/lang/nds.res" 1889
"../../../Engine/Content/Internationalization/icudt64l/region/nds.res" 1890
"../../../Engine/Content/Internationalization/icudt64l/lang/ne.res" 1891
"../../../Engine/Content/Internationalization/icudt64l/region/ne.res" 1892
"../../../Engine/Content/Internationalization/icudt64l/lang/nl.res" 1893
"../../../Engine/Content/Internationalization/icudt64l/region/nl.res" 1894
"../../../Engine/Content/Internationalization/icudt64l/lang/nmg.res" 1895
"../../../Engine/Content/Internationalization/icudt64l/region/nmg.res" 1896
"../../../Engine/Content/Internationalization/icudt64l/lang/nn.res" 1897
"../../../Engine/Content/Internationalization/icudt64l/lang/nn_NO.res" 1898
"../../../Engine/Content/Internationalization/icudt64l/region/nn_NO.res" 1899
"../../../Engine/Content/Internationalization/icudt64l/region/nn.res" 1900
"../../../Engine/Content/Internationalization/icudt64l/lang/nnh.res" 1901
"../../../Engine/Content/Internationalization/icudt64l/region/nnh.res" 1902
"../../../Engine/Content/Internationalization/icudt64l/lang/nus.res" 1903
"../../../Engine/Content/Internationalization/icudt64l/region/nus.res" 1904
"../../../Engine/Content/Internationalization/icudt64l/lang/nyn.res" 1905
"../../../Engine/Content/Internationalization/icudt64l/region/nyn.res" 1906
"../../../Engine/Content/Internationalization/icudt64l/lang/om.res" 1907
"../../../Engine/Content/Internationalization/icudt64l/region/om.res" 1908
"../../../Engine/Content/Internationalization/icudt64l/lang/or.res" 1909
"../../../Engine/Content/Internationalization/icudt64l/region/or.res" 1910
"../../../Engine/Content/Internationalization/icudt64l/lang/os.res" 1911
"../../../Engine/Content/Internationalization/icudt64l/region/os.res" 1912
"../../../Engine/Content/Internationalization/icudt64l/lang/pa.res" 1913
"../../../Engine/Content/Internationalization/icudt64l/lang/pa_Arab.res" 1914
"../../../Engine/Content/Internationalization/icudt64l/lang/pa_PK.res" 1915
"../../../Engine/Content/Internationalization/icudt64l/lang/pa_Arab_PK.res" 1916
"../../../Engine/Content/Internationalization/icudt64l/region/pa_PK.res" 1917
"../../../Engine/Content/Internationalization/icudt64l/region/pa_Arab_PK.res" 1918
"../../../Engine/Content/Internationalization/icudt64l/region/pa_Arab.res" 1919
"../../../Engine/Content/Internationalization/icudt64l/lang/pa_Guru.res" 1920
"../../../Engine/Content/Internationalization/icudt64l/lang/pa_IN.res" 1921
"../../../Engine/Content/Internationalization/icudt64l/lang/pa_Guru_IN.res" 1922
"../../../Engine/Content/Internationalization/icudt64l/region/pa_IN.res" 1923
"../../../Engine/Content/Internationalization/icudt64l/region/pa_Guru_IN.res" 1924
"../../../Engine/Content/Internationalization/icudt64l/region/pa_Guru.res" 1925
"../../../Engine/Content/Internationalization/icudt64l/region/pa.res" 1926
"../../../Engine/Content/Internationalization/icudt64l/lang/pl.res" 1927
"../../../Engine/Content/Internationalization/icudt64l/region/pl.res" 1928
"../../../Engine/Content/Internationalization/icudt64l/lang/ps.res" 1929
"../../../Engine/Content/Internationalization/icudt64l/region/ps.res" 1930
"../../../Engine/Content/Internationalization/icudt64l/lang/ps_PK.res" 1931
"../../../Engine/Content/Internationalization/icudt64l/region/ps_PK.res" 1932
"../../../Engine/Content/Internationalization/icudt64l/lang/pt.res" 1933
"../../../Engine/Content/Internationalization/icudt64l/lang/pt_AO.res" 1934
"../../../Engine/Content/Internationalization/icudt64l/lang/pt_PT.res" 1935
"../../../Engine/Content/Internationalization/icudt64l/region/pt_AO.res" 1936
"../../../Engine/Content/Internationalization/icudt64l/region/pt_PT.res" 1937
"../../../Engine/Content/Internationalization/icudt64l/region/pt.res" 1938
"../../../Engine/Content/Internationalization/icudt64l/lang/pt_CH.res" 1939
"../../../Engine/Content/Internationalization/icudt64l/region/pt_CH.res" 1940
"../../../Engine/Content/Internationalization/icudt64l/lang/pt_CV.res" 1941
"../../../Engine/Content/Internationalization/icudt64l/region/pt_CV.res" 1942
"../../../Engine/Content/Internationalization/icudt64l/lang/pt_GQ.res" 1943
"../../../Engine/Content/Internationalization/icudt64l/region/pt_GQ.res" 1944
"../../../Engine/Content/Internationalization/icudt64l/lang/pt_GW.res" 1945
"../../../Engine/Content/Internationalization/icudt64l/region/pt_GW.res" 1946
"../../../Engine/Content/Internationalization/icudt64l/lang/pt_LU.res" 1947
"../../../Engine/Content/Internationalization/icudt64l/region/pt_LU.res" 1948
"../../../Engine/Content/Internationalization/icudt64l/lang/pt_MO.res" 1949
"../../../Engine/Content/Internationalization/icudt64l/region/pt_MO.res" 1950
"../../../Engine/Content/Internationalization/icudt64l/lang/pt_MZ.res" 1951
"../../../Engine/Content/Internationalization/icudt64l/region/pt_MZ.res" 1952
"../../../Engine/Content/Internationalization/icudt64l/lang/pt_ST.res" 1953
"../../../Engine/Content/Internationalization/icudt64l/region/pt_ST.res" 1954
"../../../Engine/Content/Internationalization/icudt64l/lang/pt_TL.res" 1955
"../../../Engine/Content/Internationalization/icudt64l/region/pt_TL.res" 1956
"../../../Engine/Content/Internationalization/icudt64l/lang/qu.res" 1957
"../../../Engine/Content/Internationalization/icudt64l/region/qu.res" 1958
"../../../Engine/Content/Internationalization/icudt64l/lang/rm.res" 1959
"../../../Engine/Content/Internationalization/icudt64l/region/rm.res" 1960
"../../../Engine/Content/Internationalization/icudt64l/lang/rn.res" 1961
"../../../Engine/Content/Internationalization/icudt64l/region/rn.res" 1962
"../../../Engine/Content/Internationalization/icudt64l/lang/ro.res" 1963
"../../../Engine/Content/Internationalization/icudt64l/lang/ro_MD.res" 1964
"../../../Engine/Content/Internationalization/icudt64l/region/ro_MD.res" 1965
"../../../Engine/Content/Internationalization/icudt64l/region/ro.res" 1966
"../../../Engine/Content/Internationalization/icudt64l/lang/rof.res" 1967
"../../../Engine/Content/Internationalization/icudt64l/region/rof.res" 1968
"../../../Engine/Content/Internationalization/icudt64l/lang/ru.res" 1969
"../../../Engine/Content/Internationalization/icudt64l/region/ru.res" 1970
"../../../Engine/Content/Internationalization/icudt64l/region/ru_UA.res" 1971
"../../../Engine/Content/Internationalization/icudt64l/lang/rw.res" 1972
"../../../Engine/Content/Internationalization/icudt64l/region/rw.res" 1973
"../../../Engine/Content/Internationalization/icudt64l/lang/rwk.res" 1974
"../../../Engine/Content/Internationalization/icudt64l/region/rwk.res" 1975
"../../../Engine/Content/Internationalization/icudt64l/lang/sah.res" 1976
"../../../Engine/Content/Internationalization/icudt64l/region/sah.res" 1977
"../../../Engine/Content/Internationalization/icudt64l/lang/saq.res" 1978
"../../../Engine/Content/Internationalization/icudt64l/region/saq.res" 1979
"../../../Engine/Content/Internationalization/icudt64l/lang/sbp.res" 1980
"../../../Engine/Content/Internationalization/icudt64l/region/sbp.res" 1981
"../../../Engine/Content/Internationalization/icudt64l/lang/sd.res" 1982
"../../../Engine/Content/Internationalization/icudt64l/region/sd.res" 1983
"../../../Engine/Content/Internationalization/icudt64l/lang/se.res" 1984
"../../../Engine/Content/Internationalization/icudt64l/lang/se_FI.res" 1985
"../../../Engine/Content/Internationalization/icudt64l/region/se_FI.res" 1986
"../../../Engine/Content/Internationalization/icudt64l/region/se.res" 1987
"../../../Engine/Content/Internationalization/icudt64l/lang/seh.res" 1988
"../../../Engine/Content/Internationalization/icudt64l/region/seh.res" 1989
"../../../Engine/Content/Internationalization/icudt64l/lang/ses.res" 1990
"../../../Engine/Content/Internationalization/icudt64l/region/ses.res" 1991
"../../../Engine/Content/Internationalization/icudt64l/lang/sg.res" 1992
"../../../Engine/Content/Internationalization/icudt64l/region/sg.res" 1993
"../../../Engine/Content/Internationalization/icudt64l/lang/shi.res" 1994
"../../../Engine/Content/Internationalization/icudt64l/lang/shi_Latn.res" 1995
"../../../Engine/Content/Internationalization/icudt64l/lang/shi_MA.res" 1996
"../../../Engine/Content/Internationalization/icudt64l/lang/shi_Tfng_MA.res" 1997
"../../../Engine/Content/Internationalization/icudt64l/lang/shi_Tfng.res" 1998
"../../../Engine/Content/Internationalization/icudt64l/region/shi_MA.res" 1999
"../../../Engine/Content/Internationalization/icudt64l/region/shi_Tfng_MA.res" 2000
"../../../Engine/Content/Internationalization/icudt64l/region/shi_Tfng.res" 2001
"../../../Engine/Content/Internationalization/icudt64l/region/shi.res" 2002
"../../../Engine/Content/Internationalization/icudt64l/region/shi_Latn.res" 2003
"../../../Engine/Content/Internationalization/icudt64l/lang/si.res" 2004
"../../../Engine/Content/Internationalization/icudt64l/region/si.res" 2005
"../../../Engine/Content/Internationalization/icudt64l/lang/sk.res" 2006
"../../../Engine/Content/Internationalization/icudt64l/region/sk.res" 2007
"../../../Engine/Content/Internationalization/icudt64l/lang/sl.res" 2008
"../../../Engine/Content/Internationalization/icudt64l/region/sl.res" 2009
"../../../Engine/Content/Internationalization/icudt64l/lang/smn.res" 2010
"../../../Engine/Content/Internationalization/icudt64l/region/smn.res" 2011
"../../../Engine/Content/Internationalization/icudt64l/lang/sn.res" 2012
"../../../Engine/Content/Internationalization/icudt64l/region/sn.res" 2013
"../../../Engine/Content/Internationalization/icudt64l/lang/so.res" 2014
"../../../Engine/Content/Internationalization/icudt64l/region/so.res" 2015
"../../../Engine/Content/Internationalization/icudt64l/lang/sq.res" 2016
"../../../Engine/Content/Internationalization/icudt64l/region/sq.res" 2017
"../../../Engine/Content/Internationalization/icudt64l/lang/sr.res" 2018
"../../../Engine/Content/Internationalization/icudt64l/lang/sr_Cyrl.res" 2019
"../../../Engine/Content/Internationalization/icudt64l/lang/sr_BA.res" 2020
"../../../Engine/Content/Internationalization/icudt64l/lang/sr_Cyrl_BA.res" 2021
"../../../Engine/Content/Internationalization/icudt64l/region/sr_BA.res" 2022
"../../../Engine/Content/Internationalization/icudt64l/region/sr_Cyrl_BA.res" 2023
"../../../Engine/Content/Internationalization/icudt64l/region/sr_Cyrl.res" 2024
"../../../Engine/Content/Internationalization/icudt64l/region/sr.res" 2025
"../../../Engine/Content/Internationalization/icudt64l/lang/sr_ME.res" 2026
"../../../Engine/Content/Internationalization/icudt64l/lang/sr_Latn_ME.res" 2027
"../../../Engine/Content/Internationalization/icudt64l/lang/sr_Latn.res" 2028
"../../../Engine/Content/Internationalization/icudt64l/region/sr_ME.res" 2029
"../../../Engine/Content/Internationalization/icudt64l/region/sr_Latn_ME.res" 2030
"../../../Engine/Content/Internationalization/icudt64l/region/sr_Latn.res" 2031
"../../../Engine/Content/Internationalization/icudt64l/lang/sr_Cyrl_ME.res" 2032
"../../../Engine/Content/Internationalization/icudt64l/region/sr_Cyrl_ME.res" 2033
"../../../Engine/Content/Internationalization/icudt64l/lang/sr_RS.res" 2034
"../../../Engine/Content/Internationalization/icudt64l/lang/sr_Cyrl_RS.res" 2035
"../../../Engine/Content/Internationalization/icudt64l/region/sr_RS.res" 2036
"../../../Engine/Content/Internationalization/icudt64l/region/sr_Cyrl_RS.res" 2037
"../../../Engine/Content/Internationalization/icudt64l/lang/sr_XK.res" 2038
"../../../Engine/Content/Internationalization/icudt64l/lang/sr_Cyrl_XK.res" 2039
"../../../Engine/Content/Internationalization/icudt64l/region/sr_XK.res" 2040
"../../../Engine/Content/Internationalization/icudt64l/region/sr_Cyrl_XK.res" 2041
"../../../Engine/Content/Internationalization/icudt64l/lang/sr_Latn_BA.res" 2042
"../../../Engine/Content/Internationalization/icudt64l/region/sr_Latn_BA.res" 2043
"../../../Engine/Content/Internationalization/icudt64l/lang/sr_Latn_RS.res" 2044
"../../../Engine/Content/Internationalization/icudt64l/region/sr_Latn_RS.res" 2045
"../../../Engine/Content/Internationalization/icudt64l/lang/sr_Latn_XK.res" 2046
"../../../Engine/Content/Internationalization/icudt64l/region/sr_Latn_XK.res" 2047
"../../../Engine/Content/Internationalization/icudt64l/lang/sv.res" 2048
"../../../Engine/Content/Internationalization/icudt64l/region/sv.res" 2049
"../../../Engine/Content/Internationalization/icudt64l/lang/sv_FI.res" 2050
"../../../Engine/Content/Internationalization/icudt64l/lang/sw.res" 2051
"../../../Engine/Content/Internationalization/icudt64l/lang/sw_CD.res" 2052
"../../../Engine/Content/Internationalization/icudt64l/region/sw_CD.res" 2053
"../../../Engine/Content/Internationalization/icudt64l/region/sw.res" 2054
"../../../Engine/Content/Internationalization/icudt64l/lang/sw_KE.res" 2055
"../../../Engine/Content/Internationalization/icudt64l/region/sw_KE.res" 2056
"../../../Engine/Content/Internationalization/icudt64l/lang/ta.res" 2057
"../../../Engine/Content/Internationalization/icudt64l/region/ta.res" 2058
"../../../Engine/Content/Internationalization/icudt64l/lang/te.res" 2059
"../../../Engine/Content/Internationalization/icudt64l/region/te.res" 2060
"../../../Engine/Content/Internationalization/icudt64l/lang/teo.res" 2061
"../../../Engine/Content/Internationalization/icudt64l/region/teo.res" 2062
"../../../Engine/Content/Internationalization/icudt64l/lang/tg.res" 2063
"../../../Engine/Content/Internationalization/icudt64l/region/tg.res" 2064
"../../../Engine/Content/Internationalization/icudt64l/lang/th.res" 2065
"../../../Engine/Content/Internationalization/icudt64l/lang/th_TH.res" 2066
"../../../Engine/Content/Internationalization/icudt64l/region/th_TH.res" 2067
"../../../Engine/Content/Internationalization/icudt64l/region/th.res" 2068
"../../../Engine/Content/Internationalization/icudt64l/lang/ti.res" 2069
"../../../Engine/Content/Internationalization/icudt64l/region/ti.res" 2070
"../../../Engine/Content/Internationalization/icudt64l/lang/tk.res" 2071
"../../../Engine/Content/Internationalization/icudt64l/region/tk.res" 2072
"../../../Engine/Content/Internationalization/icudt64l/lang/to.res" 2073
"../../../Engine/Content/Internationalization/icudt64l/region/to.res" 2074
"../../../Engine/Content/Internationalization/icudt64l/lang/tr.res" 2075
"../../../Engine/Content/Internationalization/icudt64l/region/tr.res" 2076
"../../../Engine/Content/Internationalization/icudt64l/lang/tt.res" 2077
"../../../Engine/Content/Internationalization/icudt64l/region/tt.res" 2078
"../../../Engine/Content/Internationalization/icudt64l/lang/twq.res" 2079
"../../../Engine/Content/Internationalization/icudt64l/region/twq.res" 2080
"../../../Engine/Content/Internationalization/icudt64l/lang/tzm.res" 2081
"../../../Engine/Content/Internationalization/icudt64l/region/tzm.res" 2082
"../../../Engine/Content/Internationalization/icudt64l/lang/ug.res" 2083
"../../../Engine/Content/Internationalization/icudt64l/region/ug.res" 2084
"../../../Engine/Content/Internationalization/icudt64l/lang/uk.res" 2085
"../../../Engine/Content/Internationalization/icudt64l/region/uk.res" 2086
"../../../Engine/Content/Internationalization/icudt64l/lang/ur.res" 2087
"../../../Engine/Content/Internationalization/icudt64l/lang/ur_IN.res" 2088
"../../../Engine/Content/Internationalization/icudt64l/region/ur_IN.res" 2089
"../../../Engine/Content/Internationalization/icudt64l/region/ur.res" 2090
"../../../Engine/Content/Internationalization/icudt64l/lang/uz.res" 2091
"../../../Engine/Content/Internationalization/icudt64l/lang/uz_Arab.res" 2092
"../../../Engine/Content/Internationalization/icudt64l/lang/uz_AF.res" 2093
"../../../Engine/Content/Internationalization/icudt64l/lang/uz_Arab_AF.res" 2094
"../../../Engine/Content/Internationalization/icudt64l/region/uz_AF.res" 2095
"../../../Engine/Content/Internationalization/icudt64l/region/uz_Arab_AF.res" 2096
"../../../Engine/Content/Internationalization/icudt64l/region/uz_Arab.res" 2097
"../../../Engine/Content/Internationalization/icudt64l/lang/uz_Cyrl.res" 2098
"../../../Engine/Content/Internationalization/icudt64l/lang/uz_UZ.res" 2099
"../../../Engine/Content/Internationalization/icudt64l/lang/uz_Latn_UZ.res" 2100
"../../../Engine/Content/Internationalization/icudt64l/lang/uz_Latn.res" 2101
"../../../Engine/Content/Internationalization/icudt64l/region/uz_UZ.res" 2102
"../../../Engine/Content/Internationalization/icudt64l/region/uz_Latn_UZ.res" 2103
"../../../Engine/Content/Internationalization/icudt64l/region/uz_Latn.res" 2104
"../../../Engine/Content/Internationalization/icudt64l/region/uz.res" 2105
"../../../Engine/Content/Internationalization/icudt64l/region/uz_Cyrl.res" 2106
"../../../Engine/Content/Internationalization/icudt64l/lang/vai.res" 2107
"../../../Engine/Content/Internationalization/icudt64l/lang/vai_Latn.res" 2108
"../../../Engine/Content/Internationalization/icudt64l/lang/vai_LR.res" 2109
"../../../Engine/Content/Internationalization/icudt64l/lang/vai_Vaii_LR.res" 2110
"../../../Engine/Content/Internationalization/icudt64l/lang/vai_Vaii.res" 2111
"../../../Engine/Content/Internationalization/icudt64l/region/vai_LR.res" 2112
"../../../Engine/Content/Internationalization/icudt64l/region/vai_Vaii_LR.res" 2113
"../../../Engine/Content/Internationalization/icudt64l/region/vai_Vaii.res" 2114
"../../../Engine/Content/Internationalization/icudt64l/region/vai.res" 2115
"../../../Engine/Content/Internationalization/icudt64l/region/vai_Latn.res" 2116
"../../../Engine/Content/Internationalization/icudt64l/lang/vi.res" 2117
"../../../Engine/Content/Internationalization/icudt64l/region/vi.res" 2118
"../../../Engine/Content/Internationalization/icudt64l/lang/vun.res" 2119
"../../../Engine/Content/Internationalization/icudt64l/region/vun.res" 2120
"../../../Engine/Content/Internationalization/icudt64l/lang/wae.res" 2121
"../../../Engine/Content/Internationalization/icudt64l/region/wae.res" 2122
"../../../Engine/Content/Internationalization/icudt64l/lang/wo.res" 2123
"../../../Engine/Content/Internationalization/icudt64l/region/wo.res" 2124
"../../../Engine/Content/Internationalization/icudt64l/lang/xh.res" 2125
"../../../Engine/Content/Internationalization/icudt64l/region/xh.res" 2126
"../../../Engine/Content/Internationalization/icudt64l/lang/xog.res" 2127
"../../../Engine/Content/Internationalization/icudt64l/region/xog.res" 2128
"../../../Engine/Content/Internationalization/icudt64l/lang/yav.res" 2129
"../../../Engine/Content/Internationalization/icudt64l/region/yav.res" 2130
"../../../Engine/Content/Internationalization/icudt64l/lang/yi.res" 2131
"../../../Engine/Content/Internationalization/icudt64l/region/yi.res" 2132
"../../../Engine/Content/Internationalization/icudt64l/lang/yo.res" 2133
"../../../Engine/Content/Internationalization/icudt64l/lang/yo_BJ.res" 2134
"../../../Engine/Content/Internationalization/icudt64l/region/yo_BJ.res" 2135
"../../../Engine/Content/Internationalization/icudt64l/region/yo.res" 2136
"../../../Engine/Content/Internationalization/icudt64l/lang/yue.res" 2137
"../../../Engine/Content/Internationalization/icudt64l/lang/yue_Hans.res" 2138
"../../../Engine/Content/Internationalization/icudt64l/lang/yue_CN.res" 2139
"../../../Engine/Content/Internationalization/icudt64l/lang/yue_Hans_CN.res" 2140
"../../../Engine/Content/Internationalization/icudt64l/region/yue_CN.res" 2141
"../../../Engine/Content/Internationalization/icudt64l/region/yue_Hans_CN.res" 2142
"../../../Engine/Content/Internationalization/icudt64l/region/yue_Hans.res" 2143
"../../../Engine/Content/Internationalization/icudt64l/lang/yue_Hant.res" 2144
"../../../Engine/Content/Internationalization/icudt64l/lang/yue_HK.res" 2145
"../../../Engine/Content/Internationalization/icudt64l/lang/yue_Hant_HK.res" 2146
"../../../Engine/Content/Internationalization/icudt64l/region/yue_HK.res" 2147
"../../../Engine/Content/Internationalization/icudt64l/region/yue_Hant_HK.res" 2148
"../../../Engine/Content/Internationalization/icudt64l/region/yue_Hant.res" 2149
"../../../Engine/Content/Internationalization/icudt64l/region/yue.res" 2150
"../../../Engine/Content/Internationalization/icudt64l/lang/zgh.res" 2151
"../../../Engine/Content/Internationalization/icudt64l/region/zgh.res" 2152
"../../../Engine/Content/Internationalization/icudt64l/lang/zh_HK.res" 2153
"../../../Engine/Content/Internationalization/icudt64l/lang/zh_Hant_HK.res" 2154
"../../../Engine/Content/Internationalization/icudt64l/lang/zh_Hant.res" 2155
"../../../Engine/Content/Internationalization/icudt64l/region/zh_HK.res" 2156
"../../../Engine/Content/Internationalization/icudt64l/region/zh_Hant_HK.res" 2157
"../../../Engine/Content/Internationalization/icudt64l/region/zh_Hant.res" 2158
"../../../Engine/Content/Internationalization/icudt64l/lang/zh_MO.res" 2159
"../../../Engine/Content/Internationalization/icudt64l/lang/zh_Hant_MO.res" 2160
"../../../Engine/Content/Internationalization/icudt64l/region/zh_MO.res" 2161
"../../../Engine/Content/Internationalization/icudt64l/region/zh_Hant_MO.res" 2162
"../../../Engine/Content/Internationalization/icudt64l/lang/zh_SG.res" 2163
"../../../Engine/Content/Internationalization/icudt64l/lang/zh_Hans_SG.res" 2164
"../../../Engine/Content/Internationalization/icudt64l/region/zh_SG.res" 2165
"../../../Engine/Content/Internationalization/icudt64l/region/zh_Hans_SG.res" 2166
"../../../Engine/Content/Internationalization/icudt64l/lang/zh_TW.res" 2167
"../../../Engine/Content/Internationalization/icudt64l/lang/zh_Hant_TW.res" 2168
"../../../Engine/Content/Internationalization/icudt64l/region/zh_TW.res" 2169
"../../../Engine/Content/Internationalization/icudt64l/region/zh_Hant_TW.res" 2170
"../../../Engine/Content/Internationalization/icudt64l/lang/zu.res" 2171
"../../../Engine/Content/Internationalization/icudt64l/region/zu.res" 2172
"../../../Engine/Content/Internationalization/icudt64l/lang/no.res" 2173
"../../../Engine/Content/Internationalization/icudt64l/lang/tl.res" 2174
"../../../Engine/Config/Android/DataDrivenPlatformInfo.ini" 2175
"../../../Engine/Config/IOS/DataDrivenPlatformInfo.ini" 2176
"../../../Engine/Config/Linux/DataDrivenPlatformInfo.ini" 2177
"../../../Engine/Config/Mac/DataDrivenPlatformInfo.ini" 2178
"../../../Engine/Config/TVOS/DataDrivenPlatformInfo.ini" 2179
"../../../Engine/Config/Unix/DataDrivenPlatformInfo.ini" 2180
"../../../Engine/Config/VulkanPC/DataDrivenPlatformInfo.ini" 2181
"../../../Engine/Config/Windows/DataDrivenPlatformInfo.ini" 2182
"../../../Engine/Platforms/VisionOS/Config/DataDrivenPlatformInfo.ini" 2183
"../../../Engine/Content/Renderer/TessellationTable.bin" 2184
"../../../Engine/DerivedDataCache/Compressed.ddp" 2185
"C:/Users/jessi/AppData/Local/UnrealEngine/Common/Zen/Install/zen_plugin_versions.json" 2186
"C:/Users/jessi/AppData/Local/UnrealEngine/5.8/Saved/Zen/zen.version" 2187
"C:/Users/jessi/AppData/Local/UnrealEngine/Common/Zen/Install/zen.version" 2188
"C:/Users/jessi/AppData/Local/UnrealEngine/Common/Zen/Install/security-config.json" 2189
"C:/Users/jessi/AppData/Local/UnrealEngine/Common/Zen/Install/zenserver.runcontext" 2190
"C:/Users/jessi/AppData/Local/UnrealEngine/Common/DerivedDataCache/TestData/0/TestData_4kb.dat" 2191
"C:/Users/jessi/AppData/Local/UnrealEngine/Common/DerivedDataCache/TestData/1/TestData_4kb.dat" 2192
"C:/Users/jessi/AppData/Local/UnrealEngine/Common/DerivedDataCache/TestData/0/TestData_8kb.dat" 2193
"C:/Users/jessi/AppData/Local/UnrealEngine/Common/DerivedDataCache/TestData/1/TestData_8kb.dat" 2194
"C:/Users/jessi/AppData/Local/UnrealEngine/Common/DerivedDataCache/TestData/0/TestData_16kb.dat" 2195
"C:/Users/jessi/AppData/Local/UnrealEngine/Common/DerivedDataCache/TestData/1/TestData_16kb.dat" 2196
"C:/Users/jessi/AppData/Local/UnrealEngine/Common/DerivedDataCache/TestData/0/TestData_64kb.dat" 2197
"C:/Users/jessi/AppData/Local/UnrealEngine/Common/DerivedDataCache/TestData/1/TestData_64kb.dat" 2198
"C:/Users/jessi/AppData/Local/UnrealEngine/Common/DerivedDataCache/TestData/0/TestData_128kb.dat" 2199
"C:/Users/jessi/AppData/Local/UnrealEngine/Common/DerivedDataCache/TestData/1/TestData_128kb.dat" 2200
"C:/Users/jessi/AppData/Local/UnrealEngine/Common/DerivedDataCache/TestData/0/TestData_256kb.dat" 2201
"C:/Users/jessi/AppData/Local/UnrealEngine/Common/DerivedDataCache/TestData/1/TestData_256kb.dat" 2202
"C:/Users/jessi/AppData/Roaming/Unreal Engine/UnrealBuildTool/BuildConfiguration.xml" 2203
"../../../../github test/Gamejam/Intermediate/ShaderAutogen/PCD3D_SM6/AutogenShaderHeaders.ush" 2204
"../../../Engine/Shaders/Private/HairStrands/HairStrandsVertexFactory.ush" 2205
"../../../Engine/Shaders/Private/VertexFactoryCommon.ush" 2206
"../../../Engine/Shaders/Private/Common.ush" 2207
"../../../Engine/Shaders/Public/Platform.ush" 2208
"../../../Engine/Shaders/Public/FP16Math.ush" 2209
"../../../Engine/Shaders/Public/Platform/D3D/D3DCommon.ush" 2210
"../../../Engine/Shaders/Shared/HLSLReservedSpaces.h" 2211
"../../../Engine/Shaders/Public/BindlessResources.ush" 2212
"../../../Engine/Shaders/Public/Platform/D3D/PlatformBindlessResources.ush" 2213
"../../../Engine/Shaders/Shared/RayTracingBuiltInResources.h" 2214
"../../../Engine/Shaders/Shared/RayTracingDefinitions.h" 2215
"../../../Engine/Shaders/Shared/MaterialCacheDefinitions.h" 2216
"../../../Engine/Shaders/Shared/HLSLTypeAliases.h" 2217
"../../../Engine/Shaders/Public/IndirectVirtualTexture.ush" 2218
"../../../Engine/Shaders/Shared/IndirectVirtualTextureDefinitions.h" 2219
"../../../Engine/Shaders/Public/OverloadMacros.ush" 2220
"../../../Engine/Shaders/Public/ShaderVersion.ush" 2221
"../../../Engine/Shaders/Public/NvidiaExtensionsCommon.ush" 2222
"../../../Engine/Shaders/Shared/ThirdParty/NVIDIA/nvHLSLExtns.h" 2223
"../../../Engine/Shaders/Shared/ThirdParty/NVIDIA/nvHLSLExtnsInternal.h" 2224
"../../../Engine/Shaders/Shared/ThirdParty/NVIDIA/nvShaderExtnEnums.h" 2225
"../../../Engine/Shaders/Private/PackUnpack.ush" 2226
"../../../Engine/Shaders/Private/GeneratedUniformBufferTypes.ush" 2227
"../../../Engine/Shaders/Private/Nanite/NanitePackedNaniteView.ush" 2228
"../../../Engine/Shaders/Private/HairStrands/HairStrandsVisibilityCommonStruct.ush" 2229
"../../../Engine/Shaders/Private/HairStrands/HairStrandsVoxelPageCommonStruct.ush" 2230
"../../../Engine/Shaders/Private/HairStrands/HairStrandsDeepShadowCommonStruct.ush" 2231
"../../../Engine/Shaders/Shared/LightSceneData.h" 2232
"../../../Engine/Shaders/Private/LargeWorldCoordinates.ush" 2233
"../../../Engine/Shaders/Private/DoubleFloat.ush" 2234
"../../../Engine/Shaders/Private/RandomPCG.ush" 2235
"../../../Engine/Shaders/Private/DoubleFloatOperations.ush" 2236
"../../../Engine/Shaders/Private/DoubleFloatVectorDefinition.ush" 2237
"../../../Engine/Shaders/Private/LWCOperations.ush" 2238
"../../../Engine/Shaders/Shared/LightViewData.h" 2239
"../../../Engine/Shaders/Shared/RayTracingTypes.h" 2240
"../../../Engine/Shaders/Shared/HLSLStaticAssert.h" 2241
"../../../Engine/Shaders/Shared/NaniteDefinitions.h" 2242
"../../../Engine/Shaders/Private/CommonViewUniformBuffer.ush" 2243
"../../../Engine/Shaders/Private/InstancedStereo.ush" 2244
"../../../Engine/Shaders/Private/Definitions.usf" 2245
"../../../Engine/Shaders/Private/AssertionMacros.ush" 2246
"../../../Engine/Shaders/Private/FastMath.ush" 2247
"../../../Engine/Shaders/Private/FastMathThirdParty.ush" 2248
"../../../Engine/Shaders/Private/Random.ush" 2249
"../../../Engine/Shaders/Private/RandomInterleavedGradientNoise.ush" 2250
"../../../Engine/Shaders/Private/SceneData.ush" 2251
"../../../Engine/Shaders/Private/OctahedralCommon.ush" 2252
"../../../Engine/Shaders/Private/WaveOpUtil.ush" 2253
"../../../Engine/Shaders/Private/ByteBuffer.ush" 2254
"../../../Engine/Shaders/Shared/SceneDefinitions.h" 2255
"../../../Engine/Shaders/Private/SceneDataMobileLoader.ush" 2256
"../../../Engine/Shaders/Private/LocalVertexFactoryCommon.ush" 2257
"../../../Engine/Shaders/Private/HairStrands/HairStrandsVisibilityCommon.ush" 2258
"../../../Engine/Shaders/Shared/HairStrandsDefinitions.h" 2259
"../../../Engine/Shaders/Private/HairStrands/HairStrandsVertexFactoryCommon.ush" 2260
"../../../Engine/Shaders/Private/HairStrands/HairStrandsPack.ush" 2261
"../../../Engine/Shaders/Private/HairStrands/HairStrandsAttributeCommon.ush" 2262
"../../../Engine/Shaders/Private/HairStrands/HairStrandsAttributeTemplate.ush" 2263
"../../../Engine/Shaders/Private/VertexFactoryDefaultInterface.ush" 2264
"../../../Engine/Shaders/Private/HairStrands/HairCardsVertexFactory.ush" 2265
"../../../Engine/Shaders/Private/HairStrands/HairCardsAttributeCommon.ush" 2266
"../../../Engine/Shaders/Private/RayTracing/RayTracingCommon.ush" 2267
"../../../Engine/Shaders/Private/ShadingCommon.ush" 2268
"../../../Engine/Shaders/Shared/RayTracingPayloadType.h" 2269
"../../../Engine/Shaders/Private/RayTracing/RayTracingRayCone.ush" 2270
"../../../Engine/Shaders/Private/Substrate/Substrate.ush" 2271
"../../../Engine/Shaders/Private/ShadingEnergyConservation.ush" 2272
"../../../Engine/Shaders/Private/ShadingEnergyConservationTemplate.ush" 2273
"../../../Engine/Shaders/Private/BRDF.ush" 2274
"../../../Engine/Shaders/Private/ColorSpace.ush" 2275
"../../../Engine/Shaders/Private/DeferredShadingCommon.ush" 2276
"../../../Engine/Shaders/Private/LightAccumulator.ush" 2277
"../../../Engine/Shaders/Private/SceneTexturesCommon.ush" 2278
"../../../Engine/Shaders/Private/MonteCarlo.ush" 2279
"../../../Engine/Shaders/Private/GBufferHelpers.ush" 2280
"../../../Engine/Shaders/Private/SceneTextureParameters.ush" 2281
"D:/github test/Gamejam/Intermediate/ShaderAutogen/PCD3D_SM6/AutogenShaderHeaders.ush" 2282
"../../../Engine/Shaders/Private/ParticipatingMediaCommon.ush" 2283
"../../../Engine/Shaders/Private/ThinFilmBSDF.ush" 2284
"../../../Engine/Shaders/Private/MortonCode.ush" 2285
"../../../Engine/Shaders/Private/SubsurfaceProfileCommon.ush" 2286
"../../../Engine/Shaders/Private/BurleyNormalizedSSSCommon.ush" 2287
"../../../Engine/Shaders/Private/GammaCorrectionCommon.ush" 2288
"../../../Engine/Shaders/Shared/SubstrateDefinitions.h" 2289
"../../../Engine/Shaders/Private/Substrate/SubstrateStatisticalOperators.ush" 2290
"../../../Engine/Shaders/Private/Substrate/SubstrateSubsurface.ush" 2291
"../../../Engine/Shaders/Private/TransmissionCommon.ush" 2292
"../../../Engine/Shaders/Private/Substrate/SubstrateExportCommon.ush" 2293
"../../../Engine/Shaders/Private/SpecularProfileCommon.ush" 2294
"../../../Engine/Shaders/Private/Substrate/SubstrateToonBSDF.ush" 2295
"../../../Engine/Shaders/Private/AreaLightCommon.ush" 2296
"../../../Engine/Shaders/Private/RectLight.ush" 2297
"../../../Engine/Shaders/Private/CapsuleLight.ush" 2298
"../../../Engine/Shaders/Private/LightData.ush" 2299
"../../../Engine/Shaders/Private/HairShadingCommon.ush" 2300
"../../../Engine/Shaders/Shared/LightDefinitions.h" 2301
"../../../Engine/Shaders/Private/ToonProfileCommon.ush" 2302
"../../../Engine/Shaders/Shared/ToonProfileDefinitions.h" 2303
"../../../Engine/Shaders/Private/RayTracing/RayTracingCommonMetal.ush" 2304
"../../../Engine/Shaders/Private/PositionReconstructionCommon.ush" 2305
"../../../Engine/Shaders/Private/RayTracing/TraceRayInline.ush" 2306
"../../../Engine/Shaders/Private/RayTracing/TraceRayInlineCommon.ush" 2307
"../../../Engine/Shaders/Private/RayTracing/TraceRayInlineVulkan.ush" 2308
"../../../Engine/Shaders/Private/RayTracing/TraceRayInlineMetal.ush" 2309
"../../../Engine/Shaders/Private/RayTracing/RayTracingHitGroupCommon.ush" 2310
"../../../Engine/Shaders/Private/Nanite/NaniteRayTrace.ush" 2311
"../../../Engine/Shaders/Private/Nanite/NaniteDataDecode.ush" 2312
"../../../Engine/Shaders/Private/BitPacking.ush" 2313
"../../../Engine/Shaders/Private/BitStreamReaderImplementation.ush" 2314
"../../../Engine/Shaders/Private/BoneTransform.ush" 2315
"../../../Engine/Shaders/Private/Quaternion.ush" 2316
"../../../Engine/Shaders/Private/Skinning/SkinningSceneDataDecode.ush" 2317
"../../../Engine/Shaders/Private/Skinning/SkinningDataDecode.ush" 2318
"../../../Engine/Shaders/Shared/SkinningDefinitions.h" 2319
"../../../Engine/Shaders/Private/Nanite/NaniteAttributeDecode.ush" 2320
"../../../Engine/Shaders/Private/Barycentrics.ush" 2321
"../../../Engine/Shaders/Private/DualNumber.ush" 2322
"../../../Engine/Shaders/Shared/ThirdParty/RayTriangleIntersection.h" 2323
"../../../Engine/Shaders/Private/Nanite/NaniteVertexFetch.ush" 2324
"../../../Engine/Shaders/Private/ViewData.ush" 2325
"../../../Engine/Shaders/Shared/ViewDefinitions.h" 2326
"../../../Engine/Shaders/Private/Nanite/NaniteSceneCommon.ush" 2327
"../../../Engine/Shaders/Private/RayTracing/TraceRayInlineD3D12.ush" 2328
"../../../Engine/Plugins/Experimental/Water/Shaders/Private/WaterMeshVertexFactory.ush" 2329
"../../../Engine/Plugins/FX/Niagara/Shaders/Private/NiagaraSpriteVertexFactory.ush" 2330
"../../../Engine/Shaders/Private/ParticleVertexFactoryCommon.ush" 2331
"../../../Engine/Plugins/FX/Niagara/Shaders/Private/NiagaraVFCommon.usf" 2332
"../../../Engine/Plugins/FX/Niagara/Shaders/Private/NiagaraVFParticleAccess.usf" 2333
"../../../Engine/Plugins/FX/Niagara/Shaders/Private/NiagaraParticleAccess.ush" 2334
"../../../Engine/Plugins/FX/Niagara/Shaders/Private/NiagaraRibbonVertexFactory.ush" 2335
"../../../Engine/Plugins/FX/Niagara/Shaders/Private/NiagaraMeshVertexFactory.ush" 2336
"../../../Engine/Plugins/FX/Niagara/Shaders/Private/NiagaraCommon.ush" 2337
"../../../Engine/Plugins/FX/Niagara/Shaders/Private/NiagaraMeshParticleUtils.ush" 2338
"../../../Engine/Shaders/Private/VectorFieldVisualizationVertexFactory.ush" 2339
"../../../Engine/Shaders/Private/Nanite/NaniteVertexFactory.ush" 2340
"../../../Engine/Shaders/Private/LightmapData.ush" 2341
"../../../Engine/Shaders/Private/SplineMeshCommon.ush" 2342
"../../../Engine/Shaders/Shared/SplineMeshShaderParams.h" 2343
"../../../Engine/Shaders/Private/ShaderPrint.ush" 2344
"../../../Engine/Shaders/Private/ShaderPrintCommon.ush" 2345
"../../../Engine/Shaders/Private/MiniFontCommon.ush" 2346
"../../../Engine/Shaders/Private/SGGX.ush" 2347
"../../../Engine/Shaders/Private/MaterialCache/MaterialCacheCommon.ush" 2348
"../../../Engine/Shaders/Private/Nanite/NaniteVertexDeformation.ush" 2349
"../../../Engine/Shaders/Private/Matrices.ush" 2350
"../../../Engine/Shaders/Private/ParticleSpriteVertexFactory.ush" 2351
"../../../Engine/Shaders/Private/ParticleGPUSpriteVertexFactory.ush" 2352
"../../../Engine/Shaders/Private/ParticleSimulationCommon.ush" 2353
"../../../Engine/Shaders/Private/ParticleBeamTrailVertexFactory.ush" 2354
"../../../Engine/Shaders/Private/MeshParticleVertexFactory.ush" 2355
"../../../Engine/Shaders/Private/LocalVertexFactory.ush" 2356
"../../../Engine/Shaders/Private/GpuSkinCommon.ush" 2357
"../../../Engine/Shaders/Private/GpuSkinVertexFactory.ush" 2358
"../../../Engine/Shaders/Private/GeometryCollectionVertexFactory.ush" 2359
"../../../Engine/Shaders/Private/GeometryCacheVertexFactory.ush" 2360
"../../../Engine/Shaders/Private/LandscapeVertexFactory.ush" 2361
"../../../Engine/Shaders/Private/Nanite/NaniteTranslucencyFactory.ush" 2362
"../../../Engine/Shaders/Private/ComputeShaderUtils.ush" 2363
"../../../Engine/Shaders/Private/Nanite/NaniteRasterizationCommon.ush" 2364
"../../../Engine/Shaders/Private/Nanite/NaniteRasterizer.ush" 2365
"../../../Engine/Shaders/Private/VirtualShadowMaps/VirtualShadowMapPageAccessCommon.ush" 2366
"../../../Engine/Shaders/Shared/VirtualShadowMapDefinitions.h" 2367
"../../../Engine/Shaders/Shared/HLSLMathAliases.h" 2368
"../../../Engine/Shaders/Private/VirtualShadowMaps/VirtualShadowMapHandle.ush" 2369
"../../../Engine/Shaders/Private/VirtualShadowMaps/VirtualShadowMapPageOverlap.ush" 2370
"../../../Engine/Shaders/Private/Nanite/NaniteHZBCull.ush" 2371
"../../../Engine/Shaders/Private/HZB.ush" 2372
"../../../Engine/Shaders/Private/VirtualShadowMaps/VirtualShadowMapPageCacheCommon.ush" 2373
"../../../Engine/Shaders/Private/VirtualShadowMaps/VirtualShadowMapProjectionStructs.ush" 2374
"../../../Engine/Shaders/Private/Nanite/NaniteWritePixel.ush" 2375
"../../../Engine/Shaders/Private/Nanite/NaniteCullingCommon.ush" 2376
"../../../Engine/Shaders/Private/Nanite/NaniteCulling.ush" 2377
"../../../Engine/Shaders/Private/Nanite/NaniteHierarchyTraversalCommon.ush" 2378
"../../../Engine/Shaders/Private/MaterialTemplate.ush" 2379
"../../../Engine/Shaders/Private/WorldSpaceMath.ush" 2380
"../../../Engine/Shaders/Private/EyeAdaptationCommon.ush" 2381
"../../../Engine/Shaders/Private/SobolRandom.ush" 2382
"../../../Engine/Shaders/Private/DepthOfFieldCommon.ush" 2383
"../../../Engine/Shaders/Private/CircleDOFCommon.ush" 2384
"../../../Engine/Shaders/Private/DistanceField/GlobalDistanceFieldShared.ush" 2385
"../../../Engine/Shaders/Private/PhysicsFieldSampler.ush" 2386
"../../../Engine/Shaders/Private/PhysicsFieldShared.ush" 2387
"../../../Engine/Shaders/Private/PhysicsFieldEval.ush" 2388
"../../../Engine/Shaders/Private/SparseVolumeTexture/SparseVolumeTextureCommon.ush" 2389
"../../../Engine/Shaders/Shared/EnvironmentComponentsFlags.h" 2390
"../../../Engine/Shaders/Private/MeshPaintTextureCommon.ush" 2391
"../../../Engine/Shaders/Private/VirtualTextureMaterial.ush" 2392
"../../../Engine/Shaders/Private/MaterialCache/MaterialCacheMaterialCommon.ush" 2393
"../../../Engine/Shaders/Private/VirtualTextureCommon.ush" 2394
"../../../Engine/Shaders/Shared/VirtualTextureDefinitions.h" 2395
"../../../Engine/Shaders/Private/BlueNoiseCommon.ush" 2396
"../../../Engine/Shaders/Private/Quantization.ush" 2397
"../../../Engine/Shaders/Private/SpeedTreeCommon.ush" 2398
"../../../Engine/Shaders/Public/IndirectVirtualTextureCommon.ush" 2399
"../../../Engine/Shaders/Private/MaterialTexture.ush" 2400
"../../../Engine/Shaders/Private/MinMaterialTexCoords.ush" 2401
"../../../Engine/Shaders/Private/SkyAtmosphereCommon.ush" 2402
"../../../Engine/Shaders/Private/SingleLayerWaterCommon.ush" 2403
"../../../Engine/Shaders/Private/TextureSampling.ush" 2404
"../../../Engine/Shaders/Private/PaniniProjection.ush" 2405
"../../../Engine/Shaders/Private/DBufferNormalReprojection.ush" 2406
"../../../Engine/Shaders/Public/SubstratePublic.ush" 2407
"../../../Engine/Shaders/Private/Substrate/SubstrateRead.ush" 2408
"../../../Engine/Shaders/Private/Substrate/SubstrateTree.ush" 2409
"../../../Engine/Shaders/Private/Substrate/SubstrateEvaluation.ush" 2410
"../../../Engine/Shaders/Private/Substrate/Glint/GlintThirdParty.ush" 2411
"../../../Engine/Shaders/Private/BlueNoise.ush" 2412
"../../../Engine/Shaders/Private/SHCommon.ush" 2413
"../../../Engine/Shaders/Private/ShadingModels.ush" 2414
"../../../Engine/Shaders/Private/HairBsdf.ush" 2415
"../../../Engine/Shaders/Private/PathTracing/Utilities/PathTracingRandomSequence.ush" 2416
"../../../Engine/Shaders/Private/MobileGGX.ush" 2417
"../../../Engine/Shaders/Private/ShadingModelsSampling.ush" 2418
"../../../Engine/Shaders/Private/HairStrands/HairBsdfSample.ush" 2419
"../../../Engine/Shaders/Private/HairStrands/HairStrandsCommon.ush" 2420
"../../../Engine/Shaders/Private/HairStrands/HairStrandsDeepTransmittanceCommon.ush" 2421
"../../../Engine/Shaders/Private/HairStrands/HairStrandsDeepTransmittanceDualScattering.ush" 2422
"../../../Engine/Shaders/Private/HairStrands/HairStrandsEnvironmentLightingCommon.ush" 2423
"../../../Engine/Shaders/Private/Substrate/SubstrateLegacyConversion.ush" 2424
"../../../Engine/Shaders/Private/DBufferDecalShared.ush" 2425
"../../../Engine/Shaders/Private/Nanite/NaniteTessellation.ush" 2426
"../../../Engine/Shaders/Private/WorkDistribution.ush" 2427
"../../../Engine/Shaders/Public/RootConstants.ush" 2428
"../../../Engine/Shaders/Public/Platform/D3D/D3DRootConstants.ush" 2429
"../../../Engine/Plugins/Media/WmfMedia/Shaders/Private/MediaHardwareVideoDecoding.usf" 2430
"../../../Engine/Shaders/Private/ColorUtils.ush" 2431
"../../../Engine/Plugins/Media/TmvMedia/Shaders/Private/TmvTextureYuvConverter.usf" 2432
"../../../Engine/Plugins/Media/TmvMedia/Shaders/Private/TmvColorProcessing.ush" 2433
"../../../Engine/Plugins/Media/TmvMedia/Shaders/Private/TmvTextureBufferSwizzler.usf" 2434
"../../../Engine/Plugins/Media/TmvMedia/Shaders/Private/TmvStructuredBufferSwizzler.usf" 2435
"../../../Engine/Plugins/Media/ImgMedia/Shaders/Private/ExrSwizzler.usf" 2436
"../../../Engine/Plugins/Enterprise/GLTFExporter/Shaders/Private/SimpleTexture2DPS.usf" 2437
"../../../Engine/Shaders/Private/SimpleElementNormalMapPixelShader.usf" 2438
"../../../Engine/Plugins/Runtime/HairStrands/Shaders/Private/NiagaraCopyVelocityGrid.usf" 2439
"../../../Engine/Plugins/Runtime/HairStrands/Shaders/Private/NiagaraClearVelocityGrid.usf" 2440
"../../../Engine/Plugins/Runtime/HairStrands/Shaders/Private/NiagaraClearPressureGrid.usf" 2441
"../../../Engine/Plugins/Runtime/HairStrands/Shaders/Private/NiagaraInterpolateGroomGuides.usf" 2442
"../../../Engine/Plugins/Runtime/HairStrands/Shaders/Private/NiagaraGroomInterpolationUtils.ush" 2443
"../../../Engine/Plugins/FX/Niagara/Shaders/Private/NiagaraQuaternionUtils.ush" 2444
"../../../Engine/Shaders/Private/HairStrands/HairStrandsMesh.usf" 2445
"../../../Engine/Shaders/Private/HairStrands/HairStrandsBindingCommon.ush" 2446
"../../../Engine/Shaders/Private/HairStrands/HairStrandsFollicleMask.usf" 2447
"../../../Engine/Shaders/Private/HairStrands/HairStrandsSkinUpdate.usf" 2448
"../../../Engine/Shaders/Private/HairStrands/HairStrandsClusterCulling.usf" 2449
"../../../Engine/Shaders/Private/ColorMap.ush" 2450
"../../../Engine/Shaders/Private/HairStrands/HairStrandsAABBCommon.ush" 2451
"../../../Engine/Shaders/Private/HairStrands/HairStrandsClusterCommon.ush" 2452
"../../../Engine/Shaders/Private/ThreadGroupPrefixSum.ush" 2453
"../../../Engine/Shaders/Private/HairStrands/HairStrandsRaytracingGeometry.usf" 2454
"../../../Engine/Shaders/Private/HairStrands/HairStrandsTangent.usf" 2455
"../../../Engine/Shaders/Private/HairStrands/HairCardsDeformation.usf" 2456
"../../../Engine/Shaders/Private/HairStrands/HairStrandsInterpolation.usf" 2457
"../../../Engine/Shaders/Private/HairStrands/HairStrandsGuideDeform.usf" 2458
"../../../Engine/Shaders/Private/HairStrands/HairStrandsTexturesGeneration.usf" 2459
"../../../Engine/Shaders/Private/HairStrands/HairCardsTextureCommon.ush" 2460
"../../../Engine/Shaders/Private/HairStrands/HairStrandsTranscode.usf" 2461
"../../../Engine/Shaders/Private/HairStrands/HairStrandsDebug.usf" 2462
"../../../Engine/Shaders/Private/PostProcessCommon.ush" 2463
"../../../Engine/Plugins/Runtime/ComputeFramework/Shaders/Private/ComputeKernel.usf" 2464
"../../../Engine/Plugins/Runtime/ComputeFramework/Shaders/Private/ComputeKernelCommon.ush" 2465
"../../../Engine/Plugins/NNE/NNEDenoiser/Shaders/NNEDenoiserShadersTransferFunctionOidn.usf" 2466
"../../../Engine/Plugins/NNE/NNEDenoiser/Shaders/NNEDenoiserShadersMappedCopy.usf" 2467
"../../../Engine/Plugins/NNE/NNEDenoiser/Shaders/NNEDenoiserShadersDefaultIOProcess.usf" 2468
"../../../Engine/Plugins/NNE/NNEDenoiser/Shaders/NNEDenoiserShadersAutoExposureReduceFinal.usf" 2469
"../../../Engine/Plugins/NNE/NNEDenoiser/Shaders/NNEDenoiserShadersAutoExposureReduce.usf" 2470
"../../../Engine/Plugins/NNE/NNEDenoiser/Shaders/NNEDenoiserShadersAutoExposureDownsample.usf" 2471
"../../../Engine/Plugins/Experimental/NFORDenoise/Shaders/NFORDenoise.usf" 2472
"../../../Engine/Shaders/Private/ScreenPass.ush" 2473
"../../../Engine/Plugins/Experimental/NFORDenoise/Shaders/NFORRegressionCommon.ush" 2474
"../../../Engine/Plugins/Experimental/NFORDenoise/Shaders/NFORRegression.ush" 2475
"../../../Engine/Plugins/Compositing/CompositeCore/Shaders/Private/CompositeCoreMerge.usf" 2476
"../../../Engine/Shaders/Private/LensDistortion.ush" 2477
"../../../Engine/Plugins/Compositing/CompositeCore/Shaders/Private/CompositeCoreBlending.ush" 2478
"../../../Engine/Plugins/Compositing/CompositeCore/Shaders/Private/CompositeCoreDisplayTransform.usf" 2479
"../../../Engine/Plugins/Compositing/CompositeCore/Shaders/Private/CompositeCoreDilate.usf" 2480
"../../../Engine/Plugins/PCG/Shaders/Private/PCGUnwrapMesh.usf" 2481
"../../../Engine/Plugins/PCG/Shaders/Private/PCGTextureReadback.usf" 2482
"../../../Engine/Plugins/PCG/Shaders/Private/PCGTexureDownsample.usf" 2483
"../../../Engine/Plugins/PCG/Shaders/Private/PCGSceneWriter.usf" 2484
"../../../Engine/Shaders/Private/GPUScene/GPUSceneWriter.ush" 2485
"../../../Engine/Plugins/PCG/Shaders/Private/PCGRayTrace.usf" 2486
"../../../Engine/Shaders/Private/Visualization.ush" 2487
"../../../Engine/Shaders/Private/Hash.ush" 2488
"../../../Engine/Plugins/PCG/Shaders/Private/PCGGrassMapUnpackerCS.usf" 2489
"../../../Engine/Shaders/Private/Landscape/LandscapeCommon.ush" 2490
"../../../Engine/Plugins/PCG/Shaders/Private/PCGDilate.usf" 2491
"../../../Engine/Plugins/Experimental/Water/Shaders/Private/WaterQuadTreeDraws.usf" 2492
"../../../Engine/Plugins/Experimental/Water/Shaders/Private/WaterQuadTreeCommon.ush" 2493
"../../../Engine/Plugins/Experimental/Water/Shaders/Private/WaterQuadTreeBuild.usf" 2494
"../../../Engine/Plugins/Experimental/Water/Shaders/Private/WaterQuadTreeMerge.usf" 2495
"../../../Engine/Plugins/Experimental/Water/Shaders/Private/WaterQuadTreePixelShader.usf" 2496
"../../../Engine/Plugins/Experimental/Water/Shaders/Private/WaterQuadTreeVertexShader.usf" 2497
"../../../Engine/Plugins/Experimental/Water/Shaders/Private/WaterInfoFinalize.usf" 2498
"../../../Engine/Plugins/Experimental/Water/Shaders/Private/WaterInfoMerge.usf" 2499
"../../../Engine/Plugins/FX/Niagara/Shaders/Private/NiagaraVertexFactoryExport.usf" 2500
"../../../Engine/Plugins/FX/Niagara/Shaders/Private/NiagaraSortKeyGen.usf" 2501
"../../../Engine/Plugins/FX/Niagara/Shaders/Private/NiagaraGPURayTracingTransforms.usf" 2502
"../../../Engine/Plugins/FX/Niagara/Shaders/Private/NiagaraDrawIndirectArgsGen.usf" 2503
"../../../Engine/Plugins/FX/Niagara/Shaders/Private/NiagaraDispatchIndirectArgsGen.usf" 2504
"../../../Engine/Plugins/FX/Niagara/Shaders/Private/Stateless/NiagaraStatelessSimulationDefault.usf" 2505
"../../../Engine/Plugins/FX/Niagara/Shaders/Private/Stateless/NiagaraStatelessCommon.ush" 2506
"../../../Engine/Plugins/FX/Niagara/Shaders/Shared/NiagaraStatelessDefinitions.h" 2507
"../../../Engine/Plugins/FX/Niagara/Shaders/Shared/NiagaraStatelessBuiltDistribution.h" 2508
"../../../Engine/Plugins/FX/Niagara/Shaders/Private/Stateless/NiagaraStatelessDistribution.ush" 2509
"../../../Engine/Plugins/FX/Niagara/Shaders/Private/Stateless/Template/GenerateCS_PreModules.ush" 2510
"../../../Engine/Plugins/FX/Niagara/Shaders/Private/Stateless/Modules/NiagaraStatelessModule_CalculateAccurateVelocity.ush" 2511
"../../../Engine/Plugins/FX/Niagara/Shaders/Private/Stateless/Modules/NiagaraStatelessModule_CameraOffset.ush" 2512
"../../../Engine/Plugins/FX/Niagara/Shaders/Private/Stateless/Modules/NiagaraStatelessModule_DynamicMaterialParameters.ush" 2513
"../../../Engine/Plugins/FX/Niagara/Shaders/Private/Stateless/Modules/NiagaraStatelessModule_InitializeParticle.ush" 2514
"../../../Engine/Plugins/FX/Niagara/Shaders/Private/Stateless/Modules/NiagaraStatelessModule_InitialMeshOrientation.ush" 2515
"../../../Engine/Plugins/FX/Niagara/Shaders/Private/Stateless/Modules/NiagaraStatelessModule_MeshIndex.ush" 2516
"../../../Engine/Plugins/FX/Niagara/Shaders/Private/Stateless/Modules/NiagaraStatelessModule_MeshRotationRate.ush" 2517
"../../../Engine/Plugins/FX/Niagara/Shaders/Private/Stateless/Modules/NiagaraStatelessModule_RotateAroundPoint.ush" 2518
"../../../Engine/Plugins/FX/Niagara/Shaders/Private/Stateless/Modules/NiagaraStatelessModule_ShapeLocation.ush" 2519
"../../../Engine/Plugins/FX/Niagara/Shaders/Private/Stateless/Modules/NiagaraStatelessModule_ScaleColor.ush" 2520
"../../../Engine/Plugins/FX/Niagara/Shaders/Private/Stateless/Modules/NiagaraStatelessModule_ScaleRibbonWidth.ush" 2521
"../../../Engine/Plugins/FX/Niagara/Shaders/Private/Stateless/Modules/NiagaraStatelessModule_ScaleSpriteSize.ush" 2522
"../../../Engine/Plugins/FX/Niagara/Shaders/Private/Stateless/Modules/NiagaraStatelessModule_ScaleSpriteSizeBySpeed.ush" 2523
"../../../Engine/Plugins/FX/Niagara/Shaders/Private/Stateless/Modules/NiagaraStatelessModule_ScaleMeshSize.ush" 2524
"../../../Engine/Plugins/FX/Niagara/Shaders/Private/Stateless/Modules/NiagaraStatelessModule_ScaleMeshSizeBySpeed.ush" 2525
"../../../Engine/Plugins/FX/Niagara/Shaders/Private/Stateless/Modules/NiagaraStatelessModule_SolveVelocitiesAndForces.ush" 2526
"../../../Engine/Plugins/FX/Niagara/Shaders/Private/Stateless/Modules/NiagaraStatelessModule_SpriteFacingAndAlignment.ush" 2527
"../../../Engine/Plugins/FX/Niagara/Shaders/Private/Stateless/Modules/NiagaraStatelessModule_SpriteRotationRate.ush" 2528
"../../../Engine/Plugins/FX/Niagara/Shaders/Private/Stateless/Modules/NiagaraStatelessModule_SubUVAnimation.ush" 2529
"../../../Engine/Plugins/FX/Niagara/Shaders/Private/Stateless/Template/GenerateCS_PostModules.ush" 2530
"../../../Engine/Plugins/FX/Niagara/Shaders/Private/NiagaraBlendSVTsToDenseBuffer.usf" 2531
"../../../Engine/Plugins/FX/Niagara/Shaders/Private/NiagaraSVTToDenseBuffer.usf" 2532
"../../../Engine/Plugins/FX/Niagara/Shaders/Private/NiagaraFillIntBuffer.usf" 2533
"../../../Engine/Plugins/FX/Niagara/Shaders/Private/NiagaraComputeFreeIDs.usf" 2534
"../../../Engine/Plugins/FX/Niagara/Shaders/Private/NiagaraInitFreeIDBuffer.usf" 2535
"../../../Engine/Plugins/FX/Niagara/Shaders/Private/NiagaraEmitterInstanceShader.usf" 2536
"../../../Engine/Plugins/FX/Niagara/Shaders/Private/NiagaraShaderVersion.ush" 2537
"../../../Engine/Plugins/FX/Niagara/Shaders/Private/NiagaraPhysicsCommon.ush" 2538
"../../../Engine/Plugins/FX/Niagara/Shaders/Private/Ribbons/NiagaraRibbonAggregationApply.usf" 2539
"../../../Engine/Plugins/FX/Niagara/Shaders/Private/Ribbons/NiagaraRibbonCommon.ush" 2540
"../../../Engine/Plugins/FX/Niagara/Shaders/Shared/NiagaraRibbonShared.h" 2541
"../../../Engine/Plugins/FX/Niagara/Shaders/Private/Ribbons/NiagaraRibbonAggregationStep.usf" 2542
"../../../Engine/Plugins/FX/Niagara/Shaders/Private/Ribbons/NiagaraRibbonGenerateIndices.usf" 2543
"../../../Engine/Plugins/FX/Niagara/Shaders/Private/Ribbons/NiagaraRibbonInitializeIndices.usf" 2544
"../../../Engine/Plugins/FX/Niagara/Shaders/Private/Ribbons/NiagaraRibbonRibbonUVParamCalculation.usf" 2545
"../../../Engine/Plugins/FX/Niagara/Shaders/Private/Ribbons/NiagaraRibbonVertexReductionFinalization.usf" 2546
"../../../Engine/Plugins/FX/Niagara/Shaders/Private/Ribbons/NiagaraRibbonVertexReductionInitialization.usf" 2547
"../../../Engine/Plugins/FX/Niagara/Shaders/Private/Ribbons/NiagaraRibbonSortParticles.usf" 2548
"../../../Engine/Plugins/FX/Niagara/Shaders/Private/NiagaraNeighborQuerySort.usf" 2549
"../../../Engine/Plugins/FX/Niagara/Shaders/Private/NiagaraLWCHelper.usf" 2550
"../../../Engine/Plugins/FX/Niagara/Shaders/Private/NiagaraUpdateMeshGPUSceneInstances.usf" 2551
"../../../Engine/Plugins/FX/Niagara/Shaders/Private/NiagaraGenerateMips.usf" 2552
"../../../Engine/Plugins/FX/Niagara/Shaders/Private/NiagaraDebugDraw.usf" 2553
"../../../Engine/Plugins/FX/Niagara/Shaders/Private/NiagaraDebugDraw.ush" 2554
"../../../Engine/Plugins/FX/Niagara/Shaders/Private/NiagaraVisualizeTexture.usf" 2555
"../../../Engine/Plugins/FX/Niagara/Shaders/Private/NiagaraClearCounts.usf" 2556
"../../../Engine/Plugins/FX/Niagara/Shaders/Private/NiagaraBatchedElements.usf" 2557
"../../../Engine/Plugins/FX/Niagara/Shaders/Private/NiagaraRayTracingShaders.usf" 2558
"../../../Engine/Plugins/FX/Niagara/Shaders/Private/NiagaraAsyncGpuTraceCommon.ush" 2559
"../../../Engine/Shaders/Private/HashTable.ush" 2560
"../../../Engine/Shaders/Private/RayTracing/VFXTraceRay.ush" 2561
"../../../Engine/Plugins/FX/Niagara/Shaders/Private/NiagaraRayMarchingShaders.usf" 2562
"../../../Engine/Plugins/FX/Niagara/Shaders/Private/NiagaraRayTraceCollisionGroupShaders.usf" 2563
"../../../Engine/Plugins/FX/Niagara/Shaders/Private/NiagaraAsyncGpuTraceUtils.usf" 2564
"../../../Engine/Shaders/Private/VirtualTextureAdapter.usf" 2565
"../../../Engine/Shaders/Private/BlockCompressionCommon.ush" 2566
"../../../Engine/Shaders/Private/BCCompressionCommon.ush" 2567
"../../../Engine/Shaders/Private/TranslucentLightingShaders.usf" 2568
"../../../Engine/Shaders/Private/TranslucencyVolumeInjectionCommon.ush" 2569
"../../../Engine/Shaders/Private/CubemapCommon.ush" 2570
"../../../Engine/Shaders/Private/VectorFieldCompositeShaders.usf" 2571
"../../../Engine/Shaders/Private/UpdateTextureShaders.usf" 2572
"../../../Engine/Shaders/Private/StereoLayerShader.usf" 2573
"../../../Engine/Shaders/Private/SparseVolumeTexture/UpdateSparseVolumeTexture.usf" 2574
"../../../Engine/Shaders/Private/MorphTargets.usf" 2575
"../../../Engine/Shaders/Private/SimpleElementColorChannelMaskPixelShader.usf" 2576
"../../../Engine/Shaders/Private/SimpleElementHitProxyPixelShader.usf" 2577
"../../../Engine/Shaders/Private/SimpleElementPixelShader.usf" 2578
"../../../Engine/Shaders/Private/IESLightProfilesCommon.ush" 2579
"../../../Engine/Shaders/Private/SimpleElementVertexShader.usf" 2580
"../../../Engine/Shaders/Private/ScreenPixelShaderOES.usf" 2581
"../../../Engine/Shaders/Private/ScreenVertexShader.usf" 2582
"../../../Engine/Shaders/Private/ScreenPixelShader.usf" 2583
"../../../Engine/Shaders/Private/ToonProfile.usf" 2584
"../../../Engine/Shaders/Private/SSProfilePreIntegratedMobile.usf" 2585
"../../../Engine/Shaders/Private/SpecularProfile.usf" 2586
"../../../Engine/Shaders/Private/Nanite/NaniteStreaming.usf" 2587
"../../../Engine/Shaders/Private/Nanite/NaniteStreaming.ush" 2588
"../../../Engine/Shaders/Private/VolumetricLightmapStreaming.usf" 2589
"../../../Engine/Shaders/Private/PhysicsFieldReset.usf" 2590
"../../../Engine/Shaders/Private/PhysicsFieldBuilder.usf" 2591
"../../../Engine/Shaders/Private/ParticleSortKeyGen.usf" 2592
"../../../Engine/Shaders/Private/ParticleBoundsShader.usf" 2593
"../../../Engine/Shaders/Private/ParticleSimVisualizeShader.usf" 2594
"../../../Engine/Shaders/Private/ParticleInjectionShader.usf" 2595
"../../../Engine/Shaders/Private/ParticleSimulationShader.usf" 2596
"../../../Engine/Shaders/Private/ParticleCurveInjectionShader.usf" 2597
"../../../Engine/Shaders/Private/Nanite/NaniteTranscode.usf" 2598
"../../../Engine/Shaders/Private/Nanite/NaniteScatterUpdates.usf" 2599
"../../../Engine/Shaders/Private/CopyUIntBuffer.usf" 2600
"../../../Engine/Shaders/Private/RadixSortShaders.usf" 2601
"../../../Engine/Shaders/Private/RecomputeTangentsPerVertexPass.usf" 2602
"../../../Engine/Shaders/Private/RecomputeTangentsCommon.ush" 2603
"../../../Engine/Shaders/Private/RecomputeTangentsPerTrianglePass.usf" 2604
"../../../Engine/Shaders/Private/DynamicMeshBounds.usf" 2605
"../../../Engine/Shaders/Private/GpuSkinCacheComputeShader.usf" 2606
"../../../Engine/Shaders/Private/DynamicMeshBounds.ush" 2607
"../../../Engine/Shaders/Private/BitonicSort.usf" 2608
"../../../Engine/Shaders/Public/WaveBroadcastIntrinsics.ush" 2609
"../../../Engine/Shaders/Private/HeightFieldAtlasManagement.usf" 2610
"../../../Engine/Shaders/Private/Landscape/LandscapeEditLayersUtils.usf" 2611
"../../../Engine/Shaders/Private/Landscape/LandscapeEditLayersWeightmaps.usf" 2612
"../../../Engine/Shaders/Private/Landscape/LandscapeEditLayersHeightmaps.usf" 2613
"../../../Engine/Shaders/Private/LandscapeLayersPS.usf" 2614
"../../../Engine/Shaders/Private/LandscapePhysicalMaterial.usf" 2615
"../../../Engine/Shaders/Private/LandscapeGrassWeight.usf" 2616
"../../../Engine/Shaders/Private/Landscape/LandscapeCulling.usf" 2617
"../../../Engine/Shaders/Private/Landscape/LandscapeMergeTexturesPS.usf" 2618
"../../../Engine/Shaders/Private/WideCustomResolveShaders.usf" 2619
"../../../Engine/Shaders/Private/WideCustomResolve_Wide.ush" 2620
"../../../Engine/Shaders/Private/WideCustomResolve_Wider.ush" 2621
"../../../Engine/Shaders/Private/WideCustomResolve_Widest.ush" 2622
"../../../Engine/Shaders/Private/WaterInfoTextureBlur.usf" 2623
"../../../Engine/Shaders/Private/WaterInfoTextureMerge.usf" 2624
"../../../Engine/Shaders/Private/PageTableUpdate.usf" 2625
"../../../Engine/Shaders/Private/VirtualTextureCompress.usf" 2626
"../../../Engine/Shaders/Private/ASTCCompressionCommon.ush" 2627
"../../../Engine/Shaders/Private/IntegerSequenceEncoding.ush" 2628
"../../../Engine/Shaders/Private/ETCCompressionCommon.ush" 2629
"../../../Engine/Shaders/Private/VirtualTextureMaterial.usf" 2630
"../../../Engine/Shaders/Private/PixelShaderOutputCommon.ush" 2631
"../../../Engine/Shaders/Private/ShaderOutputCommon.ush" 2632
"../../../Engine/Shaders/Private/VolumetricRenderTarget.usf" 2633
"../../../Engine/Shaders/Private/HeightFogCommon.ush" 2634
"../../../Engine/Shaders/Private/ReflectionEnvironmentShared.ush" 2635
"../../../Engine/Shaders/Private/LocalFogVolumes/LocalFogVolumeCommon.ush" 2636
"../../../Engine/Shaders/Private/VolumetricFogVoxelization.usf" 2637
"../../../Engine/Shaders/Private/VolumetricCloudMaterialPixelCommon.ush" 2638
"../../../Engine/Shaders/Private/VolumetricFogLightFunction.usf" 2639
"../../../Engine/Shaders/Private/LightFunctionCommon.ush" 2640
"../../../Engine/Shaders/Private/VolumetricFog.usf" 2641
"../../../Engine/Shaders/Private/DeferredLightingCommon.ush" 2642
"../../../Engine/Shaders/Private/DynamicLightingCommon.ush" 2643
"../../../Engine/Shaders/Private/CapsuleLightIntegrate.ush" 2644
"../../../Engine/Shaders/Private/CapsuleLightSampling.ush" 2645
"../../../Engine/Shaders/Private/RectLightIntegrate.ush" 2646
"../../../Engine/Shaders/Private/ScreenSpaceShadowRayCast.ush" 2647
"../../../Engine/Shaders/Private/LightFunctionAtlas/LightFunctionAtlasCommon.usf" 2648
"../../../Engine/Shaders/Private/LightGridCommon.ush" 2649
"../../../Engine/Shaders/Private/DistanceFieldAOShared.ush" 2650
"../../../Engine/Shaders/Private/IntersectionUtils.ush" 2651
"../../../Engine/Shaders/Private/VolumeLightingCommon.ush" 2652
"../../../Engine/Shaders/Private/ShadowProjectionCommon.ush" 2653
"../../../Engine/Shaders/Private/ShadowFilteringCommon.ush" 2654
"../../../Engine/Shaders/Private/PixelQuadMessagePassing.ush" 2655
"../../../Engine/Shaders/Private/VolumeLightingCommonSampling.ush" 2656
"../../../Engine/Shaders/Private/VolumetricLightmapShared.ush" 2657
"../../../Engine/Shaders/Private/ForwardShadowingCommon.ush" 2658
"../../../Engine/Shaders/Private/LightDataUniforms.ush" 2659
"../../../Engine/Shaders/Private/Lumen/LumenTranslucencyVolumeShared.ush" 2660
"../../../Engine/Shaders/Private/Lumen/LumenRadianceCacheInterpolation.ush" 2661
"../../../Engine/Shaders/Private/VirtualShadowMaps/VirtualShadowMapProjectionCommon.ush" 2662
"../../../Engine/Shaders/Private/DiaphragmDOF/DOFCommon.ush" 2663
"../../../Engine/Shaders/Private/VolumetricCloudCommon.ush" 2664
"../../../Engine/Shaders/Private/VolumetricCloud.usf" 2665
"../../../Engine/Shaders/Private/VisualizeVolumetricLightmap.usf" 2666
"../../../Engine/Shaders/Private/Tools/VisualizeLightShape.usf" 2667
"../../../Engine/Shaders/Private/VirtualShadowMaps/VirtualShadowMapProjectionComposite.usf" 2668
"../../../Engine/Shaders/Private/LightShaderParameters.ush" 2669
"../../../Engine/Shaders/Private/VirtualShadowMaps/VirtualShadowMapMaskBitsCommon.ush" 2670
"../../../Engine/Shaders/Private/VirtualShadowMaps/VirtualShadowMapLightGrid.ush" 2671
"../../../Engine/Shaders/Private/VirtualShadowMaps/VirtualShadowMapProjection.usf" 2672
"../../../Engine/Shaders/Private/VirtualShadowMaps/VirtualShadowMapProjectionFilter.ush" 2673
"../../../Engine/Shaders/Private/VirtualShadowMaps/VirtualShadowMapProjectionDirectional.ush" 2674
"../../../Engine/Shaders/Private/VirtualShadowMaps/VirtualShadowMapSMRTCommon.ush" 2675
"../../../Engine/Shaders/Private/VirtualShadowMaps/VirtualShadowMapSMRTTemplate.ush" 2676
"../../../Engine/Shaders/Private/VirtualShadowMaps/VirtualShadowMapProjectionSpot.ush" 2677
"../../../Engine/Shaders/Private/VirtualShadowMaps/VirtualShadowMapTransmissionCommon.ush" 2678
"../../../Engine/Shaders/Private/VirtualShadowMaps/VirtualShadowMapScreenRayTrace.ush" 2679
"../../../Engine/Shaders/Private/VirtualShadowMaps/VirtualShadowMapStats.ush" 2680
"../../../Engine/Shaders/Private/HairStrands/HairStrandsVoxelPageCommon.ush" 2681
"../../../Engine/Shaders/Private/HairStrands/HairStrandsVoxelPageTraversal.ush" 2682
"../../../Engine/Shaders/Private/VirtualShadowMaps/VirtualShadowMapCacheGPUInvalidation.usf" 2683
"../../../Engine/Shaders/Private/VirtualShadowMaps/VirtualShadowMapCacheInvalidation.ush" 2684
"../../../Engine/Shaders/Private/ScreenSpaceDenoise/SSDDefinitions.ush" 2685
"../../../Engine/Shaders/Private/InstanceCulling/InstanceCullingLoadBalancer.ush" 2686
"../../../Engine/Shaders/Private/VirtualShadowMaps/VirtualShadowMapCacheLoadBalancer.usf" 2687
"../../../Engine/Shaders/Private/VirtualShadowMaps/VirtualShadowMapCopyStats.usf" 2688
"../../../Engine/Shaders/Private/VirtualShadowMaps/VirtualShadowMapShadowCasterBounds.usf" 2689
"../../../Engine/Shaders/Private/VirtualShadowMaps/VirtualShadowMapVisualize.ush" 2690
"../../../Engine/Shaders/Private/VirtualShadowMaps/VirtualShadowMapShadowCasterColor.usf" 2691
"../../../Engine/Shaders/Private/VirtualShadowMaps/VirtualShadowMapDebug.usf" 2692
"../../../Engine/Shaders/Private/VirtualShadowMaps/Desaturate.usf" 2693
"../../../Engine/Shaders/Private/VirtualShadowMaps/VirtualShadowMapPhysicalPageManagement.usf" 2694
"../../../Engine/Shaders/Private/ReductionCommon.ush" 2695
"../../../Engine/Shaders/Private/GPUMessaging.ush" 2696
"../../../Engine/Shaders/Private/VirtualShadowMaps/VirtualShadowMapPerPageDispatch.ush" 2697
"../../../Engine/Shaders/Private/VirtualShadowMaps/VirtualShadowMapComputeExplicitChunkDrawsViewMask.usf" 2698
"../../../Engine/Shaders/Shared/SceneCullingDefinitions.h" 2699
"../../../Engine/Shaders/Private/VirtualShadowMaps/VirtualShadowMapCompactViews.usf" 2700
"../../../Engine/Shaders/Private/VirtualShadowMaps/VirtualShadowMapBuildPerPageDrawCommands.usf" 2701
"../../../Engine/Shaders/Private/InstanceCulling/InstanceCullingCommon.ush" 2702
"../../../Engine/Shaders/Shared/InstanceCullingDefinitions.h" 2703
"../../../Engine/Shaders/Private/VirtualShadowMaps/VirtualShadowMapPrintStats.usf" 2704
"../../../Engine/Shaders/Private/VirtualShadowMaps/VirtualShadowMapPageManagement.usf" 2705
"../../../Engine/Shaders/Private/VirtualShadowMaps/VirtualShadowMapPageMarking.usf" 2706
"../../../Engine/Shaders/Private/VirtualShadowMaps/VirtualShadowMapPageMarking.ush" 2707
"../../../Engine/Shaders/Shared/SingleLayerWaterDefinitions.h" 2708
"../../../Engine/Shaders/Private/HairStrands/HairStrandsTileCommon.ush" 2709
"../../../Engine/Shaders/Private/Froxel/Froxel.ush" 2710
"../../../Engine/Shaders/Shared/FroxelDefinitions.h" 2711
"../../../Engine/Shaders/Private/VirtualShadowMaps/VirtualShadowMapThrottle.usf" 2712
"../../../Engine/Shaders/Private/VelocityUpdate.usf" 2713
"../../../Engine/Shaders/Private/VelocityCommon.ush" 2714
"../../../Engine/Shaders/Private/VelocityShader.usf" 2715
"../../../Engine/Shaders/Private/BasePassCommonFunctions.ush" 2716
"../../../Engine/Shaders/Private/VariableRateShading/VRSShadingRatePreview.usf" 2717
"../../../Engine/Shaders/Private/VariableRateShading/VRSShadingRateCommon.ush" 2718
"../../../Engine/Shaders/Private/VariableRateShading/VRSShadingRateCombine.usf" 2719
"../../../Engine/Shaders/Private/VariableRateShading/VRSShadingRateFoveated.usf" 2720
"../../../Engine/Shaders/Private/VariableRateShading/VRSShadingRateReproject.usf" 2721
"../../../Engine/Shaders/Private/VariableRateShading/VRSShadingRateCalculate.usf" 2722
"../../../Engine/Shaders/Private/TranslucencyUpsampling.usf" 2723
"../../../Engine/Shaders/Private/ComposeSeparateTranslucency.usf" 2724
"../../../Engine/Shaders/Private/SeparateTranslucency.ush" 2725
"../../../Engine/Shaders/Private/TranslucencyVolumeVisualize.usf" 2726
"../../../Engine/Shaders/Private/TranslucencyVolumeCommon.ush" 2727
"../../../Engine/Shaders/Private/TranslucentLightInjectionShaders.usf" 2728
"../../../Engine/Shaders/Private/HeterogeneousVolumes/HeterogeneousVolumesAdaptiveVolumetricShadowMapSampling.ush" 2729
"../../../Engine/Shaders/Private/HeterogeneousVolumes/HeterogeneousVolumesAdaptiveVolumetricShadowMapUtils.ush" 2730
"../../../Engine/Shaders/Private/HeterogeneousVolumes/HeterogeneousVolumesBeerShadowMapUtils.ush" 2731
"../../../Engine/Shaders/Private/TranslucentShadowDepthShaders.usf" 2732
"../../../Engine/Shaders/Private/ShadowDepthCommon.ush" 2733
"../../../Engine/Shaders/Private/RayTracing/RayTracingTest.usf" 2734
"../../../Engine/Shaders/Private/PostProcessSubsurfaceTile.usf" 2735
"../../../Engine/Shaders/Private/PostProcessSubsurfaceCommon.ush" 2736
"../../../Engine/Shaders/Private/Substrate/SubstrateVisualize.usf" 2737
"../../../Engine/Shaders/Private/Substrate/SubstrateTile.ush" 2738
"../../../Engine/Shaders/Shared/SubstrateVisualizeDefinitions.h" 2739
"../../../Engine/Shaders/Private/Substrate/SubstrateVisualizeCommon.ush" 2740
"../../../Engine/Shaders/Private/SkyLightingDiffuseShared.ush" 2741
"../../../Engine/Shaders/Private/SkyLightingShared.ush" 2742
"../../../Engine/Shaders/Private/ClearCoatCommon.ush" 2743
"../../../Engine/Shaders/Private/ReflectionEnvironmentComposite.ush" 2744
"../../../Engine/Shaders/Private/Substrate/SubstrateLightingCommon.ush" 2745
"../../../Engine/Shaders/Private/Substrate/SubstrateRoughRefraction.usf" 2746
"../../../Engine/Shaders/Private/PathTracing/Material/PathTracingFresnel.ush" 2747
"../../../Engine/Shaders/Private/PathTracing/Material/PathTracingGlossy.ush" 2748
"../../../Engine/Shaders/Private/Substrate/SubstrateMaterialSampling.usf" 2749
"../../../Engine/Shaders/Private/Substrate/SubstrateMaterialSampling.ush" 2750
"../../../Engine/Shaders/Private/Lumen/LumenPosition.ush" 2751
"../../../Engine/Shaders/Private/Substrate/SubstrateTile.usf" 2752
"../../../Engine/Shaders/Private/Substrate/SubstrateMaterialClassification.usf" 2753
"../../../Engine/Shaders/Private/Substrate/SubstrateDBuffer.usf" 2754
"../../../Engine/Shaders/Private/StochasticLighting/StochasticLightingTileClassification.usf" 2755
"../../../Engine/Shaders/Private/Lumen/LumenMaterial.ush" 2756
"../../../Engine/Shaders/Private/HairStrands/HairStrandsVisibilityUtils.ush" 2757
"../../../Engine/Shaders/Private/Lumen/LumenReflectionCommon.ush" 2758
"../../../Engine/Shaders/Private/Lumen/LumenReflectionsCombine.ush" 2759
"../../../Engine/Shaders/Private/Lumen/LumenScreenProbeTileClassication.ush" 2760
"../../../Engine/Shaders/Private/MegaLights/MegaLightsTileClassification.ush" 2761
"../../../Engine/Shaders/Private/StochasticLighting/StochasticLightingUpsample.ush" 2762
"../../../Engine/Shaders/Private/StochasticLighting/StochasticLightingCommon.ush" 2763
"../../../Engine/Shaders/Private/SplineMeshSceneTexture.usf" 2764
"../../../Engine/Shaders/Private/SparseVolumeTexture/VisualizeSparseVolumeTexture.usf" 2765
"../../../Engine/Shaders/Private/SkyAtmosphere.usf" 2766
"../../../Engine/Shaders/Private/Skinning/ResolveAttachments.usf" 2767
"../../../Engine/Shaders/Private/Nanite/NaniteSkinningUpdateViewData.usf" 2768
"../../../Engine/Shaders/Private/SceneCulling/SceneCulling.ush" 2769
"../../../Engine/Shaders/Private/Skinning/CopyPreviousTransforms.usf" 2770
"../../../Engine/Shaders/Private/Skinning/TransformProviders.usf" 2771
"../../../Engine/Shaders/Private/Skinning/SkinnedMeshDebug.usf" 2772
"../../../Engine/Shaders/Private/Skinning/AnimSequenceTransformProvider.usf" 2773
"../../../Engine/Shaders/Private/Skinning/AnimBankEval.usf" 2774
"../../../Engine/Shaders/Private/SingleLayerWaterComposite.usf" 2775
"../../../Engine/Shaders/Private/Froxel/FroxelBuild.ush" 2776
"../../../Engine/Shaders/Private/SingleLayerWaterRefractionCulling.usf" 2777
"../../../Engine/Shaders/Private/ScreenSpaceShadows.usf" 2778
"../../../Engine/Shaders/Private/bend_sss_gpu.ush" 2779
"../../../Engine/Shaders/Private/ShadowFactorsUpsampleCommon.ush" 2780
"../../../Engine/Shaders/Private/FirstPersonSelfShadow.usf" 2781
"../../../Engine/Shaders/Private/HZBTracing.ush" 2782
"../../../Engine/Shaders/Private/LateZDummyPS.usf" 2783
"../../../Engine/Shaders/Private/ShadowProjectionVertexShader.usf" 2784
"../../../Engine/Shaders/Private/ShadowProjectionPixelShader.usf" 2785
"../../../Engine/Shaders/Private/MobileLightingCommon.ush" 2786
"../../../Engine/Shaders/Private/PlanarReflectionShared.ush" 2787
"../../../Engine/Shaders/Private/MobileSSR.ush" 2788
"../../../Engine/Shaders/Private/SSRT/SSRTRayCast.ush" 2789
"../../../Engine/Shaders/Private/ShadowPercentageCloserFiltering.ush" 2790
"../../../Engine/Shaders/Private/TransmissionThickness.ush" 2791
"../../../Engine/Shaders/Private/CopyShadowMaps.usf" 2792
"../../../Engine/Shaders/Private/ShadowDepthPixelShader.usf" 2793
"../../../Engine/Shaders/Private/ShadowDepthVertexShader.usf" 2794
"../../../Engine/Shaders/Private/ShadingEnergyConservationTable.usf" 2795
"../../../Engine/Shaders/Shared/PathTracingDefinitions.h" 2796
"../../../Engine/Shaders/Private/ShadingFurnaceTest.usf" 2797
"../../../Engine/Shaders/Private/Substrate/SubstrateDeferredLighting.ush" 2798
"../../../Engine/Shaders/Private/ShaderPrintDraw.usf" 2799
"../../../Engine/Shaders/Private/ShaderPrintDrawPrimitive.usf" 2800
"../../../Engine/Shaders/Private/DefaultSSRTiles.usf" 2801
"../../../Engine/Shaders/Private/ScreenSpaceReflectionTileCommons.ush" 2802
"../../../Engine/Shaders/Private/SSRT/SSRTDiffuseIndirect.usf" 2803
"../../../Engine/Shaders/Private/SSRT/SSRTTileClassificationBuffer.ush" 2804
"../../../Engine/Shaders/Private/SSRT/SSRTReflections.usf" 2805
"../../../Engine/Shaders/Private/ScreenSpaceDenoise/SSDPublic.ush" 2806
"../../../Engine/Shaders/Private/SSRT/SSRTTileClassification.usf" 2807
"../../../Engine/Shaders/Private/SSRT/SSRTPrevFrameReduction.usf" 2808
"../../../Engine/Shaders/Private/ScreenSpaceDenoise/SSDComposeHarmonics.usf" 2809
"../../../Engine/Shaders/Private/ScreenSpaceDenoise/SSDPublicHarmonics.ush" 2810
"../../../Engine/Shaders/Private/ScreenSpaceDenoise/SSDSignalFramework.ush" 2811
"../../../Engine/Shaders/Private/ScreenSpaceDenoise/SSDCommon.ush" 2812
"../../../Engine/Shaders/Private/SphericalGaussian.ush" 2813
"../../../Engine/Shaders/Private/ScreenSpaceDenoise/SSDMetadata.ush" 2814
"../../../Engine/Shaders/Private/ScreenSpaceDenoise/SSDSignalCore.ush" 2815
"../../../Engine/Shaders/Private/ScreenSpaceDenoise/DenoisingCommon.ush" 2816
"../../../Engine/Shaders/Private/ScreenSpaceDenoise/SSDSignalArray.ush" 2817
"../../../Engine/Shaders/Private/ScreenSpaceDenoise/SSDSignalBufferEncoding.ush" 2818
"../../../Engine/Shaders/Private/ScreenSpaceDenoise/SSDPublicBufferEncoding.ush" 2819
"../../../Engine/Shaders/Private/Lumen/LumenBufferEncoding.ush" 2820
"../../../Engine/Shaders/Private/ScreenSpaceDenoise/SSDTemporalAccumulation.usf" 2821
"../../../Engine/Shaders/Private/ScreenSpaceDenoise/SSDSpatialKernel.ush" 2822
"../../../Engine/Shaders/Private/ScreenSpaceDenoise/SSDSignalAccumulatorArray.ush" 2823
"../../../Engine/Shaders/Private/ScreenSpaceDenoise/SSDSignalAccumulator.ush" 2824
"../../../Engine/Shaders/Private/ScreenSpaceDenoise/SSDSignalCompression.ush" 2825
"../../../Engine/Shaders/Private/ScreenSpaceDenoise/SSDSpatialAccumulation.usf" 2826
"../../../Engine/Shaders/Private/ScreenSpaceDenoise/SSDInjest.usf" 2827
"../../../Engine/Shaders/Private/ScreenSpaceDenoise/SSDCompressMetadata.usf" 2828
"../../../Engine/Shaders/Private/DownsampleDepthPixelShader.usf" 2829
"../../../Engine/Shaders/Private/ScreenPass.usf" 2830
"../../../Engine/Shaders/Private/HZB.usf" 2831
"../../../Engine/Shaders/Private/OcclusionFeedbackShaders.usf" 2832
"../../../Engine/Shaders/Private/HZBOcclusion.usf" 2833
"../../../Engine/Shaders/Private/OcclusionQueryPixelShader.usf" 2834
"../../../Engine/Shaders/Private/OcclusionQueryVertexShader.usf" 2835
"../../../Engine/Shaders/Private/HitProxyCopy.usf" 2836
"../../../Engine/Shaders/Private/HitProxyPixelShader.usf" 2837
"../../../Engine/Shaders/Private/HitProxyVertexShader.usf" 2838
"../../../Engine/Shaders/Private/SceneCulling/SceneCullingDebugRender.usf" 2839
"../../../Engine/Shaders/Private/SceneCulling/SceneCullingBuildExplicitBounds.usf" 2840
"../../../Engine/Shaders/Private/SceneCapturePixelShader.usf" 2841
"../../../Engine/Shaders/Private/RendererUtils.usf" 2842
"../../../Engine/Shaders/Private/RTWriteMaskDecode.usf" 2843
"../../../Engine/Shaders/Private/ReflectionEnvironmentShaders.usf" 2844
"../../../Engine/Shaders/Private/RectLightAtlas.usf" 2845
"../../../Engine/Shaders/Private/RayTracing/TraceRayInlineStatistics.usf" 2846
"../../../Engine/Shaders/Private/RayTracing/CompositeSkyLightPS.usf" 2847
"../../../Engine/Shaders/Private/RayTracing/GenerateSkyLightVisibilityRaysCS.usf" 2848
"../../../Engine/Shaders/Private/RayTracing/RayTracingSkyLightCommon.ush" 2849
"../../../Engine/Shaders/Private/RayTracing/SkyLightVisibilityRaysData.ush" 2850
"../../../Engine/Shaders/Private/RayTracing/RayTracingSkyLightRGS.usf" 2851
"../../../Engine/Shaders/Private/HairStrands/HairStrandsRaytracing.ush" 2852
"../../../Engine/Shaders/Private/RayTracing/RayTracingSkyLightEvaluation.ush" 2853
"../../../Engine/Shaders/Private/RayTracing/RayTracingDeferredShadingCommon.ush" 2854
"../../../Engine/Shaders/Private/RayTracing/RayTracingOcclusionRGS.usf" 2855
"../../../Engine/Shaders/Private/RayTracing/RayTracingDirectionalLight.ush" 2856
"../../../Engine/Shaders/Private/RayTracing/RayTracingRectLight.ush" 2857
"../../../Engine/Shaders/Private/RayTracing/RayTracingSphereLight.ush" 2858
"../../../Engine/Shaders/Private/RayTracing/RayTracingCapsuleLight.ush" 2859
"../../../Engine/Shaders/Private/RayTracing/RayTracingFeedback.usf" 2860
"../../../Engine/Shaders/Shared/RayTracingDebugTypes.h" 2861
"../../../Engine/Shaders/Private/RayTracing/RayTracingPrimaryRays.usf" 2862
"../../../Engine/Shaders/Private/RayTracing/RayTracingLightingCommon.ush" 2863
"../../../Engine/Shaders/Private/RayTracing/RayTracingLightCullingCommon.ush" 2864
"../../../Engine/Shaders/Private/RayTracing/RayTracingMaterialDefaultHitShaders.usf" 2865
"../../../Engine/Shaders/Private/RayTracing/RayTracingMaterialHitShaders.usf" 2866
"../../../Engine/Shaders/Private/RayTracing/RayTracingShaderUtils.ush" 2867
"../../../Engine/Shaders/Private/RayTracing/RayTracingCalcInterpolants.ush" 2868
"../../../Engine/Shaders/Private/LightmapCommon.ush" 2869
"../../../Engine/Shaders/Private/Lumen/LumenHardwareRayTracingPayloadCommon.ush" 2870
"../../../Engine/Shaders/Shared/LumenDefinitions.h" 2871
"../../../Engine/Shaders/Private/Substrate/SubstrateExport.ush" 2872
"../../../Engine/Shaders/Private/RayTracing/RayTracingLightingMS.usf" 2873
"../../../Engine/Shaders/Private/Lumen/LumenDiffuseColorBoost.ush" 2874
"../../../Engine/Shaders/Private/RayTracing/RayTracingLightFunctionCommon.ush" 2875
"../../../Engine/Shaders/Private/RayTracing/RayTracingBuildLightGrid.usf" 2876
"../../../Engine/Shaders/Private/RayTracing/RayTracingInstanceBufferUtil.usf" 2877
"../../../Engine/Shaders/Shared/NaniteRayTracingDefinitions.h" 2878
"../../../Engine/Shaders/Private/RayTracing/RayTracingDynamicMesh.usf" 2879
"../../../Engine/Shaders/Private/RayTracing/RayTracingDefaultDecalHitShader.usf" 2880
"../../../Engine/Shaders/Private/RayTracing/RayTracingDecalMaterialShader.usf" 2881
"../../../Engine/Shaders/Private/PathTracing/PathTracingShaderUtils.ush" 2882
"../../../Engine/Shaders/Private/PathTracing/PathTracingCommon.ush" 2883
"../../../Engine/Shaders/Private/PathTracing/Material/PathTracingMaterialCommon.ush" 2884
"../../../Engine/Shaders/Private/PathTracing/Utilities/PathTracingRIS.ush" 2885
"../../../Engine/Shaders/Private/RayTracing/RayTracingBuildDecalGrid.usf" 2886
"../../../Engine/Shaders/Private/RayTracing/RayTracingDebugHitStatsUtils.usf" 2887
"../../../Engine/Shaders/Private/RayTracing/RayTracingDebugInstanceOverlap.usf" 2888
"../../../Engine/Shaders/Private/RayTracing/RayTracingDebugPicking.usf" 2889
"../../../Engine/Shaders/Private/RayTracing/RayTracingDebugUtils.ush" 2890
"../../../Engine/Shaders/Private/RayTracing/RayTracingDebugTraversal.usf" 2891
"../../../Engine/Shaders/Private/RayTracing/RayTracingDeferredMaterials.ush" 2892
"../../../Engine/Shaders/Shared/ThirdParty/AMD/ags_shader_intrinsics_dx12.h" 2893
"../../../Engine/Shaders/Shared/RaytracingDebugDefinitions.h" 2894
"../../../Engine/Shaders/Private/RayTracing/RayTracingDebugHitStatsCHS.usf" 2895
"../../../Engine/Shaders/Private/RayTracing/RayTracingDebugHitStats.usf" 2896
"../../../Engine/Shaders/Private/RayTracing/RayTracingDebugMS.usf" 2897
"../../../Engine/Shaders/Private/RayTracing/RayTracingDebugCHS.usf" 2898
"../../../Engine/Shaders/Private/RayTracing/RayTracingDebug.usf" 2899
"../../../Engine/Shaders/Private/RayTracing/RayTracingBuiltInShaders.usf" 2900
"../../../Engine/Shaders/Private/RayTracing/RayTracingBarycentrics.usf" 2901
"../../../Engine/Shaders/Private/RayTracing/RayTracingAmbientOcclusionRGS.usf" 2902
"../../../Engine/Shaders/Private/VisualizeShadingModels.usf" 2903
"../../../Engine/Shaders/Private/MotionBlur/VisualizeMotionVectors.usf" 2904
"../../../Engine/Shaders/Private/Tools/ColorGradingHistogram.usf" 2905
"../../../Engine/Shaders/Private/Tools/ColorGradingVectorScope.usf" 2906
"../../../Engine/Shaders/Private/Tools/ColorGradingParade.usf" 2907
"../../../Engine/Shaders/Private/TemporalSuperResolution/TSRVisualize.usf" 2908
"../../../Engine/Shaders/Private/TemporalSuperResolution/TSRColorSpace.ush" 2909
"../../../Engine/Shaders/Private/TemporalSuperResolution/TSRCommon.ush" 2910
"../../../Engine/Shaders/Public/DualPixelVectorization.ush" 2911
"../../../Engine/Shaders/Private/TemporalSuperResolution/TSRReprojectionField.ush" 2912
"../../../Engine/Shaders/Private/TemporalSuperResolution/TSRResolveHistory.usf" 2913
"../../../Engine/Shaders/Private/TemporalSuperResolution/TSRConvolutionNetwork.ush" 2914
"../../../Engine/Shaders/Private/TemporalSuperResolution/TSRKernels.ush" 2915
"../../../Engine/Shaders/Public/LaneVectorization.ush" 2916
"../../../Engine/Shaders/Private/TemporalSuperResolution/TSRUpdateHistory.usf" 2917
"../../../Engine/Shaders/Private/TemporalSuperResolution/TSRSpatialAntiAliasing.ush" 2918
"../../../Engine/Shaders/Private/TemporalSuperResolution/TSRSpatialAntiAliasing.usf" 2919
"../../../Engine/Shaders/Private/TemporalSuperResolution/TSRRejectShading.usf" 2920
"../../../Engine/Shaders/Private/TemporalSuperResolution/TSRShadingAnalysis.ush" 2921
"../../../Engine/Shaders/Private/TemporalSuperResolution/TSRConvolutionNetworkPass.ush" 2922
"../../../Engine/Shaders/Private/TemporalSuperResolution/TSRDecimateHistory.usf" 2923
"../../../Engine/Shaders/Private/TemporalSuperResolution/TSRDepthVelocityAnalysis.ush" 2924
"../../../Engine/Shaders/Private/TemporalSuperResolution/TSRClosestOccluder.ush" 2925
"../../../Engine/Shaders/Private/TemporalSuperResolution/TSRWeightRelaxation.usf" 2926
"../../../Engine/Shaders/Private/TemporalSuperResolution/TSRThinGeometryCommon.ush" 2927
"../../../Engine/Shaders/Private/TemporalSuperResolution/TSRDetectThinGeometry.usf" 2928
"../../../Engine/Shaders/Private/TemporalSuperResolution/TSRDilateVelocity.usf" 2929
"../../../Engine/Shaders/Private/MotionBlur/MotionBlurVelocityFlatten.ush" 2930
"../../../Engine/Shaders/Private/MotionBlur/MotionBlurCommon.ush" 2931
"../../../Engine/Shaders/Private/TemporalSuperResolution/TSRClearPrevTextures.usf" 2932
"../../../Engine/Shaders/Private/TemporalSuperResolution/TSRMeasureCoverage.usf" 2933
"../../../Engine/Shaders/Private/TemporalSuperResolution/TSRMeasureFlickeringLuma.usf" 2934
"../../../Engine/Shaders/Private/TemporalAA.usf" 2935
"../../../Engine/Shaders/Private/SMAA/SMAADebugVisualization.usf" 2936
"../../../Engine/Shaders/Private/SMAA/SMAACommon.ush" 2937
"../../../Engine/Shaders/Private/SMAA/SMAA.ush" 2938
"../../../Engine/Shaders/Private/SMAA/SMAANeighborhoodBlendingShader.usf" 2939
"../../../Engine/Shaders/Private/SMAA/SMAABlendingWeightCalculationShader.usf" 2940
"../../../Engine/Shaders/Private/SMAA/SMAAEdgeDetectionShader.usf" 2941
"../../../Engine/Shaders/Private/FilterPixelShader.usf" 2942
"../../../Engine/Shaders/Private/FilterVertexShader.usf" 2943
"../../../Engine/Shaders/Private/VisualizeVirtualTexture.usf" 2944
"../../../Engine/Shaders/Private/PostProcessVisualizeBuffer.usf" 2945
"../../../Engine/Shaders/Private/PostProcessVisualizeLocalExposure.usf" 2946
"../../../Engine/Shaders/Private/PostProcessHistogramCommon.ush" 2947
"../../../Engine/Shaders/Private/TonemapCommon.ush" 2948
"../../../Engine/Shaders/Private/ACES/ACESCommon.ush" 2949
"../../../Engine/Shaders/Private/ACES/ACESOutputTransform.ush" 2950
"../../../Engine/Shaders/Private/ACES/ACESUtilities.ush" 2951
"../../../Engine/Shaders/Private/ACES/ACESTonescale.ush" 2952
"../../../Engine/Shaders/Private/ACES/ACESDisplayEncoding.ush" 2953
"../../../Engine/Shaders/Private/ACES/ACES_v1.3.ush" 2954
"../../../Engine/Shaders/Private/PostProcessVisualizeLevelInstance.usf" 2955
"../../../Engine/Shaders/Private/PostProcessVisualizeHDR.usf" 2956
"../../../Engine/Shaders/Private/ShaderComplexityApplyPixelShader.usf" 2957
"../../../Engine/Shaders/Private/QuadOverdraw.ush" 2958
"../../../Engine/Shaders/Private/PostProcessUpscale.usf" 2959
"../../../Engine/Shaders/Private/PostProcessTonemap.usf" 2960
"../../../Engine/Shaders/Private/PostProcessing/FilmGrainPackConstants.usf" 2961
"../../../Engine/Shaders/Private/PostProcessing/FilmGrainReduce.usf" 2962
"../../../Engine/Shaders/Private/PostProcessTestImage.usf" 2963
"../../../Engine/Shaders/Private/PostProcessSubsurface.usf" 2964
"../../../Engine/Shaders/Private/PostProcessSubsurfaceDiffuse.ush" 2965
"../../../Engine/Shaders/Private/SeparableSSS.ush" 2966
"../../../Engine/Shaders/Private/SubsurfaceBurleyNormalized.ush" 2967
"../../../Engine/Shaders/Private/PostProcessSubsurfaceDiffuse.usf" 2968
"../../../Engine/Shaders/Private/PostProcessSelectionOutline.usf" 2969
"../../../Engine/Shaders/Private/MotionBlur/MotionBlurVisualize.usf" 2970
"../../../Engine/Shaders/Private/MotionBlur/MotionBlurApply.usf" 2971
"../../../Engine/Shaders/Private/MotionBlur/MotionBlurFilterTileClassify.usf" 2972
"../../../Engine/Shaders/Private/MotionBlur/MotionBlurTileScatter.usf" 2973
"../../../Engine/Shaders/Private/MotionBlur/MotionBlurTileGather.usf" 2974
"../../../Engine/Shaders/Private/MotionBlur/MotionBlurVelocityFlatten.usf" 2975
"../../../Engine/Shaders/Private/PostProcessMobile.usf" 2976
"../../../Engine/Shaders/Private/PostProcessMitchellNetravali.usf" 2977
"../../../Engine/Shaders/Private/PostProcessMaterialShaders.usf" 2978
"../../../Engine/Shaders/Private/NeuralPostProcessCommon.usf" 2979
"../../../Engine/Shaders/Private/PostProcessLocalExposure.usf" 2980
"../../../Engine/Shaders/Private/PostProcessLensFlares.usf" 2981
"../../../Engine/Shaders/Private/PostProcessGBufferHints.usf" 2982
"../../../Engine/Shaders/Private/PostProcessHMD.usf" 2983
"../../../Engine/Shaders/Private/Histogram.usf" 2984
"../../../Engine/Shaders/Private/PostProcessExposureMaterial.ush" 2985
"../../../Engine/Shaders/Private/PostProcessHistogramReduce.usf" 2986
"../../../Engine/Shaders/Private/PostProcessHistogram.usf" 2987
"../../../Engine/Shaders/Private/Bloom/BloomFinalizeApplyConstants.usf" 2988
"../../../Engine/Shaders/Private/Bloom/BloomCommon.ush" 2989
"../../../Engine/Shaders/Private/Bloom/BloomResizeKernel.usf" 2990
"../../../Engine/Shaders/Private/Bloom/BloomDownsampleKernel.usf" 2991
"../../../Engine/Shaders/Private/Bloom/BloomClampKernel.usf" 2992
"../../../Engine/Shaders/Private/Bloom/BloomPackKernelConstants.usf" 2993
"../../../Engine/Shaders/Private/Bloom/BloomSumScatterDispersionEnergy.usf" 2994
"../../../Engine/Shaders/Private/Bloom/BloomReduceKernelSurvey.usf" 2995
"../../../Engine/Shaders/Private/Bloom/BloomSurveyKernelCenterEnergy.usf" 2996
"../../../Engine/Shaders/Private/Bloom/BloomSurveyMaxScatterDispersion.usf" 2997
"../../../Engine/Shaders/Private/Bloom/BloomFindKernelCenter.usf" 2998
"../../../Engine/Shaders/Private/PostProcessEyeAdaptation.usf" 2999
"../../../Engine/Shaders/Private/PostProcessEyeAdaptationUtils.usf" 3000
"../../../Engine/Shaders/Private/PostProcessDownsample.usf" 3001
"../../../Engine/Shaders/Private/PostProcessDOF.usf" 3002
"../../../Engine/Shaders/Private/PostProcessDeviceEncodingOnly.usf" 3003
"../../../Engine/Shaders/Private/PostProcessCompositePrimitives.usf" 3004
"../../../Engine/Shaders/Private/PostProcessCombineLUTsInner.usf" 3005
"../../../Engine/Shaders/Private/PostProcessCombineLUTs.usf" 3006
"../../../Engine/Shaders/Private/PostProcessVisualizeDOF.usf" 3007
"../../../Engine/Shaders/Private/PostProcessBloom.usf" 3008
"../../../Engine/Shaders/Private/PostProcessAmbientOcclusion.usf" 3009
"../../../Engine/Shaders/Private/PostProcessAmbientOcclusionCommon.ush" 3010
"../../../Engine/Shaders/Private/FXAAShader.usf" 3011
"../../../Engine/Shaders/Private/Fxaa3_11.ush" 3012
"../../../Engine/Shaders/Private/PaniniProjection.usf" 3013
"../../../Engine/Shaders/Private/DiaphragmDOF/DOFRecombine.usf" 3014
"../../../Engine/Shaders/Private/DiaphragmDOF/DOFHybridScatterPixelShader.usf" 3015
"../../../Engine/Shaders/Private/DiaphragmDOF/DOFHybridScatterCommon.ush" 3016
"../../../Engine/Shaders/Private/DiaphragmDOF/DOFVignetteCommon.ush" 3017
"../../../Engine/Shaders/Private/DiaphragmDOF/DOFHybridScatterVertexShader.usf" 3018
"../../../Engine/Shaders/Private/DiaphragmDOF/DOFPostfiltering.usf" 3019
"../../../Engine/Shaders/Private/DiaphragmDOF/DOFGatherTileSuggest.ush" 3020
"../../../Engine/Shaders/Private/DiaphragmDOF/DOFCocTileCommon.ush" 3021
"../../../Engine/Shaders/Private/DiaphragmDOF/DOFGatherPass.usf" 3022
"../../../Engine/Shaders/Private/DiaphragmDOF/DOFGatherCommon.ush" 3023
"../../../Engine/Shaders/Private/DiaphragmDOF/DOFGatherAccumulator.ush" 3024
"../../../Engine/Shaders/Private/DiaphragmDOF/DOFGatherKernel.ush" 3025
"../../../Engine/Shaders/Private/DiaphragmDOF/DOFBokehLUT.usf" 3026
"../../../Engine/Shaders/Private/DiaphragmDOF/DOFHybridScatterCompilation.usf" 3027
"../../../Engine/Shaders/Private/DiaphragmDOF/DOFReduce.usf" 3028
"../../../Engine/Shaders/Private/DiaphragmDOF/DOFDownsample.ush" 3029
"../../../Engine/Shaders/Private/DiaphragmDOF/DOFHybridScatterCompilation.ush" 3030
"../../../Engine/Shaders/Private/DiaphragmDOF/DOFDownsample.usf" 3031
"../../../Engine/Shaders/Private/DiaphragmDOF/DOFCocTileDilate.usf" 3032
"../../../Engine/Shaders/Private/DiaphragmDOF/DOFCocTileFlatten.usf" 3033
"../../../Engine/Shaders/Private/DiaphragmDOF/DOFSetup.usf" 3034
"../../../Engine/Shaders/Private/Tools/DebugAlphaChannel.usf" 3035
"../../../Engine/Shaders/Private/PostProcessChannelMask.usf" 3036
"../../../Engine/Shaders/Private/PostProcessAlphaInvert.usf" 3037
"../../../Engine/Shaders/Private/PlanarReflectionShaders.usf" 3038
"../../../Engine/Shaders/Private/PhysicsFieldVisualizer.usf" 3039
"../../../Engine/Shaders/Private/PathTracing/PathTracingSpatialTemporalDenoising.usf" 3040
"../../../Engine/Shaders/Private/ColorDifference.ush" 3041
"../../../Engine/Shaders/Private/PathTracing/PathTracingCompositingPixelShader.usf" 3042
"../../../Engine/Shaders/Private/PathTracing/PathTracingAdaptiveUtils.ush" 3043
"../../../Engine/Shaders/Private/PathTracing/PathTracingDefaultHitShader.usf" 3044
"../../../Engine/Shaders/Private/PathTracing/PathTracingGPULightmassMaterialHitShader.usf" 3045
"../../../Engine/Shaders/Private/PathTracing/PathTracingMaterialHitShader.usf" 3046
"../../../Engine/Shaders/Private/PathTracing/Material/PathTracingSubstrateCommon.ush" 3047
"../../../Engine/Shaders/Private/PathTracing/PathTracingLightingMissShader.usf" 3048
"../../../Engine/Shaders/Private/PathTracing/PathTracingMissShader.usf" 3049
"../../../Engine/Shaders/Private/PathTracing/PathTracingAdaptiveStart.usf" 3050
"../../../Engine/Shaders/Private/PathTracing/PathTracingBuildAdaptiveError.usf" 3051
"../../../Engine/Shaders/Private/PathTracing/PathTracingVolumetricCloudMaterialShader.usf" 3052
"../../../Engine/Shaders/Private/PathTracing/Volume/PathTracingCloudsMaterialCommon.ush" 3053
"../../../Engine/Shaders/Private/PathTracing/Volume/PathTracingVolumeCommon.ush" 3054
"../../../Engine/Shaders/Private/PathTracing/Volume/PathTracingCloudsCommon.ush" 3055
"../../../Engine/Shaders/Private/PathTracing/Volume/PathTracingFog.ush" 3056
"../../../Engine/Shaders/Private/PathTracing/Volume/PathTracingAtmosphere.ush" 3057
"../../../Engine/Shaders/Private/PathTracing/Volume/PathTracingAtmosphereCommon.ush" 3058
"../../../Engine/Shaders/Private/PathTracing/Volume/PathTracingVolumeSampling.ush" 3059
"../../../Engine/Shaders/Private/PathTracing/PathTracingHeterogeneousVolumeMaterialShader.usf" 3060
"../../../Engine/Shaders/Private/HeterogeneousVolumes/HeterogeneousVolumesTracingUtils.ush" 3061
"../../../Engine/Shaders/Private/HeterogeneousVolumes/HeterogeneousVolumesVoxelGridTypes.ush" 3062
"../../../Engine/Shaders/Private/HeterogeneousVolumes/HeterogeneousVolumesVoxelGridUtils.ush" 3063
"../../../Engine/Shaders/Private/PathTracing/Volume/PathTracingHeterogeneousVolumesForwardDecl.ush" 3064
"../../../Engine/Shaders/Private/PathTracing/Volume/PathTracingHeterogeneousVolumesMaterialCommon.ush" 3065
"../../../Engine/Shaders/Private/PathTracing/Volume/PathTracingHeterogeneousVolumesTrackingCommon.ush" 3066
"../../../Engine/Shaders/Private/PathTracing/Volume/PathTracingHeterogeneousVolumesPreshadingCommon.ush" 3067
"../../../Engine/Shaders/Private/PathTracing/PathTracingBuildCloudAccelerationMap.usf" 3068
"../../../Engine/Shaders/Private/PathTracing/PathTracingBuildAtmosphereLUT.usf" 3069
"../../../Engine/Shaders/Private/PathTracing/PathTracingSwizzleScanlines.usf" 3070
"../../../Engine/Shaders/Private/PathTracing/PathTracingInitExtinctionCoefficient.usf" 3071
"../../../Engine/Shaders/Private/PathTracing/PathTracingCopyDepth.usf" 3072
"../../../Engine/Shaders/Private/PathTracing/PathTracingDebug.usf" 3073
"../../../Engine/Shaders/Private/RayTracing/RayTracingDecalGrid.ush" 3074
"../../../Engine/Shaders/Private/PathTracing/PathTracingDecals.ush" 3075
"../../../Engine/Shaders/Private/PathTracing/Material/PathTracingMaterialSampling.ush" 3076
"../../../Engine/Shaders/Private/PathTracing/Material/PathTracingLambert.ush" 3077
"../../../Engine/Shaders/Private/PathTracing/Material/PathTracingSubstrate.ush" 3078
"../../../Engine/Shaders/Private/PathTracing/Material/PathTracingEnergyConservation.ush" 3079
"../../../Engine/Shaders/Private/PathTracing/Material/PathTracingSubstrateFoliage.ush" 3080
"../../../Engine/Shaders/Private/PathTracing/Material/PathTracingSubstrateSolidGlass.ush" 3081
"../../../Engine/Shaders/Private/PathTracing/Material/PathTracingSubstrateThinGlass.ush" 3082
"../../../Engine/Shaders/Private/PathTracing/Material/PathTracingEye.ush" 3083
"../../../Engine/Shaders/Private/PathTracing/Material/PathTracingHair.ush" 3084
"../../../Engine/Shaders/Private/PathTracing/Material/PathTracingMedium.ush" 3085
"../../../Engine/Shaders/Private/PathTracing/Light/PathTracingLightSampling.ush" 3086
"../../../Engine/Shaders/Private/PathTracing/Light/PathTracingLightCommon.ush" 3087
"../../../Engine/Shaders/Private/PathTracing/Light/PathTracingDirectionalLight.ush" 3088
"../../../Engine/Shaders/Private/PathTracing/Light/PathTracingPointLight.ush" 3089
"../../../Engine/Shaders/Private/PathTracing/Light/PathTracingCapsuleLight.ush" 3090
"../../../Engine/Shaders/Private/PathTracing/Light/PathTracingRectLight.ush" 3091
"../../../Engine/Shaders/Private/PathTracing/Light/PathTracingSkyLight.ush" 3092
"../../../Engine/Shaders/Private/PathTracing/Light/PathTracingLightGrid.ush" 3093
"../../../Engine/Shaders/Private/PathTracing/PathTracing.usf" 3094
"../../../Engine/Shaders/Private/PathTracing/PathTracingCore.ush" 3095
"../../../Engine/Shaders/Private/PathTracing/Volume/PathTracingVolume.ush" 3096
"../../../Engine/Shaders/Private/PathTracing/Volume/PathTracingClouds.ush" 3097
"../../../Engine/Shaders/Private/PathTracing/Volume/PathTracingHeterogeneousVolumes.ush" 3098
"../../../Engine/Shaders/Private/HeterogeneousVolumes/HeterogeneousVolumesVoxelGridTraversal.ush" 3099
"../../../Engine/Shaders/Private/HeterogeneousVolumes/HeterogeneousVolumesFrustumVoxelGridUtils.ush" 3100
"../../../Engine/Shaders/Private/PathTracing/PathTracingBuildLightGrid.usf" 3101
"../../../Engine/Shaders/Private/PathTracing/PathTracingSkylightMISCompensation.usf" 3102
"../../../Engine/Shaders/Private/PathTracing/PathTracingSkylightPrepare.usf" 3103
"../../../Engine/Shaders/Private/OIT/OITSorting.usf" 3104
"../../../Engine/Shaders/Private/OITCombine.usf" 3105
"../../../Engine/Shaders/Private/OITCommon.ush" 3106
"../../../Engine/Shaders/Private/Nanite/Voxel/RasterizeBricks.usf" 3107
"../../../Engine/Shaders/Private/Nanite/Voxel/Brick.ush" 3108
"../../../Engine/Shaders/Private/Nanite/Voxel/Voxel.ush" 3109
"../../../Engine/Shaders/Private/Nanite/Voxel/ScatterBricks.usf" 3110
"../../../Engine/Shaders/Private/Nanite/Voxel/TileBricks.usf" 3111
"../../../Engine/Shaders/Private/Nanite/Voxel/AutoVoxel.usf" 3112
"../../../Engine/Shaders/Private/Nanite/NaniteDebugViews.usf" 3113
"../../../Engine/Shaders/Private/Nanite/NaniteEditorCommon.ush" 3114
"../../../Engine/Shaders/Private/BinarySearch.ush" 3115
"../../../Engine/Shaders/Private/Nanite/NaniteDepthDecode.usf" 3116
"../../../Engine/Shaders/Private/HTileEncoding.ush" 3117
"../../../Engine/Shaders/Private/Nanite/NaniteVisualize.usf" 3118
"../../../Engine/Shaders/Private/Nanite/NaniteTranslucency.usf" 3119
"../../../Engine/Shaders/Private/Nanite/NaniteStreamOut.usf" 3120
"../../../Engine/Shaders/Private/Nanite/NaniteHierarchyTraversal.ush" 3121
"../../../Engine/Shaders/Private/Nanite/NaniteShadeBinning.usf" 3122
"../../../Engine/Shaders/Private/Nanite/NaniteShadeCommon.ush" 3123
"../../../Engine/Shaders/Private/Nanite/NaniteFastClear.usf" 3124
"../../../Engine/Shaders/Private/Nanite/NaniteClusterRayTracing.usf" 3125
"../../../Engine/Shaders/Private/Nanite/NaniteClusterRayTracingStats.ush" 3126
"../../../Engine/Shaders/Private/Nanite/NaniteRayTracing.usf" 3127
"../../../Engine/Shaders/Private/Nanite/NaniteExportGBuffer.usf" 3128
"../../../Engine/Shaders/Private/Nanite/NaniteRasterizer.usf" 3129
"../../../Engine/Shaders/Private/Nanite/NaniteCurveCommon.ush" 3130
"../../../Engine/Shaders/Private/Nanite/NaniteDice.ush" 3131
"../../../Engine/Shaders/Private/ShaderBundleWorkGraphCommon.ush" 3132
"../../../Engine/Shaders/Private/Nanite/NaniteCurve.usf" 3133
"../../../Engine/Shaders/Private/Nanite/NaniteClusterCulling.usf" 3134
"../../../Engine/Shaders/Private/Nanite/NanitePrintStats.usf" 3135
"../../../Engine/Shaders/Private/Nanite/NaniteSplit.usf" 3136
"../../../Engine/Shaders/Private/Nanite/NaniteRasterBinning.usf" 3137
"../../../Engine/Shaders/Private/Nanite/NaniteInstanceCulling.usf" 3138
"../../../Engine/Shaders/Private/Nanite/NaniteInstanceHierarchyCulling.usf" 3139
"../../../Engine/Shaders/Private/WorkGroupLoadBalancer.ush" 3140
"../../../Engine/Shaders/Private/Nanite/NanitePrimitiveFilter.usf" 3141
"../../../Engine/Shaders/Private/Nanite/NaniteRasterClear.usf" 3142
"../../../Engine/Shaders/Private/Nanite/NaniteDepthExport.usf" 3143
"../../../Engine/Shaders/Private/Nanite/NaniteEmitShadow.usf" 3144
"../../../Engine/Shaders/Private/MobileDeferredUtils.usf" 3145
"../../../Engine/Shaders/Private/MobileFog.usf" 3146
"../../../Engine/Shaders/Private/DistortApplyScreenPS.usf" 3147
"../../../Engine/Shaders/Private/MobileDeferredShading.usf" 3148
"../../../Engine/Shaders/Private/MobileBasePassPixelShader.usf" 3149
"../../../Engine/Shaders/Private/MobileBasePassCommon.ush" 3150
"../../../Engine/Shaders/Private/BasePassCommon.ush" 3151
"../../../Engine/Shaders/Private/ShadingModelsMaterial.ush" 3152
"../../../Engine/Shaders/Private/ThinTranslucentCommon.ush" 3153
"../../../Engine/Shaders/Private/SingleLayerWaterShading.ush" 3154
"../../../Engine/Shaders/Private/DistortionCommon.ush" 3155
"../../../Engine/Shaders/Private/Substrate/SubstrateMobileForwardLighting.ush" 3156
"../../../Engine/Shaders/Private/MobileBasePassVertexShader.usf" 3157
"../../../Engine/Shaders/Private/MeshEdges.usf" 3158
"../../../Engine/Shaders/Private/MegaLights/MegaLightsLightComplexity.usf" 3159
"../../../Engine/Shaders/Private/MegaLights/MegaLightsSamplingDefinitionsCommon.ush" 3160
"../../../Engine/Shaders/Private/MegaLights/MegaLightsLightTargetPDF.ush" 3161
"../../../Engine/Shaders/Private/MegaLights/MegaLightsShading.ush" 3162
"../../../Engine/Shaders/Private/MegaLights/MegaLights.ush" 3163
"../../../Engine/Shaders/Shared/MegaLightsDefinitions.h" 3164
"../../../Engine/Shaders/Private/MegaLights/MegaLightsMaterial.ush" 3165
"../../../Engine/Shaders/Private/MegaLights/MegaLightsVolume.ush" 3166
"../../../Engine/Shaders/Private/MegaLights/MegaLightsVisibility.ush" 3167
"../../../Engine/Shaders/Private/MegaLights/MegaLightsDebug.usf" 3168
"../../../Engine/Shaders/Private/MegaLights/MegaLightsVisualizeHardwareRayTracing.usf" 3169
"../../../Engine/Shaders/Private/Lumen/LumenHardwareRayTracingCommon.ush" 3170
"../../../Engine/Shaders/Private/RayTracing/RayTracingReflectionEnvironment.ush" 3171
"../../../Engine/Shaders/Private/Lumen/LumenHardwareRayTracingPlatformCommon.ush" 3172
"../../../Engine/Shaders/Private/Lumen/LumenTracingCommon.ush" 3173
"../../../Engine/Shaders/Private/Lumen/SurfaceCache/LumenSurfaceCacheSampling.ush" 3174
"../../../Engine/Shaders/Private/Lumen/SurfaceCache/LumenSurfaceCache.ush" 3175
"../../../Engine/Shaders/Private/Lumen/LumenCardCommon.ush" 3176
"../../../Engine/Shaders/Private/Lumen/LumenCardTileShadowDownsampleFactor.ush" 3177
"../../../Engine/Shaders/Private/StochasticLighting/StochasticLightingVisualize.ush" 3178
"../../../Engine/Shaders/Private/MegaLights/MegaLightsVisualize.usf" 3179
"../../../Engine/Shaders/Private/MegaLights/MegaLightsDenoiser.ush" 3180
"../../../Engine/Shaders/Private/MegaLights/MegaLightsSampling.usf" 3181
"../../../Engine/Shaders/Private/MegaLights/MegaLightsRayTracing.ush" 3182
"../../../Engine/Shaders/Private/MegaLights/MegaLightsSampling.ush" 3183
"../../../Engine/Shaders/Private/MegaLights/MegaLightsEstimateLight.ush" 3184
"../../../Engine/Shaders/Private/MegaLights/MegaLightsVolumeSampling.usf" 3185
"../../../Engine/Shaders/Private/MegaLights/MegaLights.usf" 3186
"../../../Engine/Shaders/Private/HairStrands/HairStrandsDeepShadowCommon.ush" 3187
"../../../Engine/Shaders/Private/HairStrands/HairStrandsScreenTracing.ush" 3188
"../../../Engine/Shaders/Private/MegaLights/MegaLightsFilterVisibleLightHash.usf" 3189
"../../../Engine/Shaders/Private/MegaLights/MegaLightsShading.usf" 3190
"../../../Engine/Shaders/Private/MegaLights/MegaLightsVisibleLightHash.usf" 3191
"../../../Engine/Shaders/Private/MegaLights/MegaLightsVolumeShading.usf" 3192
"../../../Engine/Shaders/Private/MegaLights/MegaLightsVSMMarking.usf" 3193
"../../../Engine/Shaders/Private/MegaLights/MegaLightsVSMTracing.usf" 3194
"../../../Engine/Shaders/Private/MegaLights/MegaLightsRayTracing.usf" 3195
"../../../Engine/Shaders/Private/DistanceField/GlobalDistanceFieldUtils.ush" 3196
"../../../Engine/Shaders/Private/Lumen/LumenScreenTracing.ush" 3197
"../../../Engine/Shaders/Private/StochasticLighting/StochasticLightingRayTracing.ush" 3198
"../../../Engine/Shaders/Private/MegaLights/MegaLightsVolumeRayTracing.usf" 3199
"../../../Engine/Shaders/Private/MegaLights/MegaLightsVolumeHardwareRayTracing.usf" 3200
"../../../Engine/Shaders/Private/MegaLights/MegaLightsHardwareRayTracing.usf" 3201
"../../../Engine/Shaders/Private/MegaLights/MegaLightsLightPowerDelta.usf" 3202
"../../../Engine/Shaders/Private/MegaLights/MegaLightsDenoiserSpatial.usf" 3203
"../../../Engine/Shaders/Private/MegaLights/MegaLightsDenoiserTemporal.usf" 3204
"../../../Engine/Shaders/Private/MaterialCache/MaterialCacheABufferPages.usf" 3205
"../../../Engine/Shaders/Private/MaterialCache/MaterialCacheABufferBorderFillHardwarePages.usf" 3206
"../../../Engine/Shaders/Private/MaterialCache/MaterialCacheShade.usf" 3207
"../../../Engine/Shaders/Private/MaterialCache/MaterialCacheShadeCommon.ush" 3208
"../../../Engine/Shaders/Private/MaterialCache/MaterialCacheUnwrapNaniteShade.usf" 3209
"../../../Engine/Shaders/Private/MaterialCache/MaterialCacheUnwrapPixelShader.usf" 3210
"../../../Engine/Shaders/Private/MaterialCache/MaterialCacheUnwrapVertexShader.usf" 3211
"../../../Engine/Shaders/Private/Lumen/LumenVisualizeRadianceCache.usf" 3212
"../../../Engine/Shaders/Private/Lumen/LumenIrradianceFieldInterpolation.ush" 3213
"../../../Engine/Shaders/Private/Lumen/LumenVisualizeHardwareRayTracing.usf" 3214
"../../../Engine/Shaders/Private/Lumen/LumenVisualize.ush" 3215
"../../../Engine/Shaders/Private/Lumen/LumenHairTracing.ush" 3216
"../../../Engine/Shaders/Private/Lumen/LumenVisualize.usf" 3217
"../../../Engine/Shaders/Private/Lumen/LumenSoftwareRayTracing.ush" 3218
"../../../Engine/Shaders/Private/DistanceField/GlobalDistanceFieldObjectGrid.ush" 3219
"../../../Engine/Shaders/Private/DistanceFieldLightingShared.ush" 3220
"../../../Engine/Shaders/Private/Lumen/LumenRadianceCacheCommon.ush" 3221
"../../../Engine/Shaders/Private/Lumen/LumenVisualizeTraces.ush" 3222
"../../../Engine/Shaders/Private/Lumen/LumenTranslucencyVolumeLighting.usf" 3223
"../../../Engine/Shaders/Private/Lumen/LumenRadianceCacheMarkCommon.ush" 3224
"../../../Engine/Shaders/Private/Lumen/LumenTranslucencyVolumeLightingShared.ush" 3225
"../../../Engine/Shaders/Private/Lumen/LumenScreenProbeCommon.ush" 3226
"../../../Engine/Shaders/Private/RayTracing/RayGenUtils.ush" 3227
"../../../Engine/Shaders/Private/Lumen/LumenRadianceCacheTracingCommon.ush" 3228
"../../../Engine/Shaders/Private/Lumen/LumenFloatQuantization.ush" 3229
"../../../Engine/Shaders/Private/Lumen/LumenTranslucencyVolumeHardwareRayTracing.usf" 3230
"../../../Engine/Shaders/Private/Lumen/LumenTranslucencyRadianceCacheMarkShaders.usf" 3231
"../../../Engine/Shaders/Private/Lumen/SurfaceCache/LumenSurfaceCache.usf" 3232
"../../../Engine/Shaders/Private/Lumen/LumenVirtualTextureCommon.ush" 3233
"../../../Engine/Shaders/Private/Lumen/LumenShortRangeAOHardwareRayTracing.usf" 3234
"../../../Engine/Shaders/Private/Lumen/LumenScreenSpaceBentNormal.ush" 3235
"../../../Engine/Shaders/Private/Lumen/LumenScreenSpaceBentNormal.usf" 3236
"../../../Engine/Shaders/Private/Lumen/LumenScreenProbeTracing.usf" 3237
"../../../Engine/Shaders/Private/Lumen/LumenScreenProbeTracingCommon.ush" 3238
"../../../Engine/Shaders/Private/Lumen/LumenScreenProbeImportanceSampling.usf" 3239
"../../../Engine/Shaders/Private/Lumen/LumenScreenProbeImportanceSamplingShared.ush" 3240
"../../../Engine/Shaders/Private/Lumen/LumenScreenProbeGatherScreenData.usf" 3241
"../../../Engine/Shaders/Private/Lumen/LumenScreenProbeGatherTemporal.ush" 3242
"../../../Engine/Shaders/Private/Lumen/LumenScreenProbeHardwareRayTracing.usf" 3243
"../../../Engine/Shaders/Private/Lumen/LumenScreenProbeDebug.usf" 3244
"../../../Engine/Shaders/Private/Lumen/LumenScreenProbeGather.usf" 3245
"../../../Engine/Shaders/Private/Lumen/LumenUpsample.ush" 3246
"../../../Engine/Shaders/Private/Lumen/LumenScreenProbeGatherTemporal.usf" 3247
"../../../Engine/Shaders/Private/Lumen/LumenScreenProbeFiltering.usf" 3248
"../../../Engine/Shaders/Private/Lumen/LumenSceneLighting.usf" 3249
"../../../Engine/Shaders/Private/Lumen/LumenCardTile.ush" 3250
"../../../Engine/Shaders/Private/Lumen/LumenSceneLighting.ush" 3251
"../../../Engine/Shaders/Private/Lumen/Radiosity/LumenRadiosity.ush" 3252
"../../../Engine/Shaders/Private/Lumen/LumenSceneLightingDebug.usf" 3253
"../../../Engine/Shaders/Private/Lumen/LumenScene.usf" 3254
"../../../Engine/Shaders/Private/Lumen/LumenSceneDirectLightingHardwareRayTracing.usf" 3255
"../../../Engine/Shaders/Private/Lumen/LumenSceneDirectLightingStochastic.ush" 3256
"../../../Engine/Shaders/Private/Lumen/LumenSceneDirectLighting.ush" 3257
"../../../Engine/Shaders/Private/Lumen/LumenSceneDebugHardwareRayTracing.usf" 3258
"../../../Engine/Shaders/Private/Lumen/LumenSceneDirectLightingStochastic.usf" 3259
"../../../Engine/Shaders/Private/Lumen/LumenSceneDirectLightingSoftwareRayTracing.usf" 3260
"../../../Engine/Shaders/Private/DistanceFieldShadowingShared.ush" 3261
"../../../Engine/Shaders/Private/Lumen/LumenSceneDirectLightingPerLightShadowCommon.ush" 3262
"../../../Engine/Shaders/Private/Lumen/LumenSceneDirectLightingShadowMask.usf" 3263
"../../../Engine/Shaders/Private/Lumen/LumenSceneDirectLighting.usf" 3264
"../../../Engine/Shaders/Private/Lumen/LumenSceneDirectLightingCulling.usf" 3265
"../../../Engine/Shaders/Private/Lumen/LumenCardComputeShader.usf" 3266
"../../../Engine/Shaders/Private/Lumen/LumenCardBasePass.ush" 3267
"../../../Engine/Shaders/Private/Lumen/LumenCardPixelShader.usf" 3268
"../../../Engine/Shaders/Private/Lumen/LumenCardVertexShader.usf" 3269
"../../../Engine/Shaders/Private/Lumen/LumenReSTIRGather.usf" 3270
"../../../Engine/Shaders/Private/Lumen/LumenReflectionTracing.usf" 3271
"../../../Engine/Shaders/Private/Lumen/LumenReflectionDenoiserSpatial.usf" 3272
"../../../Engine/Shaders/Private/Lumen/LumenReflectionDenoiserCommon.ush" 3273
"../../../Engine/Shaders/Private/Lumen/LumenCompositeBackgroundVisibility.usf" 3274
"../../../Engine/Shaders/Private/Lumen/LumenReflectionDenoiserClear.usf" 3275
"../../../Engine/Shaders/Private/Lumen/LumenReflectionDenoiserTemporal.usf" 3276
"../../../Engine/Shaders/Private/Lumen/LumenReflectionResolve.usf" 3277
"../../../Engine/Shaders/Private/Lumen/LumenReflections.usf" 3278
"../../../Engine/Shaders/Private/Lumen/RayTracedTranslucency.usf" 3279
"../../../Engine/Shaders/Private/Lumen/LumenReflectionHardwareRayTracing.usf" 3280
"../../../Engine/Shaders/Private/Lumen/Radiosity/LumenVisualizeRadiosityProbes.usf" 3281
"../../../Engine/Shaders/Private/Lumen/Radiosity/LumenRadiosity.usf" 3282
"../../../Engine/Shaders/Private/Lumen/Radiosity/LumenRadiosityHardwareRayTracing.usf" 3283
"../../../Engine/Shaders/Private/Lumen/Radiosity/LumenRadiosityCulling.usf" 3284
"../../../Engine/Shaders/Private/Lumen/LumenRadianceCacheHardwareRayTracing.usf" 3285
"../../../Engine/Shaders/Private/Lumen/LumenRadianceCache.usf" 3286
"../../../Engine/Shaders/Private/Lumen/LumenRadianceCacheUpdate.ush" 3287
"../../../Engine/Shaders/Private/Lumen/LumenRadianceCacheDebug.usf" 3288
"../../../Engine/Shaders/Private/Lumen/LumenRadianceCacheUpdate.usf" 3289
"../../../Engine/Shaders/Private/Lumen/LumenMeshSDFCulling.usf" 3290
"../../../Engine/Shaders/Private/HybridIndirectLighting.ush" 3291
"../../../Engine/Shaders/Private/MeshDistanceFieldCommon.ush" 3292
"../../../Engine/Shaders/Private/Lumen/LumenIrradianceFieldGather.usf" 3293
"../../../Engine/Shaders/Private/Lumen/LumenHardwareRayTracingMaterials.usf" 3294
"../../../Engine/Shaders/Private/LocalFogVolumes/LocalFogVolumeSplat.usf" 3295
"../../../Engine/Shaders/Private/LocalFogVolumes/LocalFogVolumeTiledCulling.usf" 3296
"../../../Engine/Shaders/Private/LightShaftShader.usf" 3297
"../../../Engine/Shaders/Private/StationaryLightOverlapShaders.usf" 3298
"../../../Engine/Shaders/Private/DeferredLightPixelShaders.usf" 3299
"../../../Engine/Shaders/Private/DeferredLightVertexShaders.usf" 3300
"../../../Engine/Shaders/Private/LightMapDensityShader.usf" 3301
"../../../Engine/Shaders/Private/LightGridInjection.usf" 3302
"../../../Engine/Shaders/Shared/LightGridDefinitions.h" 3303
"../../../Engine/Shaders/Private/LightFunctionPixelShader.usf" 3304
"../../../Engine/Shaders/Private/LightFunctionVertexShader.usf" 3305
"../../../Engine/Shaders/Private/LightFunctionAtlas/LightFunctionAtlasRender.usf" 3306
"../../../Engine/Shaders/Private/InstanceCulling/InstanceCullingOcclusionQuery.usf" 3307
"../../../Engine/Shaders/Private/InstanceCulling/InstanceCullingSetup.ush" 3308
"../../../Engine/Shaders/Private/InstanceCulling/BuildInstanceDrawCommands.usf" 3309
"../../../Engine/Shaders/Private/InstanceCulling/InstanceCompactionCommon.ush" 3310
"../../../Engine/Shaders/Private/SceneDataMobileWriter.ush" 3311
"../../../Engine/Shaders/Private/InstanceCulling/CompactVisibleInstances.usf" 3312
"../../../Engine/Shaders/Private/ReflectionEnvironmentPixelShader.usf" 3313
"../../../Engine/Shaders/Private/AmbientCubemapComposite.usf" 3314
"../../../Engine/Shaders/Private/DiffuseIndirectComposite.usf" 3315
"../../../Engine/Shaders/Private/IESAtlas.usf" 3316
"../../../Engine/Shaders/Private/HeterogeneousVolumes/HeterogeneousVolumesVisualizeCascades.usf" 3317
"../../../Engine/Shaders/Private/HeterogeneousVolumes/HeterogeneousVolumesVoxelGridShadows.usf" 3318
"../../../Engine/Shaders/Private/HeterogeneousVolumes/HeterogeneousVolumesStochasticFiltering.ush" 3319
"../../../Engine/Shaders/Private/HeterogeneousVolumes/HeterogeneousVolumesVoxelGridRenderingUtils.ush" 3320
"../../../Engine/Shaders/Private/HeterogeneousVolumes/HeterogeneousVolumesLightingUtils.ush" 3321
"../../../Engine/Shaders/Private/HeterogeneousVolumes/HeterogeneousVolumesRayMarchingUtils.ush" 3322
"../../../Engine/Shaders/Private/HeterogeneousVolumes/HeterogeneousVolumesRayMarchingTypes.ush" 3323
"../../../Engine/Shaders/Private/HeterogeneousVolumes/HeterogeneousVolumesTransmittanceVolumeUtils.ush" 3324
"../../../Engine/Shaders/Private/HeterogeneousVolumes/HeterogeneousVolumesAdaptiveVolumetricShadowMapSampler.ush" 3325
"../../../Engine/Shaders/Private/HeterogeneousVolumes/HeterogeneousVolumesVoxelGridRendering.usf" 3326
"../../../Engine/Shaders/Private/HeterogeneousVolumes/HeterogeneousVolumesVoxelGridPipeline.usf" 3327
"../../../Engine/Shaders/Private/HeterogeneousVolumes/HeterogeneousVolumesMaterialBakingPipeline.usf" 3328
"../../../Engine/Shaders/Private/HeterogeneousVolumes/HeterogeneousVolumesLiveShadingUtils.ush" 3329
"../../../Engine/Shaders/Private/HeterogeneousVolumes/HeterogeneousVolumesFrustumVoxelGrid.usf" 3330
"../../../Engine/Shaders/Private/HeterogeneousVolumes/HeterogeneousVolumesSparseVoxelPipeline.usf" 3331
"../../../Engine/Shaders/Private/HeterogeneousVolumes/HeterogeneousVolumesSparseVoxelUtils.ush" 3332
"../../../Engine/Shaders/Private/HeterogeneousVolumes/HeterogeneousVolumesSparseVoxelUniformBufferUtils.ush" 3333
"../../../Engine/Shaders/Private/HeterogeneousVolumes/HeterogeneousVolumesPreshadingPipeline.usf" 3334
"../../../Engine/Shaders/Private/HeterogeneousVolumes/HeterogeneousVolumesPreshadingUniformBufferUtils.ush" 3335
"../../../Engine/Shaders/Private/HeterogeneousVolumes/HeterogeneousVolumesPreshadingUtils.ush" 3336
"../../../Engine/Shaders/Private/HeterogeneousVolumes/HeterogeneousVolumesShadowMask.usf" 3337
"../../../Engine/Shaders/Private/HeterogeneousVolumes/HeterogeneousVolumesLiveShadingShadows.usf" 3338
"../../../Engine/Shaders/Private/HeterogeneousVolumes/HeterogeneousVolumesLiveShadingGlobalPipeline.usf" 3339
"../../../Engine/Shaders/Private/HeterogeneousVolumes/HeterogeneousVolumesLiveShadingPipeline.usf" 3340
"../../../Engine/Shaders/Private/HeterogeneousVolumes/HeterogeneousVolumesHardwareRayTracing.usf" 3341
"../../../Engine/Shaders/Private/HeterogeneousVolumes/HeterogeneousVolumesAmbientOcclusionPipeline.usf" 3342
"../../../Engine/Shaders/Private/HeterogeneousVolumes/HeterogeneousVolumesComposite.usf" 3343
"../../../Engine/Shaders/Private/HdrCustomResolveShaders.usf" 3344
"../../../Engine/Shaders/Private/HairStrands/RenderCurveRaster.usf" 3345
"../../../Engine/Shaders/Shared/RenderCurveDefinitions.h" 3346
"../../../Engine/Shaders/Private/HairStrands/HairStrandsVoxelRasterCompute.usf" 3347
"../../../Engine/Shaders/Private/HairStrands/HairStrandsHitProxy.usf" 3348
"../../../Engine/Shaders/Private/HairStrands/HairStrandsVisibilityRasterComputeNaive.usf" 3349
"../../../Engine/Shaders/Private/HairStrands/HairStrandsVisibilityRasterHW.usf" 3350
"../../../Engine/Shaders/Private/HairStrands/HairStrandsVisibilityRasterCompute.usf" 3351
"../../../Engine/Shaders/Private/HairStrands/HairStrandsVisibilityRasterClassification.usf" 3352
"../../../Engine/Shaders/Private/HairStrands/HairStrandsCoverage.usf" 3353
"../../../Engine/Shaders/Private/HairStrands/HairStrandsVisibilityDepthPS.usf" 3354
"../../../Engine/Shaders/Private/HairStrands/HairStrandsVisibilityTransmittanceDepthPS.usf" 3355
"../../../Engine/Shaders/Private/HairStrands/HairStrandsVisibilityFillOpaqueDepthPS.usf" 3356
"../../../Engine/Shaders/Private/HairStrands/HairStrandsVisibilityCompactionComputeRaster.usf" 3357
"../../../Engine/Shaders/Private/HairStrands/HairStrandsVisibilityCompaction.usf" 3358
"../../../Engine/Shaders/Private/HairStrands/HairStrandsVisibilityCopyIndirectArg.usf" 3359
"../../../Engine/Shaders/Private/HairStrands/HairStrandsVisibilityClearPS.usf" 3360
"../../../Engine/Shaders/Private/HairStrands/HairStrandsVisibilityPS.usf" 3361
"../../../Engine/Shaders/Private/HairStrands/HairStrandsVisibilityVS.usf" 3362
"../../../Engine/Shaders/Private/HairStrands/HairStrandsVelocity.usf" 3363
"../../../Engine/Shaders/Private/HairStrands/HairStrandsVisibilityComputeSampleCoverage.usf" 3364
"../../../Engine/Shaders/Private/HairStrands/HairStrandsMaterialPS.usf" 3365
"../../../Engine/Shaders/Private/HairStrands/HairStrandsMaterialCommon.ush" 3366
"../../../Engine/Shaders/Private/HairStrands/HairStrandsMaterialVS.usf" 3367
"../../../Engine/Shaders/Private/HairStrands/HairStrandsLightSample.usf" 3368
"../../../Engine/Shaders/Private/HairStrands/HairStrandsDeepShadowMask.usf" 3369
"../../../Engine/Shaders/Private/HairStrands/HairStrandsDeepTransmittanceMask.usf" 3370
"../../../Engine/Shaders/Private/HairStrands/HairStrandsVisibilityTile.usf" 3371
"../../../Engine/Shaders/Private/HairStrands/HairStrandsDeepShadowPS.usf" 3372
"../../../Engine/Shaders/Private/HairStrands/HairStrandsDeepShadowVS.usf" 3373
"../../../Engine/Shaders/Private/HairStrands/HairStrandsAABB.usf" 3374
"../../../Engine/Shaders/Private/HairStrands/HairStrandsLUT.usf" 3375
"../../../Engine/Shaders/Private/HairStrands/HairStrandsForwardRaster.usf" 3376
"../../../Engine/Shaders/Private/HairStrands/HairStrandsForwardCulling.usf" 3377
"../../../Engine/Shaders/Private/HairStrands/HairStrandsEnvironmentLighting.usf" 3378
"../../../Engine/Shaders/Private/HairStrands/HairStrandsDebugCommonStruct.ush" 3379
"../../../Engine/Shaders/Private/HairStrands/HairStrandsEnvironmentAO.usf" 3380
"../../../Engine/Shaders/Private/HairStrands/HairStrandsDeepShadowAllocation.usf" 3381
"../../../Engine/Shaders/Private/HairStrands/HairStrandsVoxelDebug.usf" 3382
"../../../Engine/Shaders/Private/HairStrands/HairStrandsComposition.usf" 3383
"../../../Engine/Shaders/Private/HairStrands/HairStrandsGBufferCommon.ush" 3384
"../../../Engine/Shaders/Private/GPUScene/GPUSceneDataManagement.usf" 3385
"../../../Engine/Shaders/Private/GPUSceneDebugRender.usf" 3386
"../../../Engine/Shaders/Private/GPUFeedbackCompaction.usf" 3387
"../../../Engine/Shaders/Private/GPUFastFourierTransform.usf" 3388
"../../../Engine/Shaders/Private/GPUFastFourierTransform2DCore.ush" 3389
"../../../Engine/Shaders/Private/GPUFastFourierTransformCore.ush" 3390
"../../../Engine/Shaders/Private/GPUBenchmark.usf" 3391
"../../../Engine/Shaders/Private/DistanceField/GlobalDistanceFieldDebug.usf" 3392
"../../../Engine/Shaders/Private/DistanceField/GlobalDistanceFieldUpdate.ush" 3393
"../../../Engine/Shaders/Private/DistanceField/GlobalDistanceFieldMip.usf" 3394
"../../../Engine/Shaders/Private/DistanceField/GlobalDistanceField.usf" 3395
"../../../Engine/Shaders/Private/DistanceField/GlobalDistanceFieldCompositeObjects.usf" 3396
"../../../Engine/Shaders/Private/DistanceField/GlobalDistanceFieldHeightfields.usf" 3397
"../../../Engine/Shaders/Private/HeightfieldLightingShared.ush" 3398
"../../../Engine/Shaders/Private/GenerateConservativeDepth.usf" 3399
"../../../Engine/Shaders/Private/FrontLayerTranslucency.usf" 3400
"../../../Engine/Shaders/Private/FogSeparateComposition.usf" 3401
"../../../Engine/Shaders/Private/FogScreenSpaceScattering.ush" 3402
"../../../Engine/Shaders/Private/FogSeparateComposition.ush" 3403
"../../../Engine/Shaders/Private/HeightFogPixelShader.usf" 3404
"../../../Engine/Shaders/Private/HeightFogVertexShader.usf" 3405
"../../../Engine/Shaders/Private/DistortFiltering.usf" 3406
"../../../Engine/Shaders/Private/DistortAccumulatePS.usf" 3407
"../../../Engine/Shaders/Private/DistortAccumulateVS.usf" 3408
"../../../Engine/Shaders/Private/DistanceFieldVisualization.usf" 3409
"../../../Engine/Shaders/Private/DistanceFieldStreaming.usf" 3410
"../../../Engine/Shaders/Private/DistanceFieldShadowing.usf" 3411
"../../../Engine/Shaders/Private/DistanceFieldScreenGridLighting.usf" 3412
"../../../Engine/Shaders/Private/DistanceFieldObjectCulling.usf" 3413
"../../../Engine/Shaders/Private/DistanceFieldLightingPost.usf" 3414
"../../../Engine/Shaders/Private/DitheredTransitionStencil.usf" 3415
"../../../Engine/Shaders/Private/CopyDepthTexture.usf" 3416
"../../../Engine/Shaders/Private/CopyDepthTextureCS.usf" 3417
"../../../Engine/Shaders/Private/DeferredDecal.usf" 3418
"../../../Engine/Shaders/Private/DecalCommon.ush" 3419
"../../../Engine/Shaders/Private/DebugViewModeVertexShader.usf" 3420
"../../../Engine/Shaders/Private/DebugViewModeCommon.ush" 3421
"../../../Engine/Shaders/Private/DebugViewModePixelShader.usf" 3422
"../../../Engine/Shaders/Private/DebugProbes.usf" 3423
"../../../Engine/Shaders/Private/MeshDecals.usf" 3424
"../../../Engine/Shaders/Private/ClusteredDeferredShadingPixelShader.usf" 3425
"../../../Engine/Shaders/Private/ClusteredDeferredShadingVertexShader.usf" 3426
"../../../Engine/Shaders/Private/CapsuleShadowShaders.usf" 3427
"../../../Engine/Shaders/Private/BasePassPixelShader.usf" 3428
"../../../Engine/Shaders/Private/FrontLayerTranslucencyShared.ush" 3429
"../../../Engine/Shaders/Private/ForwardLightingCommon.ush" 3430
"../../../Engine/Shaders/Private/Substrate/SubstrateForwardLighting.ush" 3431
"../../../Engine/Shaders/Private/ComputeShaderOutputCommon.ush" 3432
"../../../Engine/Shaders/Private/BasePassVertexShader.usf" 3433
"../../../Engine/Shaders/Private/BasePassVertexCommon.ush" 3434
"../../../Engine/Shaders/Private/SimpleElementVolumeTexturePreviewPixelShader.usf" 3435
"../../../Engine/Shaders/Private/SimpleElementTexture2DPreviewPixelShader.usf" 3436
"../../../Engine/Shaders/Private/meshpaintdilatepixelshader.usf" 3437
"../../../Engine/Shaders/Private/meshpaintdilatevertexshader.usf" 3438
"../../../Engine/Shaders/Private/MeshPaintPixelShader.usf" 3439
"../../../Engine/Shaders/Private/MeshPaintVertexShader.usf" 3440
"../../../Engine/Shaders/Private/SlateElementPixelShader.usf" 3441
"../../../Engine/Shaders/Private/SlateShaderCommon.ush" 3442
"../../../Engine/Shaders/Private/SlateMaskingShader.usf" 3443
"../../../Engine/Shaders/Private/SlateVertexShader.usf" 3444
"../../../Engine/Shaders/Private/CompositeUIPixelShader.usf" 3445
"../../../Engine/Shaders/Private/ColorDeficiency.ush" 3446
"../../../Engine/Shaders/Private/SlatePostProcessColorDeficiencyPixelShader.usf" 3447
"../../../Engine/Shaders/Private/SlatePostProcessPixelShader.usf" 3448
"../../../Engine/Shaders/Private/Tools/VisualizeTexture.usf" 3449
"../../../Engine/Shaders/Private/UpdateDescriptorHandle.usf" 3450
"../../../Engine/Shaders/Private/ByteBuffer.usf" 3451
"../../../Engine/Shaders/Private/ShaderBundleWorkGraphDispatch.usf" 3452
"../../../Engine/Shaders/Private/ShaderBundleDispatch.usf" 3453
"../../../Engine/Shaders/Private/ResolveVertexShader.usf" 3454
"../../../Engine/Shaders/Private/ResolvePixelShader.usf" 3455
"../../../Engine/Shaders/Private/Tools/SetupIndirectArgs.usf" 3456
"../../../Engine/Shaders/Private/ClearReplacementShaders.usf" 3457
"../../../Engine/Shaders/Private/Tools/DrawTexture.usf" 3458
"../../../Engine/Shaders/Private/RayTracing/RayTracingValidation.usf" 3459
"../../../Engine/Shaders/Private/RenderGraphUtilities.usf" 3460
"../../../Engine/Shaders/Private/OneColorShader.usf" 3461
"../../../Engine/Shaders/Private/OculusShaders.usf" 3462
"../../../Engine/Shaders/Private/MediaShaders.usf" 3463
"../../../Engine/Shaders/Private/GPUMessaging.usf" 3464
"../../../Engine/Shaders/Private/Tools/GPUDebugCrashUtils.usf" 3465
"../../../Engine/Shaders/Private/NullPixelShader.usf" 3466
"../../../Engine/Shaders/Private/ComputeGenerateMips.usf" 3467
"../../../Engine/Shaders/Private/Tools/DumpTexture.usf" 3468
"../../../Engine/Shaders/Private/CopyTextureShaders.usf" 3469
"../../../Engine/Shaders/Private/Tools/FullscreenVertexShader.usf" 3470
"../../../Engine/Shaders/Private/RayTracing/RayTracingDispatchDesc.usf" 3471
"../../../Engine/Shaders/Private/Bink.usf" 3472
"../../../Engine/Shaders/Private/DepthOnlyPixelShader.usf" 3473
"../../../Engine/Shaders/Private/PositionOnlyDepthVertexShader.usf" 3474
"../../../Engine/Shaders/Private/DepthOnlyVertexShader.usf" 3475
"../../../Engine/Shaders/Private/AnisotropyPassShader.usf" 3476
"D:/github test/Gamejam/Content/A_Project.uasset" 3477
"D:/github test/Gamejam/Content/Level/Pavilion.umap" 3478
"D:/github test/Gamejam/Content/portalsequencer/portal.uasset" 3479
"D:/github test/Gamejam/Content/ThirdPerson/Lvl_ThirdPerson.umap" 3480
"D:/github test/Gamejam/Content/color/red.uasset" 3481
"D:/github test/Gamejam/Content/UI/win.uasset" 3482
"D:/github test/Gamejam/Content/color/yellow.uasset" 3483
"D:/github test/Gamejam/Content/Tiny/A_Project_1.uasset" 3484
"D:/github test/Gamejam/Content/UI/Intro1.uasset" 3485
"D:/github test/Gamejam/Content/UI/Intro2.uasset" 3486
"D:/github test/Gamejam/Content/UI/Intro11.uasset" 3487
"D:/github test/Gamejam/Content/UI/Intro12.uasset" 3488
"D:/github test/Gamejam/Content/UI/Intro3.uasset" 3489
"D:/github test/Gamejam/Content/UI/Intro13.uasset" 3490
"D:/github test/Gamejam/Content/UI/Intro4.uasset" 3491
"D:/github test/Gamejam/Content/UI/Intro14.uasset" 3492
"D:/github test/Gamejam/Content/UI/Intro5.uasset" 3493
"D:/github test/Gamejam/Content/UI/Intro15.uasset" 3494
"D:/github test/Gamejam/Content/UI/Intro16.uasset" 3495
"D:/github test/Gamejam/Content/UI/Intro6.uasset" 3496
"D:/github test/Gamejam/Content/UI/Intro7.uasset" 3497
"D:/github test/Gamejam/Content/UI/Intro17.uasset" 3498
"D:/github test/Gamejam/Content/color/blue.uasset" 3499
"D:/github test/Gamejam/Content/color/white.uasset" 3500
"D:/github test/Gamejam/Content/ThirdPerson/_GENERATED/jessi/Cone_77998C82.uasset" 3501
"D:/github test/Gamejam/Content/__ExternalActors__/ThirdPerson/Lvl_ThirdPerson/0/W2/0744VSLIRVGDTA4F4LA3HL.uasset" 3502
"D:/github test/Gamejam/Content/__ExternalActors__/ThirdPerson/Lvl_ThirdPerson/3/44/FNX1OMUB59PVYPBA2M55KX.uasset" 3503
"D:/github test/Gamejam/Content/__ExternalActors__/ThirdPerson/Lvl_ThirdPerson/1/RA/8F34K649A61TGCC49UW1HI.uasset" 3504
"D:/github test/Gamejam/Content/__ExternalActors__/ThirdPerson/Lvl_ThirdPerson/4/XF/13W4KL2R862XPDSOMYTL1C.uasset" 3505
"D:/github test/Gamejam/Content/__ExternalActors__/ThirdPerson/Lvl_ThirdPerson/3/YN/KB8OM36UBNNRYV3ZU7YPNH.uasset" 3506
"D:/github test/Gamejam/Content/__ExternalActors__/ThirdPerson/Lvl_ThirdPerson/7/CY/RLD5OLCM5ONXU7IRQ23QNL.uasset" 3507
"D:/github test/Gamejam/Content/__ExternalActors__/ThirdPerson/Lvl_ThirdPerson/6/EJ/OZRLPBHV88QUSZ3LMBU9VJ.uasset" 3508
"D:/github test/Gamejam/Content/__ExternalActors__/ThirdPerson/Lvl_ThirdPerson/6/LC/QTSQIO79RS79R15TWOS43X.uasset" 3509
"D:/github test/Gamejam/Content/__ExternalActors__/ThirdPerson/Lvl_ThirdPerson/4/6S/EDC4S2JDKS83X0KPJG5QFE.uasset" 3510
"D:/github test/Gamejam/Content/__ExternalActors__/ThirdPerson/Lvl_ThirdPerson/4/IY/F70EA1J07JMLDYDIJ6QJSE.uasset" 3511
"D:/github test/Gamejam/Content/__ExternalActors__/ThirdPerson/Lvl_ThirdPerson/7/QK/IHPX8Q7CC9QD8QXHZRFZN2.uasset" 3512
"D:/github test/Gamejam/Content/__ExternalActors__/ThirdPerson/Lvl_ThirdPerson/7/3G/7NFNZ8VYDKQNUHWY53AOER.uasset" 3513
"D:/github test/Gamejam/Content/__ExternalActors__/ThirdPerson/Lvl_ThirdPerson/8/68/W2YATTOK8GTZBU1NQHC1BA.uasset" 3514
"D:/github test/Gamejam/Content/__ExternalActors__/ThirdPerson/Lvl_ThirdPerson/9/AC/RM05YO4CQ6WJS9BSI5YKVO.uasset" 3515
"D:/github test/Gamejam/Content/__ExternalActors__/ThirdPerson/Lvl_ThirdPerson/9/BD/FUKTZN4YGF63C7UEYSZC1H.uasset" 3516
"D:/github test/Gamejam/Content/__ExternalActors__/ThirdPerson/Lvl_ThirdPerson/9/BX/IPOX3OOGCCP6UXY7L2GXG5.uasset" 3517
"D:/github test/Gamejam/Content/__ExternalActors__/ThirdPerson/Lvl_ThirdPerson/A/J0/JE4FWY179D7EGVUDP5ROM2.uasset" 3518
"D:/github test/Gamejam/Content/__ExternalActors__/ThirdPerson/Lvl_ThirdPerson/B/K8/R5Z9MYTTZV5SZIO8KBRKTC.uasset" 3519
"D:/github test/Gamejam/Content/__ExternalActors__/ThirdPerson/Lvl_ThirdPerson/C/9E/RTJ9ZGW0MQW2DW9N3BL2OX.uasset" 3520
"D:/github test/Gamejam/Content/__ExternalActors__/ThirdPerson/Lvl_ThirdPerson/C/GX/NMS1SO33QYLZU4QA05R07A.uasset" 3521
"D:/github test/Gamejam/Content/__ExternalActors__/ThirdPerson/Lvl_ThirdPerson/C/HY/Q7CPP7VHOXBAMAJI90W626.uasset" 3522
"D:/github test/Gamejam/Content/__ExternalActors__/ThirdPerson/Lvl_ThirdPerson/D/1X/AJ1QWSYGD3ZW7QE6EJHE58.uasset" 3523
"D:/github test/Gamejam/Content/__ExternalActors__/ThirdPerson/Lvl_ThirdPerson/D/K5/NQBPXM7AM8N39CBW4ZT57P.uasset" 3524
"D:/github test/Gamejam/Content/__ExternalActors__/ThirdPerson/Lvl_ThirdPerson/D/KQ/5DR2ECXF75DU7P9HZXI349.uasset" 3525
"D:/github test/Gamejam/Content/__ExternalActors__/ThirdPerson/Lvl_ThirdPerson/D/PE/AUMLO2DR5HJUV0LYWFKE97.uasset" 3526
"D:/github test/Gamejam/Content/__ExternalActors__/ThirdPerson/Lvl_ThirdPerson/E/6M/NV9X2KJGVQQDZU8QM4O1KC.uasset" 3527
"D:/github test/Gamejam/Content/__ExternalActors__/ThirdPerson/Lvl_ThirdPerson/E/CU/0F6RDQSK6F4J1SA51SKXVL.uasset" 3528
"D:/github test/Gamejam/Content/__ExternalActors__/ThirdPerson/Lvl_ThirdPerson/E/CY/GX29D6N7EGDI1MY4N08UAD.uasset" 3529
"D:/github test/Gamejam/Content/__ExternalActors__/ThirdPerson/Lvl_ThirdPerson/F/1G/905KIPQSD9IMAWH7LLX8BA.uasset" 3530
"D:/github test/Gamejam/Content/__ExternalActors__/ThirdPerson/Lvl_ThirdPerson/F/39/XWDQJU3SXR8W4FGY7JXQWZ.uasset" 3531
"/Engine/EngineResources/WhiteSquareTexture" 3532
"../../../Engine/Content/EngineResources/WhiteSquareTexture.uasset" 3533
"/Engine/EngineResources/GradientTexture0" 3534
"../../../Engine/Content/EngineResources/GradientTexture0.uasset" 3535
"/Engine/EngineResources/Black" 3536
"../../../Engine/Content/EngineResources/Black.uasset" 3537
"/Engine/EditorResources/S_Actor" 3538
"../../../Engine/Content/EditorResources/S_Actor.uasset" 3539
"/Engine/EngineFonts/RobotoDistanceField" 3540
"../../../Engine/Content/EngineFonts/RobotoDistanceField.uasset" 3541
"/Engine/EngineMaterials/DefaultTextMaterialOpaque" 3542
"../../../Engine/Content/EngineMaterials/DefaultTextMaterialOpaque.uasset" 3543
"/Engine/EngineMaterials/WorldGridMaterial" 3544
"/Engine/EngineMaterials/DefaultDeferredDecalMaterial" 3545
"/Engine/EngineMaterials/DefaultLightFunctionMaterial" 3546
"/Engine/EngineMaterials/DefaultPostProcessMaterial" 3547
"../../../Engine/Content/EngineMaterials/WorldGridMaterial.uasset" 3548
"../../../Engine/Content/Functions/Engine_MaterialFunctions01/Opacity/CameraDepthFade.uasset" 3549
"../../../Engine/Content/EngineMaterials/T_Default_Material_Grid_M.uasset" 3550
"../../../Engine/Content/EngineMaterials/T_Default_Material_Grid_N.uasset" 3551
"../../../Engine/Content/EngineMaterials/DefaultDeferredDecalMaterial.uasset" 3552
"../../../Engine/Content/EngineMaterials/DefaultDiffuse.uasset" 3553
"../../../Engine/Content/EngineMaterials/DefaultLightFunctionMaterial.uasset" 3554
"../../../Engine/Content/EngineMaterials/DefaultPostProcessMaterial.uasset" 3555
"../../../Engine/Content/Functions/Engine_MaterialFunctions02/Utility/BreakOutFloat2Components.uasset" 3556
"/Engine/EditorResources/S_Trigger" 3557
"../../../Engine/Content/EditorResources/S_Trigger.uasset" 3558
"/Engine/EditorResources/S_BoxReflectionCapture" 3559
"../../../Engine/Content/EditorResources/S_BoxReflectionCapture.uasset" 3560
"/Engine/EngineResources/DefaultTexture" 3561
"../../../Engine/Content/EngineResources/DefaultTexture.uasset" 3562
"/Engine/EditorResources/S_TriggerBox" 3563
"../../../Engine/Content/EditorResources/S_TriggerBox.uasset" 3564
"/Engine/EditorResources/S_TriggerCapsule" 3565
"../../../Engine/Content/EditorResources/S_TriggerCapsule.uasset" 3566
"/Engine/EditorResources/S_TriggerSphere" 3567
"../../../Engine/Content/EditorResources/S_TriggerSphere.uasset" 3568
"/Engine/EngineMeshes/Sphere" 3569
"../../../Engine/Content/EngineMeshes/Sphere.uasset" 3570
"/Engine/EngineDamageTypes/DmgTypeBP_Environmental" 3571
"../../../Engine/Content/EngineDamageTypes/DmgTypeBP_Environmental.uasset" 3572
"/Engine/EngineResources/DefaultTextureCube" 3573
"../../../Engine/Content/EngineResources/DefaultTextureCube.uasset" 3574
"/Engine/EngineResources/DefaultVolumeTexture" 3575
"../../../Engine/Content/EngineResources/DefaultVolumeTexture.uasset" 3576
"../../../Engine/Content/EngineResources/DefaultVolumeTexture2D.uasset" 3577
"/Engine/EditorMaterials/WidgetVertexColorMaterial" 3578
"../../../Engine/Content/EditorMaterials/WidgetVertexColorMaterial.uasset" 3579
"/Engine/EditorResources/S_Solver" 3580
"../../../Engine/Content/EditorResources/S_Solver.uasset" 3581
"/Engine/EngineDebugMaterials/VolumeToRender" 3582
"../../../Engine/Content/EngineDebugMaterials/VolumeToRender.uasset" 3583
"/Engine/EngineDebugMaterials/M_VolumeRenderSphereTracePP" 3584
"../../../Engine/Content/EngineDebugMaterials/M_VolumeRenderSphereTracePP.uasset" 3585
"../../../Engine/Content/Functions/Engine_MaterialFunctions02/Utility/CameraDirectionVector.uasset" 3586
"/Engine/EditorMeshes/Camera/SM_CraneRig_Base" 3587
"../../../Engine/Content/EditorMeshes/Camera/SM_CraneRig_Base.uasset" 3588
"../../../Engine/Content/EditorMaterials/Camera/MI_CineMat_Rig.uasset" 3589
"../../../Engine/Content/EditorMaterials/Camera/CineMat.uasset" 3590
"/Engine/EditorMeshes/Camera/SM_CraneRig_Arm" 3591
"../../../Engine/Content/EditorMeshes/Camera/SM_CraneRig_Arm.uasset" 3592
"/Engine/EditorMeshes/Camera/SM_CraneRig_Mount" 3593
"../../../Engine/Content/EditorMeshes/Camera/SM_CraneRig_Mount.uasset" 3594
"/Engine/EditorMeshes/Camera/SM_CraneRig_Body" 3595
"../../../Engine/Content/EditorMeshes/Camera/SM_CraneRig_Body.uasset" 3596
"/Engine/EditorMeshes/Camera/SM_RailRig_Track" 3597
"../../../Engine/Content/EditorMeshes/Camera/SM_RailRig_Track.uasset" 3598
"/Engine/EditorMeshes/Camera/SM_RailRig_Mount" 3599
"../../../Engine/Content/EditorMeshes/Camera/SM_RailRig_Mount.uasset" 3600
"/Engine/EditorLandscapeResources/SplineEditorMesh" 3601
"../../../Engine/Content/EditorLandscapeResources/SplineEditorMesh.uasset" 3602
"../../../Engine/Content/EditorLandscapeResources/SplineEditorMeshMat.uasset" 3603
"/Water/Icons/WaterBodyIslandSprite" 3604
"../../Plugins/Experimental/Water/Content/Icons/WaterBodyIslandSprite.uasset" 3605
"/Water/Icons/WaterZoneActorSprite" 3606
"../../Plugins/Experimental/Water/Content/Icons/WaterZoneActorSprite.uasset" 3607
"/HairStrands/Materials/HairDebugMaterial" 3608
"../../Plugins/Runtime/HairStrands/Content/Materials/HairDebugMaterial.uasset" 3609
"../../../Engine/Content/Functions/Engine_MaterialFunctions02/Utility/MakeFloat2.uasset" 3610
"../../../Engine/Content/Functions/Engine_MaterialFunctions02/Utility/MakeFloat3.uasset" 3611
"../../../Engine/Content/EngineMaterials/HairColorMap.uasset" 3612
"../../../Engine/Content/EngineMaterials/HairDebugColor.uasset" 3613
"../../Plugins/Runtime/HairStrands/Content/Materials/HairGroupColors.uasset" 3614
"/HairStrands/Materials/HairDefaultMaterial" 3615
"../../Plugins/Runtime/HairStrands/Content/Materials/HairDefaultMaterial.uasset" 3616
"/HairStrands/Materials/HairCardsDefaultMaterial" 3617
"../../Plugins/Runtime/HairStrands/Content/Materials/HairCardsDefaultMaterial.uasset" 3618
"/HairStrands/Materials/HairMeshesDefaultMaterial" 3619
"../../Plugins/Runtime/HairStrands/Content/Materials/HairMeshesDefaultMaterial.uasset" 3620
"/Engine/EngineMaterials/Widget3DPassThrough_Translucent" 3621
"../../../Engine/Content/EngineMaterials/Widget3DPassThrough_Translucent.uasset" 3622
"../../../Engine/Content/EngineMaterials/Widget3DPassThrough.uasset" 3623
"/Engine/EngineMaterials/Widget3DPassThrough_Translucent_OneSided" 3624
"../../../Engine/Content/EngineMaterials/Widget3DPassThrough_Translucent_OneSided.uasset" 3625
"/Engine/EngineMaterials/Widget3DPassThrough_Opaque" 3626
"../../../Engine/Content/EngineMaterials/Widget3DPassThrough_Opaque.uasset" 3627
"/Engine/EngineMaterials/Widget3DPassThrough_Opaque_OneSided" 3628
"../../../Engine/Content/EngineMaterials/Widget3DPassThrough_Opaque_OneSided.uasset" 3629
"/Engine/EngineMaterials/Widget3DPassThrough_Masked" 3630
"../../../Engine/Content/EngineMaterials/Widget3DPassThrough_Masked.uasset" 3631
"/Engine/EngineMaterials/Widget3DPassThrough_Masked_OneSided" 3632
"../../../Engine/Content/EngineMaterials/Widget3DPassThrough_Masked_OneSided.uasset" 3633
"/Engine/VREditor/ViewportInteractionAssetContainerData" 3634
"../../../Engine/Content/VREditor/ViewportInteractionAssetContainerData.uasset" 3635
"../../../Engine/Content/VREditor/SnapGrid/SnapGridMaterial.uasset" 3636
"../../../Engine/Content/VREditor/TransformGizmo/TransformGizmoMaterial_Inst.uasset" 3637
"../../../Engine/Content/VREditor/TransformGizmo/TranslucentTransformGizmoMaterial_Inst.uasset" 3638
"../../../Engine/Content/VREditor/SnapGrid/SnapGridPlaneMesh.uasset" 3639
"../../../Engine/Content/VREditor/Sounds/UI/Drop_Item_From_ContentBrowser.uasset" 3640
"../../../Engine/Content/VREditor/Sounds/UI/Gizmo_Handle_Clicked.uasset" 3641
"../../../Engine/Content/VREditor/Sounds/UI/Object_PickUp.uasset" 3642
"../../../Engine/Content/VREditor/Sounds/UI/Object_Snaps_To_Another_Actor.uasset" 3643
"../../../Engine/Content/VREditor/Sounds/UI/Object_Snaps_To_Grid.uasset" 3644
"../../../Engine/Content/VREditor/Sounds/UI/Scaling_Down.uasset" 3645
"../../../Engine/Content/VREditor/Sounds/UI/Scaling_Up.uasset" 3646
"../../../Engine/Content/VREditor/Sounds/UI/Selection_Changes.uasset" 3647
"../../../Engine/Content/VREditor/TransformGizmo/PlaneTranslationHandle.uasset" 3648
"../../../Engine/Content/VREditor/TransformGizmo/RotationHandleFull.uasset" 3649
"../../../Engine/Content/VREditor/TransformGizmo/RotationHandleIndicator.uasset" 3650
"../../../Engine/Content/VREditor/TransformGizmo/RotationHandleQuarter.uasset" 3651
"../../../Engine/Content/VREditor/TransformGizmo/StartRotationHandleIndicator.uasset" 3652
"../../../Engine/Content/VREditor/TransformGizmo/TransformGizmoFreeRotation.uasset" 3653
"../../../Engine/Content/VREditor/TransformGizmo/TranslateArrowHandle.uasset" 3654
"../../../Engine/Content/VREditor/TransformGizmo/UniformScaleHandle.uasset" 3655
"../../../Engine/Content/Functions/Engine_MaterialFunctions02/Math/Transform3x3Matrix.uasset" 3656
"../../../Engine/Content/Functions/Engine_MaterialFunctions02/SplitComponents.uasset" 3657
"../../../Engine/Content/VREditor/TransformGizmo/TransformGizmoMaterial.uasset" 3658
"../../../Engine/Content/VREditor/TransformGizmo/TranslucentTransformGizmoMaterial.uasset" 3659
"../../../Engine/Content/Functions/Engine_MaterialFunctions02/Utility/BreakOutFloat3Components.uasset" 3660
"../../../Engine/Content/VREditor/LaserPointer/VR_LaserPower_01.uasset" 3661
"/Engine/VREditor/TransformGizmo/BoundingBoxCorner" 3662
"../../../Engine/Content/VREditor/TransformGizmo/BoundingBoxCorner.uasset" 3663
"/Engine/VREditor/TransformGizmo/BoundingBoxEdge" 3664
"../../../Engine/Content/VREditor/TransformGizmo/BoundingBoxEdge.uasset" 3665
"/Engine/ArtTools/RenderToTexture/Meshes/S_1_Unit_Plane" 3666
"../../../Engine/Content/ArtTools/RenderToTexture/Meshes/S_1_Unit_Plane.uasset" 3667
"/Engine/EngineDebugMaterials/M_SimpleUnlitTranslucent" 3668
"../../../Engine/Content/EngineDebugMaterials/M_SimpleUnlitTranslucent.uasset" 3669
"/Engine/EngineFonts/Roboto" 3670
"../../../Engine/Content/EngineFonts/Roboto.uasset" 3671
"../../../Engine/Content/EngineFonts/Faces/DroidSansFallback.uasset" 3672
"../../../Engine/Content/EngineFonts/Faces/RobotoBold.uasset" 3673
"../../../Engine/Content/EngineFonts/Faces/RobotoBoldItalic.uasset" 3674
"../../../Engine/Content/EngineFonts/Faces/RobotoItalic.uasset" 3675
"../../../Engine/Content/EngineFonts/Faces/RobotoLight.uasset" 3676
"../../../Engine/Content/EngineFonts/Faces/RobotoRegular.uasset" 3677
"../../../Engine/Content/Internationalization/icudt64l/brkitr/zh.res" 3678
"../../../Engine/Content/Internationalization/icudt64l/brkitr/root.res" 3679
"../../../Engine/Content/Internationalization/icudt64l/brkitr/char.brk" 3680
"../../../Engine/Content/Internationalization/icudt64l/brkitr/word.brk" 3681
"/Engine/EditorMaterials/ParticleSystems/PSysThumbnail_NoImage" 3682
"../../../Engine/Content/EditorMaterials/ParticleSystems/PSysThumbnail_NoImage.uasset" 3683
"/Engine/EditorMaterials/ParticleSystems/PSysThumbnail_OOD" 3684
"../../../Engine/Content/EditorMaterials/ParticleSystems/PSysThumbnail_OOD.uasset" 3685
"/Engine/EngineResources/LandscapeVisibilityLayerInfo" 3686
"../../../Engine/Content/EngineResources/LandscapeVisibilityLayerInfo.uasset" 3687
"/Water/Meshes/LakeMesh" 3688
"../../Plugins/Experimental/Water/Content/Meshes/LakeMesh.uasset" 3689
"/Water/Meshes/RiverMesh" 3690
"../../Plugins/Experimental/Water/Content/Meshes/RiverMesh.uasset" 3691
"/Water/Icons/WaterBodyExclusionVolumeSprite" 3692
"../../Plugins/Experimental/Water/Content/Icons/WaterBodyExclusionVolumeSprite.uasset" 3693
"../../../../github test/Gamejam/Intermediate/ShaderAutogen/PCD3D_SM5/AutogenShaderHeaders.ush" 3694
"../../../Engine/Content/Internationalization/icudt64l/coll/en.res" 3695
"../../../Engine/Plugins/Runtime/IOSDeviceProfileSelector/Config/DeviceModelsInfo.ini" 3696
"/ACLPlugin/ACLAnimBoneCompressionSettings" 3697
"../../Plugins/Animation/ACLPlugin/Content/ACLAnimBoneCompressionSettings.uasset" 3698
"/Engine/Animation/DefaultRecorderBoneCompression" 3699
"../../../Engine/Content/Animation/DefaultRecorderBoneCompression.uasset" 3700
"/ACLPlugin/ACLAnimCurveCompressionSettings" 3701
"../../Plugins/Animation/ACLPlugin/Content/ACLAnimCurveCompressionSettings.uasset" 3702
"/Engine/Animation/DefaultVariableFrameStrippingSettings" 3703
"../../../Engine/Content/Animation/DefaultVariableFrameStrippingSettings.uasset" 3704
"/ControlRig/Controls/ControlRigXRayMaterial" 3705
"../../Plugins/Animation/ControlRig/Content/Controls/ControlRigXRayMaterial.uasset" 3706
"/ControlRig/Controls/DefaultGizmoLibraryNormalized" 3707
"../../Plugins/Animation/ControlRig/Content/Controls/DefaultGizmoLibraryNormalized.uasset" 3708
"/Paper2D/MaskedUnlitSpriteMaterial" 3709
"../../Plugins/2D/Paper2D/Content/MaskedUnlitSpriteMaterial.uasset" 3710
"../../Plugins/2D/Paper2D/Content/DefaultSpriteMaterial.uasset" 3711
"../../Plugins/2D/Paper2D/Content/PlaceholderTextures/DummySpriteTexture.uasset" 3712
"/Paper2D/OpaqueUnlitSpriteMaterial" 3713
"../../Plugins/2D/Paper2D/Content/OpaqueUnlitSpriteMaterial.uasset" 3714
"/Paper2D/DefaultPaperTerrainMaterial" 3715
"../../Plugins/2D/Paper2D/Content/DefaultPaperTerrainMaterial.uasset" 3716
"../../Plugins/2D/Paper2D/Content/DummySprite.uasset" 3717
"/ControlRig/M_Manip" 3718
"../../Plugins/Animation/ControlRig/Content/M_Manip.uasset" 3719
"../../../Engine/Content/Functions/Engine_MaterialFunctions02/WorldPositionOffset/CameraOffset.uasset" 3720
"/Engine/EditorMaterials/Dataflow/M_Dataflow_CheckerBoard" 3721
"../../../Engine/Content/EditorMaterials/Dataflow/M_Dataflow_CheckerBoard.uasset" 3722
"../../../Engine/Content/EditorMaterials/Dataflow/T_CheckerBoard.uasset" 3723
"/Engine/EditorMaterials/Dataflow/DataflowSelection" 3724
"../../../Engine/Content/EditorMaterials/Dataflow/DataflowSelection.uasset" 3725
"../../../Engine/Content/Functions/Engine_MaterialFunctions01/Gradient/LinearGradient.uasset" 3726
"../../../Engine/Content/Functions/Engine_MaterialFunctions01/ImageAdjustment/CheapContrast.uasset" 3727
"../../../Engine/Content/Functions/Engine_MaterialFunctions01/Texturing/WorldAlignedTexture.uasset" 3728
"../../../Engine/Content/Functions/Engine_MaterialFunctions02/Utility/VectorLength.uasset" 3729
"../../../Engine/Content/Functions/Engine_MaterialFunctions02/WorldPositionOffset/ObjectScale.uasset" 3730
"../../../Engine/Content/EngineMaterials/Grid.uasset" 3731
"/AudioWidgets/Resources/ScrubHandleDown_Clamped" 3732
"../../Plugins/Runtime/AudioWidgets/Content/Resources/ScrubHandleDown_Clamped.uasset" 3733
"../../../Engine/Config/BaseUnrealInsightsSettings.ini" 3734
"/PCG/ComputeSources/PCGCS_ShaderUtils" 3735
"../../Plugins/PCG/Content/ComputeSources/PCGCS_ShaderUtils.uasset" 3736
"/PCG/ComputeSources/PCGCS_ShaderUtilsInternal" 3737
"../../Plugins/PCG/Content/ComputeSources/PCGCS_ShaderUtilsInternal.uasset" 3738
"/PCG/ComputeSources/PCGCS_Quaternion" 3739
"../../Plugins/PCG/Content/ComputeSources/PCGCS_Quaternion.uasset" 3740
"/Engine/VREditor/TransformGizmo/SM_Sequencer_Node" 3741
"../../../Engine/Content/VREditor/TransformGizmo/SM_Sequencer_Node.uasset" 3742
"../../../Engine/Content/VREditor/TransformGizmo/Main.uasset" 3743
"../../../Engine/Content/VREditor/TransformGizmo/Xray.uasset" 3744
"/SpeedTreeImporter/SpeedTree9/SpeedTreeMaster" 3745
"../../Plugins/Editor/SpeedTreeImporter/Content/SpeedTree9/SpeedTreeMaster.uasset" 3746
"../../../Engine/Content/Functions/Engine_MaterialFunctions02/ObjectLocalBounds.uasset" 3747
"../../../Engine/Content/Functions/Engine_MaterialFunctions02/SafeNormalize.uasset" 3748
"../../../Engine/Content/Functions/Engine_MaterialFunctions02/UVs/BoundingBoxBased_0-1_UVW.uasset" 3749
"../../Plugins/Editor/SpeedTreeImporter/Content/SpeedTree9/SpeedTreeBranchMotion.uasset" 3750
"../../Plugins/Editor/SpeedTreeImporter/Content/SpeedTree9/SpeedTreeCameraFacing.uasset" 3751
"../../Plugins/Editor/SpeedTreeImporter/Content/SpeedTree9/SpeedTreeWind.uasset" 3752
"../../Plugins/Editor/SpeedTreeImporter/Content/SpeedTree9/SpeedTreeWindMotion.uasset" 3753
"../../Plugins/Editor/SpeedTreeImporter/Content/SpeedTree9/UnpackDirection.uasset" 3754
"../../Plugins/Editor/SpeedTreeImporter/Content/SpeedTree9/UnpackInteger3.uasset" 3755
"../../Plugins/Editor/SpeedTreeImporter/Content/SpeedTree9/Empty.uasset" 3756
"../../Plugins/Editor/SpeedTreeImporter/Content/SpeedTree9/EmptyNormal.uasset" 3757
"../../Plugins/Editor/SpeedTreeImporter/Content/SpeedTree9/game_wind_noise.uasset" 3758
"/SpeedTreeImporter/SpeedTree9/SpeedTreeBillboardMaster" 3759
"../../Plugins/Editor/SpeedTreeImporter/Content/SpeedTree9/SpeedTreeBillboardMaster.uasset" 3760
"../../Plugins/Editor/SpeedTreeImporter/Content/SpeedTree9/SpeedTreeBillboard.uasset" 3761
"/MeshModelingToolsetExp/Materials/PointSetOverlaidComponentMaterial" 3762
"../../Plugins/Experimental/MeshModelingToolsetExp/Content/Materials/PointSetOverlaidComponentMaterial.uasset" 3763
"../../../Engine/Content/Functions/Engine_MaterialFunctions02/Utility/FOV.uasset" 3764
"../../../Engine/Content/Functions/Engine_MaterialFunctions02/WorldPositionOffset/V2/ObjectScale.uasset" 3765
"../../../Engine/Content/Functions/Engine_MaterialFunctions03/Viewport/MF_OrthoWidth.uasset" 3766
"../../Plugins/Experimental/MeshModelingToolsetExp/Content/Materials/GetDisplacementVectorForDepthBias.uasset" 3767
"/MeshModelingToolsetExp/Materials/LineSetOverlaidComponentMaterial" 3768
"../../Plugins/Experimental/MeshModelingToolsetExp/Content/Materials/LineSetOverlaidComponentMaterial.uasset" 3769
"../../../Engine/Content/Functions/Engine_MaterialFunctions02/Math/ProjectVectorOntoPlane.uasset" 3770
"/Landmass/Landscape/BlueprintBrushes/Materials/Internal/BrushBounds" 3771
"../../Plugins/Experimental/Landmass/Content/Landscape/BlueprintBrushes/Materials/Internal/BrushBounds.uasset" 3772
"../../../Engine/Content/EditorMaterials/TilingAAGrid.uasset" 3773
"../../../Engine/Content/EditorMaterials/TilingAALineBoxFiltered.uasset" 3774
"../../../Engine/Content/EditorMaterials/TilingAALineIntegral.uasset" 3775
"../../../Engine/Content/Functions/Engine_MaterialFunctions01/ImageAdjustment/SCurve.uasset" 3776
"../../../Engine/Content/Functions/Engine_MaterialFunctions03/Blends/Blend_Screen.uasset" 3777
"../../../Engine/Content/Functions/Engine_MaterialFunctions03/Procedurals/ComputeFilterWidth.uasset" 3778
"../../Plugins/Experimental/Landmass/Content/Landscape/BlueprintBrushes/Materials/BrushMaterials/BasicFunctions/LandmassBrush_ShapeMask.uasset" 3779
"../../Plugins/Experimental/Landmass/Content/Landscape/BlueprintBrushes/MF/Landmass_BrushTilt.uasset" 3780
"../../Plugins/Experimental/Landmass/Content/Landscape/BlueprintBrushes/MF/LandmassBrush_EdgeFalloff.uasset" 3781
"../../Plugins/Experimental/Landmass/Content/Landscape/BlueprintBrushes/MF/LandmassBrush_Noise.uasset" 3782
"../../Plugins/Experimental/Landmass/Content/Landscape/BlueprintBrushes/MF/LandmassBrush_UVs.uasset" 3783
"../../Plugins/Experimental/Landmass/Content/Landscape/BlueprintBrushes/MF/PointSampleLandscapeUVs.uasset" 3784
"../../Plugins/Experimental/Landmass/Content/Landscape/OldPrototype_BP/Mats/MF/UnpackRG8Height.uasset" 3785
"../../Plugins/Experimental/Landmass/Content/Landscape/BlueprintBrushes/MPC/MPC_Landscape.uasset" 3786
"../../../Engine/Content/ArtTools/RenderToTexture/Textures/T_EV_BlankWhite_01.uasset" 3787
"../../../Engine/Content/EngineMaterials/BlendFunc_DefBase.uasset" 3788
"../../../Engine/Content/EngineMaterials/BlendFunc_DefBlend.uasset" 3789
"../../../Engine/Content/EngineResources/Black_Low.uasset" 3790
"/Landmass/Landscape/Meshes/S_SpritePlane" 3791
"../../Plugins/Experimental/Landmass/Content/Landscape/Meshes/S_SpritePlane.uasset" 3792
"/Landmass/Landscape/BlueprintBrushes/Materials/Sprite/M_BrushSprite_01" 3793
"../../Plugins/Experimental/Landmass/Content/Landscape/BlueprintBrushes/Materials/Sprite/M_BrushSprite_01.uasset" 3794
"../../../Engine/Content/Functions/Engine_MaterialFunctions02/WorldPositionOffset/ComponentPivotLocation.uasset" 3795
"../../../Engine/Content/Functions/Engine_MaterialFunctions02/WorldPositionOffset/Sprite.uasset" 3796
"../../../Engine/Content/EditorResources/S_Terrain.uasset" 3797
"/MediaPlate/SM_MediaPlateScreen" 3798
"../../Plugins/Media/MediaPlate/Content/SM_MediaPlateScreen.uasset" 3799
"/Engine/BasicShapes/BasicShapeMaterial" 3800
"../../../Engine/Content/BasicShapes/BasicShapeMaterial.uasset" 3801
"/Engine/EditorMaterials/Dataflow/DataflowVertexMaterial" 3802
"../../../Engine/Content/EditorMaterials/Dataflow/DataflowVertexMaterial.uasset" 3803
"/Engine/EditorMaterials/Dataflow/DataflowTwoSidedVertexMaterial" 3804
"../../../Engine/Content/EditorMaterials/Dataflow/DataflowTwoSidedVertexMaterial.uasset" 3805
"/Engine/EditorLandscapeResources/LayerVisMaterial" 3806
"../../../Engine/Content/EditorLandscapeResources/LayerVisMaterial.uasset" 3807
"../../../Engine/Content/EditorLandscapeResources/WhiteSquareTexture.uasset" 3808
"/Engine/EditorLandscapeResources/SelectBrushMaterial_Selected" 3809
"../../../Engine/Content/EditorLandscapeResources/SelectBrushMaterial_Selected.uasset" 3810
"../../../Engine/Content/EditorLandscapeResources/SelectBrushMaterial.uasset" 3811
"../../../Engine/Content/Functions/Engine_MaterialFunctions03/Math/WithinRangeFloat2.uasset" 3812
"../../../Engine/Content/EditorLandscapeResources/DefaultAlphaTexture.uasset" 3813
"/Engine/EditorLandscapeResources/SelectBrushMaterial_SelectedRegion" 3814
"../../../Engine/Content/EditorLandscapeResources/SelectBrushMaterial_SelectedRegion.uasset" 3815
"/Engine/EditorLandscapeResources/MaskBrushMaterial_MaskedRegion" 3816
"../../../Engine/Content/EditorLandscapeResources/MaskBrushMaterial_MaskedRegion.uasset" 3817
"../../../Engine/Content/EditorLandscapeResources/MaskBrushMaterial.uasset" 3818
"/Engine/EditorLandscapeResources/ColorMaskBrushMaterial_MaskedRegion" 3819
"../../../Engine/Content/EditorLandscapeResources/ColorMaskBrushMaterial_MaskedRegion.uasset" 3820
"../../../Engine/Content/EditorLandscapeResources/ColorMaskBrushMaterial.uasset" 3821
"/Engine/EditorLandscapeResources/LandscapeDirtyMaterial" 3822
"../../../Engine/Content/EditorLandscapeResources/LandscapeDirtyMaterial.uasset" 3823
"/Engine/EditorLandscapeResources/LandscapeLayerUsageMaterial" 3824
"../../../Engine/Content/EditorLandscapeResources/LandscapeLayerUsageMaterial.uasset" 3825
"../../../Engine/Content/Functions/Engine_MaterialFunctions01/Debug/DebugIntValues.uasset" 3826
"../../../Engine/Content/Functions/Engine_MaterialFunctions01/Texturing/ScaleUVsByCenter.uasset" 3827
"../../../Engine/Content/Functions/Engine_MaterialFunctions02/WorldPositionOffset/LocalPosition.uasset" 3828
"../../../Engine/Content/Functions/Engine_MaterialFunctions01/Texturing/TextureCropping.uasset" 3829
"../../../Engine/Content/Functions/Engine_MaterialFunctions02/ExampleContent/DebugNumberStrip.uasset" 3830
"C:/Users/jessi/AppData/Local/UnrealEngine/Editor/UInteractiveToolsPresetCollectionAsset_DefaultCollection.json" 3831
"/Engine/EngineMaterials/NaniteHiddenSectionMaterial" 3832
"../../../Engine/Content/EngineMaterials/NaniteHiddenSectionMaterial.uasset" 3833
"/Engine/EngineMaterials/RemoveSurfaceMaterial" 3834
"../../../Engine/Content/EngineMaterials/RemoveSurfaceMaterial.uasset" 3835
"/Engine/EngineDebugMaterials/DebugMeshMaterial" 3836
"../../../Engine/Content/EngineDebugMaterials/DebugMeshMaterial.uasset" 3837
"/Engine/EngineMaterials/EmissiveMeshMaterial" 3838
"../../../Engine/Content/EngineMaterials/EmissiveMeshMaterial.uasset" 3839
"../../../Engine/Content/EngineMaterials/DefaultWhiteGrid_Low.uasset" 3840
"/Engine/EngineMaterials/M_InvalidLightmapSettings" 3841
"../../../Engine/Content/EngineMaterials/M_InvalidLightmapSettings.uasset" 3842
"../../../Engine/Content/EngineMaterials/InvalidLightmapSettings.uasset" 3843
"/Engine/EngineMaterials/GizmoMaterial" 3844
"../../../Engine/Content/EngineMaterials/GizmoMaterial.uasset" 3845
"/Engine/EngineMaterials/PhAT_JointLimitMaterial" 3846
"../../../Engine/Content/EngineMaterials/PhAT_JointLimitMaterial.uasset" 3847
"/Engine/EngineMaterials/FlattenMaterial" 3848
"../../../Engine/Content/EngineMaterials/FlattenMaterial.uasset" 3849
"../../../Engine/Content/EngineMaterials/BaseFlattenDiffuseMap.uasset" 3850
"../../../Engine/Content/EngineMaterials/BaseFlattenEmissiveMap.uasset" 3851
"../../../Engine/Content/EngineMaterials/BaseFlattenGrayscaleMap.uasset" 3852
"../../../Engine/Content/EngineMaterials/BaseFlattenLinearColor.uasset" 3853
"../../../Engine/Content/EngineMaterials/BaseFlattenNormalMap.uasset" 3854
"../../../Engine/Content/Functions/Engine_MaterialFunctions02/PivotPainter2/Black_1x1_EXR_Texture.uasset" 3855
"/Engine/EngineMaterials/FlattenMaterial_VT" 3856
"../../../Engine/Content/EngineMaterials/FlattenMaterial_VT.uasset" 3857
"../../../Engine/Content/EngineMaterials/BaseFlattenDiffuseMap_VT.uasset" 3858
"../../../Engine/Content/EngineMaterials/BaseFlattenEmissiveMap_VT.uasset" 3859
"../../../Engine/Content/EngineMaterials/BaseFlattenGrayscaleMap_VT.uasset" 3860
"../../../Engine/Content/EngineMaterials/BaseFlattenLinearColor_VT.uasset" 3861
"../../../Engine/Content/EngineMaterials/BaseFlattenNormalMap_VT.uasset" 3862
"../../../Engine/Content/EngineMaterials/Black_1x1_EXR_Texture_VT.uasset" 3863
"/Engine/EngineMaterials/FlattenMaterial_WS_Normal_VT" 3864
"../../../Engine/Content/EngineMaterials/FlattenMaterial_WS_Normal_VT.uasset" 3865
"/Engine/EngineMaterials/Good64x64TilingNoiseHighFreq" 3866
"../../../Engine/Content/EngineMaterials/Good64x64TilingNoiseHighFreq.uasset" 3867
"/Engine/EngineMaterials/DefaultBokeh" 3868
"../../../Engine/Content/EngineMaterials/DefaultBokeh.uasset" 3869
"/Engine/EngineMaterials/MiniFont" 3870
"../../../Engine/Content/EngineMaterials/MiniFont.uasset" 3871
"/Engine/EngineMaterials/WeightMapPlaceholderTexture" 3872
"../../../Engine/Content/EngineMaterials/WeightMapPlaceholderTexture.uasset" 3873
"/Engine/EngineMaterials/WeightMapArrayPlaceholderTexture" 3874
"../../../Engine/Content/EngineMaterials/WeightMapArrayPlaceholderTexture.uasset" 3875
"/Engine/EngineMaterials/DefaultWhiteGrid" 3876
"../../../Engine/Content/EngineMaterials/DefaultWhiteGrid.uasset" 3877
"/Engine/EngineMaterials/PreintegratedSkinBRDF" 3878
"../../../Engine/Content/EngineMaterials/PreintegratedSkinBRDF.uasset" 3879
"/Engine/EngineMaterials/LTC/GGX_LTCAmp" 3880
"../../../Engine/Content/EngineMaterials/LTC/GGX_LTCAmp.uasset" 3881
"/Engine/EngineMaterials/LTC/GGX_LTCMat" 3882
"../../../Engine/Content/EngineMaterials/LTC/GGX_LTCMat.uasset" 3883
"/Engine/EngineMaterials/LTC/Sheen_LTC" 3884
"../../../Engine/Content/EngineMaterials/LTC/Sheen_LTC.uasset" 3885
"/Engine/EngineMaterials/EnergyConservation/GGX_ReflectionEnergy" 3886
"../../../Engine/Content/EngineMaterials/EnergyConservation/GGX_ReflectionEnergy.uasset" 3887
"/Engine/EngineMaterials/EnergyConservation/GGX_MaxSpecEnergy" 3888
"../../../Engine/Content/EngineMaterials/EnergyConservation/GGX_MaxSpecEnergy.uasset" 3889
"/Engine/EngineMaterials/EnergyConservation/GGX_TransmissionEnergyArray" 3890
"../../../Engine/Content/EngineMaterials/EnergyConservation/GGX_TransmissionEnergyArray.uasset" 3891
"/Engine/EngineMaterials/EnergyConservation/SheenLegacy_Energy" 3892
"../../../Engine/Content/EngineMaterials/EnergyConservation/SheenLegacy_Energy.uasset" 3893
"/Engine/EngineMaterials/DefaultPhysicalMaterial" 3894
"../../../Engine/Content/EngineMaterials/DefaultPhysicalMaterial.uasset" 3895
"/Engine/EngineMaterials/DefaultDestructiblePhysicalMaterial" 3896
"../../../Engine/Content/EngineMaterials/DefaultDestructiblePhysicalMaterial.uasset" 3897
"/Water/Materials/MPC/MPC_Water" 3898
"../../Plugins/Experimental/Water/Content/Materials/MPC/MPC_Water.uasset" 3899
"/Niagara/ParameterDefinitions/CoreParameters" 3900
"../../Plugins/FX/Niagara/Content/ParameterDefinitions/CoreParameters.uasset" 3901
"/Niagara/ParameterDefinitions/DecalRenderer" 3902
"../../Plugins/FX/Niagara/Content/ParameterDefinitions/DecalRenderer.uasset" 3903
"/Niagara/ParameterDefinitions/LightRenderer" 3904
"../../Plugins/FX/Niagara/Content/ParameterDefinitions/LightRenderer.uasset" 3905
"/Niagara/ParameterDefinitions/MeshRenderer" 3906
"../../Plugins/FX/Niagara/Content/ParameterDefinitions/MeshRenderer.uasset" 3907
"/Niagara/ParameterDefinitions/RibbonRenderer" 3908
"../../Plugins/FX/Niagara/Content/ParameterDefinitions/RibbonRenderer.uasset" 3909
"/Niagara/ParameterDefinitions/SpriteRenderer" 3910
"../../Plugins/FX/Niagara/Content/ParameterDefinitions/SpriteRenderer.uasset" 3911
"/DeformerGraph/Deformers/DG_LinearBlendSkin_Morph_Cloth" 3912
"../../Plugins/Animation/DeformerGraph/Content/Deformers/DG_LinearBlendSkin_Morph_Cloth.uasset" 3913
"../../Plugins/Animation/DeformerGraph/Content/DeformerFunctions/DG_Function_LinearBlendSkin_Morph_Cloth.uasset" 3914
"/DeformerGraph/Deformers/DG_LinearBlendSkin_Morph_Cloth_RecomputeNormals" 3915
"../../Plugins/Animation/DeformerGraph/Content/Deformers/DG_LinearBlendSkin_Morph_Cloth_RecomputeNormals.uasset" 3916
"../../Plugins/Animation/DeformerGraph/Content/DeformerFunctions/DG_Function_ComputeNormalsTangents.uasset" 3917
"../../Plugins/Animation/DeformerGraph/Content/DeformerFunctions/DG_Function_LinearBlendSkin_Morph_Cloth_PositionOnly.uasset" 3918
"/Engine/BasicShapes/Cube" 3919
"../../../Engine/Content/BasicShapes/Cube.uasset" 3920
"/Engine/BasicShapes/Sphere" 3921
"../../../Engine/Content/BasicShapes/Sphere.uasset" 3922
"../../../Engine/Content/EngineMaterials/DefaultMaterial.uasset" 3923
"/Engine/BasicShapes/Cylinder" 3924
"../../../Engine/Content/BasicShapes/Cylinder.uasset" 3925
"/Engine/BasicShapes/Cone" 3926
"../../../Engine/Content/BasicShapes/Cone.uasset" 3927
"/Engine/BasicShapes/Plane" 3928
"../../../Engine/Content/BasicShapes/Plane.uasset" 3929
"/Water/Curves/FloatCurve" 3930
"../../Plugins/Experimental/Water/Content/Curves/FloatCurve.uasset" 3931
"/Water/Curves/FloatCurve_WaterBodyIsland" 3932
"../../Plugins/Experimental/Water/Content/Curves/FloatCurve_WaterBodyIsland.uasset" 3933
"/Water/Waves/GerstnerWaves_Lake" 3934
"../../Plugins/Experimental/Water/Content/Waves/GerstnerWaves_Lake.uasset" 3935
"/Water/Waves/GerstnerWaves_Ocean" 3936
"../../Plugins/Experimental/Water/Content/Waves/GerstnerWaves_Ocean.uasset" 3937
"/Water/Icons/WaterSprite" 3938
"../../Plugins/Experimental/Water/Content/Icons/WaterSprite.uasset" 3939
"/Water/Icons/WaterErrorSprite" 3940
"../../Plugins/Experimental/Water/Content/Icons/WaterErrorSprite.uasset" 3941
"/Water/Icons/WaterLandscapeBrushSprite" 3942
"../../Plugins/Experimental/Water/Content/Icons/WaterLandscapeBrushSprite.uasset" 3943
"/Engine/EditorResources/SequenceRecorder/Countdown" 3944
"../../../Engine/Content/EditorResources/SequenceRecorder/Countdown.uasset" 3945
"/Engine/EditorResources/SequenceRecorder/RecordingIndicator" 3946
"../../../Engine/Content/EditorResources/SequenceRecorder/RecordingIndicator.uasset" 3947
"/Engine/EditorMaterials/PhAT_UnselectedMaterial" 3948
"../../../Engine/Content/EditorMaterials/PhAT_UnselectedMaterial.uasset" 3949
"/Engine/EditorMaterials/PhAT_NoCollisionMaterial" 3950
"../../../Engine/Content/EditorMaterials/PhAT_NoCollisionMaterial.uasset" 3951
"../../../Engine/Plugins/FX/Niagara/Shaders/Private/NiagaraDataInterfaceTexture2DArrayTemplate.ush" 3952
"../../../Engine/Plugins/FX/Niagara/Shaders/Private/NiagaraDataInterfaceActorComponentTemplate.ush" 3953
"../../../Engine/Plugins/FX/Niagara/Shaders/Private/NiagaraDataInterfaceArrayTemplate.ush" 3954
"../../../Engine/Plugins/FX/Niagara/Shaders/Private/NiagaraDataInterfaceArrayRWTemplate.ush" 3955
"../../../Engine/Plugins/FX/Niagara/Shaders/Private/NiagaraDataInterfaceArrayDistributionIntTemplate.ush" 3956
"../../../Engine/Plugins/FX/Niagara/Shaders/Private/NiagaraDataInterfaceAsyncGpuTrace.ush" 3957
"../../../Engine/Shaders/Public/Platform/Metal/MetalCommon.ush" 3958
"../../../Engine/Shaders/Public/Platform/Vulkan/VulkanCommon.ush" 3959
"../../../Engine/Shaders/Public/Platform/GL/GLCommon.ush" 3960
"../../../Engine/Plugins/FX/Niagara/Shaders/Private/NiagaraDataInterfaceAsyncGpuTraceTemplate.ush" 3961
"../../../Engine/Plugins/FX/Niagara/Shaders/Private/NiagaraDataInterfaceAudioCommon.ush" 3962
"../../../Engine/Plugins/FX/Niagara/Shaders/Private/NiagaraDataInterfaceAudioOscilloscopeTemplate.ush" 3963
"../../../Engine/Plugins/FX/Niagara/Shaders/Private/NiagaraDataInterfaceAudioSpectrumTemplate.ush" 3964
"../../../Engine/Plugins/FX/Niagara/Shaders/Private/NiagaraDataInterfaceCamera.ush" 3965
"../../../Engine/Plugins/Experimental/ChaosNiagara/Shaders/NiagaraDataInterfaceChaosDestruction.ush" 3966
"../../../Engine/Plugins/FX/Niagara/Shaders/Private/NiagaraDataInterfaceCollisionQuery.ush" 3967
"../../../Engine/Shaders/Public/Platform/Vulkan/VulkanSubpassSupport.ush" 3968
"../../../Engine/Shaders/Public/Platform/GL/GLSubpassSupport.ush" 3969
"../../../Engine/Shaders/Public/Platform/Metal/MetalSubpassSupport.ush" 3970
"../../../Engine/Plugins/FX/Niagara/Shaders/Private/NiagaraDataInterfaceCollisionQueryTemplate.ush" 3971
"../../../Engine/Plugins/FX/Niagara/Shaders/Private/NiagaraDataInterfaceCurveTemplate.ush" 3972
"../../../Engine/Plugins/FX/Niagara/Shaders/Private/NiagaraDataInterfaceCubeTextureTemplate.ush" 3973
"../../../Engine/Plugins/FX/Niagara/Shaders/Private/DataChannel/NiagaraDataInterfaceDataChannelCommon.ush" 3974
"../../../Engine/Plugins/FX/Niagara/Shaders/Private/DataChannel/NiagaraDataInterfaceDataChannelTemplateCommon.ush" 3975
"../../../Engine/Plugins/FX/Niagara/Shaders/Private/DataChannel/NiagaraDataInterfaceDataChannelTemplateReadCommon.ush" 3976
"../../../Engine/Plugins/FX/Niagara/Shaders/Private/DataChannel/NiagaraDataInterfaceDataChannelTemplate_Read.ush" 3977
"../../../Engine/Plugins/FX/Niagara/Shaders/Private/DataChannel/NiagaraDataInterfaceDataChannelTemplate_Consume.ush" 3978
"../../../Engine/Plugins/FX/Niagara/Shaders/Private/DataChannel/NiagaraDataInterfaceDataChannelTemplateWriteCommon.ush" 3979
"../../../Engine/Plugins/FX/Niagara/Shaders/Private/DataChannel/NiagaraDataInterfaceDataChannelTemplate_Append.ush" 3980
"../../../Engine/Plugins/FX/Niagara/Shaders/Private/NiagaraDataInterfaceDataTableTemplate.ush" 3981
"../../../Engine/Plugins/FX/Niagara/Shaders/Private/NiagaraDataInterfaceDebugDraw.ush" 3982
"../../../Engine/Plugins/FX/Niagara/Shaders/Private/NiagaraDataInterfaceDebugDrawTemplate.ush" 3983
"../../../Engine/Plugins/FX/Niagara/Shaders/Private/NiagaraDataInterfaceDynamicMeshTemplate.ush" 3984
"../../../Engine/Plugins/FX/Niagara/Shaders/Private/NiagaraDataInterfaceEmitterPropertiesTemplate.ush" 3985
"../../../Engine/Plugins/FX/Niagara/Shaders/Private/NiagaraDataInterfaceExportTemplate.ush" 3986
"../../../Engine/Plugins/FX/Niagara/Shaders/Private/NiagaraDataInterfaceGBufferTemplate.ush" 3987
"../../../Engine/Plugins/Experimental/ChaosNiagara/Shaders/NiagaraDataInterfaceGeometryCollection.ush" 3988
"../../../Engine/Plugins/FX/Niagara/Shaders/Private/NiagaraTransformUtils.ush" 3989
"../../../Engine/Plugins/Runtime/HairStrands/Shaders/Private/NiagaraStrandsExternalForce.ush" 3990
"../../../Engine/Plugins/Runtime/HairStrands/Shaders/Private/NiagaraHookeSpringMaterial.ush" 3991
"../../../Engine/Plugins/Runtime/HairStrands/Shaders/Private/NiagaraAngularSpringMaterial.ush" 3992
"../../../Engine/Plugins/Runtime/HairStrands/Shaders/Private/NiagaraConstantVolumeMaterial.ush" 3993
"../../../Engine/Plugins/Runtime/HairStrands/Shaders/Private/NiagaraCosseratRodMaterial.ush" 3994
"../../../Engine/Plugins/Runtime/HairStrands/Shaders/Private/NiagaraStaticCollisionConstraint.ush" 3995
"../../../Engine/Plugins/Runtime/HairStrands/Shaders/Private/NiagaraDataInterfaceHairStrands.ush" 3996
"../../../Engine/Plugins/Runtime/HairStrands/Shaders/Private/NiagaraDataInterfaceHairStrandsTemplate.ush" 3997
"../../../Engine/Plugins/FX/Niagara/Shaders/Private/NiagaraDataInterfaceIntRenderTarget2D.ush" 3998
"../../../Engine/Plugins/FX/Niagara/Shaders/Private/NiagaraDataInterfaceLandscape.ush" 3999
"../../../Engine/Plugins/FX/Niagara/Shaders/Private/NiagaraDataInterfaceMemoryBufferTemplate.ush" 4000
"../../../Engine/Plugins/FX/Niagara/Shaders/Private/NiagaraDataInterfaceMeshRendererInfoTemplate.ush" 4001
"../../../Engine/Plugins/FX/Niagara/Shaders/Private/NiagaraDataInterfaceNeighborQuery.ush" 4002
"../../../Engine/Plugins/FX/Niagara/Shaders/Private/NiagaraDataInterfaceOcclusion.ush" 4003
"../../../Engine/Plugins/FX/Niagara/Shaders/Private/NiagaraDataInterfacePhysicsAsset.ush" 4004
"../../../Engine/Plugins/Experimental/ChaosNiagara/Shaders/NiagaraDataInterfacePhysicsField.ush" 4005
"../../../Engine/Plugins/FX/Niagara/Shaders/Private/NiagaraDataInterfacePlatformSetTemplate.ush" 4006
"../../../Engine/Plugins/Runtime/HairStrands/Shaders/Private/NiagaraDataInterfaceVelocityGrid.ush" 4007
"../../../Engine/Plugins/Runtime/HairStrands/Shaders/Private/NiagaraDataInterfaceVelocityGridTemplate.ush" 4008
"../../../Engine/Plugins/Runtime/HairStrands/Shaders/Private/NiagaraDataInterfacePressureGrid.ush" 4009
"../../../Engine/Plugins/Runtime/HairStrands/Shaders/Private/NiagaraDataInterfacePressureGridTemplate.ush" 4010
"../../../Engine/Plugins/FX/Niagara/Shaders/Private/NiagaraDataInterfacePropertyInterfaceTemplate.ush" 4011
"../../../Engine/Plugins/FX/Niagara/Shaders/Private/NiagaraDataInterfaceRenderTarget2DTemplate.ush" 4012
"../../../Engine/Plugins/FX/Niagara/Shaders/Private/NiagaraDataInterfaceRenderTarget2DArrayTemplate.ush" 4013
"../../../Engine/Plugins/FX/Niagara/Shaders/Private/NiagaraDataInterfaceRenderTargetCubeTemplate.ush" 4014
"../../../Engine/Plugins/FX/Niagara/Shaders/Private/NiagaraDataInterfaceRenderTargetVolumeTemplate.ush" 4015
"../../../Engine/Plugins/FX/Niagara/Shaders/Private/NiagaraDataInterfaceRigidMeshCollisionQuery.ush" 4016
"../../../Engine/Plugins/FX/Niagara/Shaders/Private/NiagaraDistanceFieldQueries.ush" 4017
"../../../Engine/Plugins/FX/Niagara/Shaders/Private/NiagaraDataInterfaceSceneCapture2DTemplate.ush" 4018
"../../../Engine/Plugins/FX/Niagara/Shaders/Private/NiagaraDataInterfaceSimCacheReaderTemplate.ush" 4019
"../../../Engine/Plugins/FX/Niagara/Shaders/Private/NiagaraDataInterfaceSimpleCounterTemplate.ush" 4020
"../../../Engine/Plugins/FX/Niagara/Shaders/Private/NiagaraDataInterfaceSkeletalMesh.ush" 4021
"../../../Engine/Plugins/FX/Niagara/Shaders/Private/NiagaraBaryCentricUtils.ush" 4022
"../../../Engine/Plugins/FX/Niagara/Shaders/Private/NiagaraDataInterfaceSkeletalMeshTemplate.ush" 4023
"../../../Engine/Plugins/FX/Niagara/Shaders/Private/NiagaraDataInterfaceSocketReaderTemplate.ush" 4024
"../../../Engine/Plugins/FX/Niagara/Shaders/Private/NiagaraDataInterfaceSparseVolumeTextureTemplate.ush" 4025
"../../../Engine/Plugins/FX/Niagara/Shaders/Private/NiagaraDataInterfaceSplineTemplate.ush" 4026
"../../../Engine/Plugins/FX/Niagara/Shaders/Private/NiagaraDataInterfaceSpriteRendererInfoTemplate.ush" 4027
"../../../Engine/Plugins/FX/Niagara/Shaders/Private/NiagaraDataInterfaceStaticMeshTemplate.ush" 4028
"../../../Engine/Plugins/FX/Niagara/Shaders/Private/NiagaraDataInterfaceStaticMeshIndirectTemplate.ush" 4029
"../../../Engine/Plugins/FX/Niagara/Shaders/Private/NiagaraSharedDataGPU_StaticMesh.ush" 4030
"../../../Engine/Plugins/FX/Niagara/Shaders/Private/NiagaraDataInterfaceTextureTemplate.ush" 4031
"../../../Engine/Plugins/FX/Niagara/Shaders/Private/NiagaraDataInterfaceVirtualTexture.ush" 4032
"../../../Engine/Plugins/FX/Niagara/Shaders/Private/NiagaraDataInterfaceVirtualTextureTemplate.ush" 4033
"../../../Engine/Plugins/FX/Niagara/Shaders/Private/NiagaraDataInterfaceVirtualTextureSampleTemplate.ush" 4034
"../../../Engine/Plugins/FX/Niagara/Shaders/Private/NiagaraDataInterfaceVolumeCache.ush" 4035
"../../../Engine/Plugins/FX/Niagara/Shaders/Private/NiagaraDataInterfaceVolumeTextureTemplate.ush" 4036
"D:/github test/Gamejam/Saved/Cooked/Windows/ue.projectstore" 4037
"D:/github test/Gamejam/Intermediate/ShaderAutogen/PCD3D_SM5/AutogenShaderHeaders.ush" 4038
"D:/github test/Gamejam/Content/__ExternalActors__/ThirdPerson/Lvl_ThirdPerson/D/RI/R8L7GQXCHQGMMKBPTBJTNA.uasset" 4039
"D:/github test/Gamejam/Content/UI/lose.uasset" 4040
"D:/github test/Gamejam/Content/__ExternalActors__/ThirdPerson/Lvl_ThirdPerson/1/Q1/PBFQ1W0YW56NBFFN87U3YV.uasset" 4041
"/Game/__ExternalActors__/ThirdPerson/Lvl_ThirdPerson/C/GX/NMS1SO33QYLZU4QA05R07A" 4042
"../../../../github test/Gamejam/Content/ThirdPerson/Lvl_ThirdPerson.umap" 4043
"D:/github test/Gamejam/Content/Characters/Mannequins/Anims/Unarmed/Walk/MF_Unarmed_Walk_Bwd_Right.uasset" 4044
"D:/github test/Gamejam/Content/Input/IMC_MouseLook.uasset" 4045
"D:/github test/Gamejam/Content/FirstPerson/Blueprints/BP_FirstPersonPlayerController.uasset" 4046
"D:/github test/Gamejam/Content/FirstPerson/Blueprints/BP_FirstPersonCameraManager.uasset" 4047
"D:/github test/Gamejam/Content/Characters/Mannequins/Anims/Unarmed/Jog/MF_Unarmed_Jog_Right.uasset" 4048
"D:/github test/Gamejam/Content/Tiny/Inputs/IMC_Tiny.uasset" 4049
"D:/github test/Gamejam/Content/Characters/Mannequins/Anims/Unarmed/Jog/MF_Unarmed_Jog_Fwd.uasset" 4050
"D:/github test/Gamejam/Content/Characters/Mannequins/Anims/Unarmed/Walk/MF_Unarmed_Walk_Bwd_Left.uasset" 4051
"D:/github test/Gamejam/Content/Tiny/Inputs/IA_Interact.uasset" 4052
"D:/github test/Gamejam/Content/Tiny/WBP_Crosshair.uasset" 4053
"D:/github test/Gamejam/Content/Characters/Mannequins/Anims/Unarmed/Walk/MF_Unarmed_Walk_Bwd.uasset" 4054
"D:/github test/Gamejam/Content/Input/IMC_Default.uasset" 4055
"D:/github test/Gamejam/Content/Characters/Mannequins/Anims/Unarmed/Walk/MF_Unarmed_Walk_Fwd_Right.uasset" 4056
"D:/github test/Gamejam/Content/Characters/Mannequins/Anims/Unarmed/Walk/MF_Unarmed_Walk_Left.uasset" 4057
"D:/github test/Gamejam/Content/Characters/Mannequins/Anims/Unarmed/Jog/MF_Unarmed_Jog_Fwd_Right.uasset" 4058
"D:/github test/Gamejam/Content/Characters/Mannequins/Anims/Unarmed/Jog/MF_Unarmed_Jog_Fwd_Left.uasset" 4059
"D:/github test/Gamejam/Content/Characters/Mannequins/Anims/Unarmed/Jump/MM_Jump.uasset" 4060
"../../../../github test/Gamejam/Content/FirstPerson/Blueprints/BP_FirstPersonCharacter.uasset" 4061
"D:/github test/Gamejam/Content/Characters/Mannequins/Anims/Unarmed/Walk/MF_Unarmed_Walk_Right.uasset" 4062
"D:/github test/Gamejam/Content/Characters/Mannequins/Anims/Unarmed/Walk/MF_Unarmed_Walk_Fwd.uasset" 4063
"D:/github test/Gamejam/Content/Tiny/Inputs/IA_Rotate.uasset" 4064
"D:/github test/Gamejam/Content/Characters/Mannequins/Anims/Unarmed/Jump/MM_Land.uasset" 4065
"D:/github test/Gamejam/Content/Characters/Mannequins/Anims/Unarmed/Jog/MF_Unarmed_Jog_Left.uasset" 4066
"D:/github test/Gamejam/Content/Characters/Mannequins/Anims/Unarmed/Jog/MF_Unarmed_Jog_Bwd_Right.uasset" 4067
"D:/github test/Gamejam/Content/Characters/Mannequins/Anims/Unarmed/Jog/MF_Unarmed_Jog_Bwd.uasset" 4068
"D:/github test/Gamejam/Content/Characters/Mannequins/Anims/Unarmed/Walk/MF_Unarmed_Walk_Fwd_Left.uasset" 4069
"D:/github test/Gamejam/Content/Characters/Mannequins/Anims/Unarmed/Jog/MF_Unarmed_Jog_Bwd_Left.uasset" 4070
"D:/github test/Gamejam/Content/Characters/Mannequins/Anims/Unarmed/Jump/MM_Fall_Loop.uasset" 4071
"../../../../github test/Gamejam/Content/Tiny/GM_Tiny.uasset" 4072
"../../../../github test/Gamejam/Content/Characters/Mannequins/Anims/Unarmed/ABP_Unarmed.uasset" 4073
"../../../../github test/Gamejam/Content/FirstPerson/Anims/ABP_FP_Copy.uasset" 4074
"../../../../github test/Gamejam/Content/AC_Viewfineder.uasset" 4075
"../../../../github test/Gamejam/Content/Input/Touch/BPI_TouchInterface.uasset" 4076
"../../../../github test/Gamejam/Content/Input/Actions/IA_Jump.uasset" 4077
"../../../../github test/Gamejam/Content/Input/Actions/IA_Look.uasset" 4078
"../../../../github test/Gamejam/Content/Input/Actions/IA_MouseLook.uasset" 4079
"../../../../github test/Gamejam/Content/Input/Actions/IA_Move.uasset" 4080
"../../../../github test/Gamejam/Content/Characters/Mannequins/Meshes/SKM_Manny_Simple.uasset" 4081
"../../../../github test/Gamejam/Content/Input/Touch/UI_TouchSimple.uasset" 4082
"../../../../github test/Gamejam/Content/FirstPerson/Blueprints/BP_FirstPersonPlayerController.uasset" 4083
"../../../../github test/Gamejam/Content/Tiny/FPC_Superliminal.uasset" 4084
"../../../../github test/Gamejam/Content/Characters/Mannequins/Anims/Unarmed/Jump/MM_Fall_Loop.uasset" 4085
"../../../../github test/Gamejam/Content/Characters/Mannequins/Anims/Unarmed/Jump/MM_Jump.uasset" 4086
"../../../../github test/Gamejam/Content/Characters/Mannequins/Anims/Unarmed/Jump/MM_Land.uasset" 4087
"../../../../github test/Gamejam/Content/Characters/Mannequins/Anims/Unarmed/MM_Idle.uasset" 4088
"../../../../github test/Gamejam/Content/Characters/Mannequins/Anims/Unarmed/BS_Idle_Walk_Run.uasset" 4089
"../../../../github test/Gamejam/Content/Characters/Mannequins/Rigs/CR_Mannequin_FootIK.uasset" 4090
"../../../../github test/Gamejam/Content/Characters/Mannequins/Meshes/SK_Mannequin.uasset" 4091
"../../../../github test/Gamejam/Content/FirstPerson/Anims/CtrlRig_FPWarp.uasset" 4092
"../../../../github test/Gamejam/Content/A_Camera.uasset" 4093
"../../../../github test/Gamejam/Content/A_Photo.uasset" 4094
"../../../../github test/Gamejam/Content/Input/IA_Capture.uasset" 4095
"../../../../github test/Gamejam/Content/Input/IA_Zoom.uasset" 4096
"../../../../github test/Gamejam/Content/Input/IMC_Viewfinder.uasset" 4097
"../../../../github test/Gamejam/Content/RT_Photo1.uasset" 4098
"../../../../github test/Gamejam/Content/ST_PhotoInfo.uasset" 4099
"../../../../github test/Gamejam/Content/UMG_Camera.uasset" 4100
"../../../../github test/Gamejam/Content/Characters/Mannequins/Materials/Manny/MI_Manny_01_New.uasset" 4101
"../../../../github test/Gamejam/Content/Characters/Mannequins/Materials/Manny/MI_Manny_02_New.uasset" 4102
"../../../../github test/Gamejam/Content/Characters/Mannequins/Rigs/PA_Mannequin.uasset" 4103
"../../../Engine/Content/MobileResources/HUD/VirtualJoystick_Thumb.uasset" 4104
"../../../../github test/Gamejam/Content/Input/Touch/UI_Thumbstick.uasset" 4105
"../../../../github test/Gamejam/Content/FirstPerson/Blueprints/BP_FirstPersonCameraManager.uasset" 4106
"../../../../github test/Gamejam/Content/Input/IMC_Default.uasset" 4107
"../../../../github test/Gamejam/Content/Input/IMC_MouseLook.uasset" 4108
"../../../Engine/Content/EditorBlueprintResources/StandardMacros.uasset" 4109
"../../../../github test/Gamejam/Content/Tiny/BP_Movable.uasset" 4110
"../../../../github test/Gamejam/Content/Tiny/Inputs/IA_Interact.uasset" 4111
"../../../../github test/Gamejam/Content/Tiny/Inputs/IA_Rotate.uasset" 4112
"../../../../github test/Gamejam/Content/Tiny/Inputs/IMC_Tiny.uasset" 4113
"../../../../github test/Gamejam/Content/Tiny/WBP_Crosshair.uasset" 4114
"../../../Engine/Content/Animation/DefaultAnimBoneCompressionSettings.uasset" 4115
"../../../Engine/Content/Animation/DefaultAnimCurveCompressionSettings.uasset" 4116
"../../../../github test/Gamejam/Content/Characters/Mannequins/Anims/Unarmed/Jog/MF_Unarmed_Jog_Bwd.uasset" 4117
"../../../../github test/Gamejam/Content/Characters/Mannequins/Anims/Unarmed/Jog/MF_Unarmed_Jog_Bwd_Left.uasset" 4118
"../../../../github test/Gamejam/Content/Characters/Mannequins/Anims/Unarmed/Jog/MF_Unarmed_Jog_Bwd_Right.uasset" 4119
"../../../../github test/Gamejam/Content/Characters/Mannequins/Anims/Unarmed/Jog/MF_Unarmed_Jog_Fwd.uasset" 4120
"../../../../github test/Gamejam/Content/Characters/Mannequins/Anims/Unarmed/Jog/MF_Unarmed_Jog_Fwd_Left.uasset" 4121
"../../../../github test/Gamejam/Content/Characters/Mannequins/Anims/Unarmed/Jog/MF_Unarmed_Jog_Fwd_Right.uasset" 4122
"../../../../github test/Gamejam/Content/Characters/Mannequins/Anims/Unarmed/Jog/MF_Unarmed_Jog_Left.uasset" 4123
"../../../../github test/Gamejam/Content/Characters/Mannequins/Anims/Unarmed/Jog/MF_Unarmed_Jog_Right.uasset" 4124
"../../../../github test/Gamejam/Content/Characters/Mannequins/Anims/Unarmed/Walk/MF_Unarmed_Walk_Bwd.uasset" 4125
"../../../../github test/Gamejam/Content/Characters/Mannequins/Anims/Unarmed/Walk/MF_Unarmed_Walk_Bwd_Left.uasset" 4126
"../../../../github test/Gamejam/Content/Characters/Mannequins/Anims/Unarmed/Walk/MF_Unarmed_Walk_Bwd_Right.uasset" 4127
"../../../../github test/Gamejam/Content/Characters/Mannequins/Anims/Unarmed/Walk/MF_Unarmed_Walk_Fwd.uasset" 4128
"../../../../github test/Gamejam/Content/Characters/Mannequins/Anims/Unarmed/Walk/MF_Unarmed_Walk_Fwd_Left.uasset" 4129
"../../../../github test/Gamejam/Content/Characters/Mannequins/Anims/Unarmed/Walk/MF_Unarmed_Walk_Fwd_Right.uasset" 4130
"../../../../github test/Gamejam/Content/Characters/Mannequins/Anims/Unarmed/Walk/MF_Unarmed_Walk_Left.uasset" 4131
"../../../../github test/Gamejam/Content/Characters/Mannequins/Anims/Unarmed/Walk/MF_Unarmed_Walk_Right.uasset" 4132
"../../../../github test/Gamejam/Content/A_Procedural_Base.uasset" 4133
"../../../../github test/Gamejam/Content/A_Procedural_Physics.uasset" 4134
"../../../../github test/Gamejam/Content/MI_RT_Photo.uasset" 4135
"../../../../github test/Gamejam/Content/Camera_HUD.uasset" 4136
"../../../../github test/Gamejam/Content/Characters/Mannequins/Materials/M_Mannequin.uasset" 4137
"../../../../github test/Gamejam/Content/Characters/Mannequins/Textures/Manny/T_Manny_01_BN.uasset" 4138
"../../../../github test/Gamejam/Content/Characters/Mannequins/Textures/Manny/T_Manny_01_D.uasset" 4139
"../../../../github test/Gamejam/Content/Characters/Mannequins/Textures/Manny/T_Manny_01_MRA.uasset" 4140
"../../../../github test/Gamejam/Content/Characters/Mannequins/Textures/Manny/T_Manny_02_BN.uasset" 4141
"../../../../github test/Gamejam/Content/Characters/Mannequins/Textures/Manny/T_Manny_02_D.uasset" 4142
"../../../../github test/Gamejam/Content/Characters/Mannequins/Textures/Manny/T_Manny_02_MRA.uasset" 4143
"../../../Engine/Content/MobileResources/HUD/VirtualJoystick_Background.uasset" 4144
"../../../../github test/Gamejam/Content/FirstPerson/MI_FirstPersonColorway.uasset" 4145
"../../../../github test/Gamejam/Content/LevelPrototyping/Meshes/SM_ChamferCube.uasset" 4146
"../../../../github test/Gamejam/Content/M_RT_Photo.uasset" 4147
"../../../../github test/Gamejam/Content/Characters/Mannequins/Textures/Shared/T_UE_Logo_M.uasset" 4148
"../../../../github test/Gamejam/Content/LevelPrototyping/Materials/MI_DefaultColorway.uasset" 4149
"../../../../github test/Gamejam/Content/LevelPrototyping/Materials/M_FlatCol.uasset" 4150
"C:/Users/jessi/AppData/Local/UnrealEngine/Common/DerivedDataCache/Buckets/BulkDataList/df/19/48ce8dea9cf696a774af658c0fde30542d11.udd" 4151
"C:/Users/jessi/AppData/Local/UnrealEngine/Common/DerivedDataCache/Buckets/BulkDataList/09/3a/317e678c21badf63d9c313a5d0c650f65fa8.udd" 4152
"C:/Users/jessi/AppData/Local/UnrealEngine/Common/DerivedDataCache/Buckets/BulkDataList/6e/9f/ad2903cfc744b18b20f055ecea454b27dd1a.udd" 4153
"C:/Users/jessi/AppData/Local/UnrealEngine/Common/DerivedDataCache/Buckets/BulkDataList/ef/66/3a28ea95c532c4fea2b8e3fc1080677a89f6.udd" 4154
"C:/Users/jessi/AppData/Local/UnrealEngine/Common/DerivedDataCache/Buckets/BulkDataList/f5/87/3caf1ecd752243f11a107a868fbd302bb1b8.udd" 4155
"C:/Users/jessi/AppData/Local/UnrealEngine/Common/DerivedDataCache/Buckets/BulkDataList/8b/d7/0e057d9fd3e29693054c5626f4bc472a5936.udd" 4156
"C:/Users/jessi/AppData/Local/UnrealEngine/Common/DerivedDataCache/Buckets/BulkDataList/b8/65/fab8f384d950cc3cf50ca4f9a39a25fda6de.udd" 4157
"C:/Users/jessi/AppData/Local/UnrealEngine/Common/DerivedDataCache/Buckets/BulkDataList/9b/0d/cad7f076094d2e053b2f8c1dd27f50d28363.udd" 4158
"C:/Users/jessi/AppData/Local/UnrealEngine/Common/DerivedDataCache/Buckets/BulkDataList/b0/50/af338fb807e31773fc34984e9afe987d8870.udd" 4159
"/Game/portalsequencer/portal" 4160
"D:/github test/Gamejam/Content/Level/_GENERATED/Alex/Box_6CEEB187.uasset" 4161
"D:/github test/Gamejam/Content/Level/_GENERATED/Alex/Stairs_03F612B7.uasset" 4162
"../../../Engine/Content/EngineSky/VolumetricClouds/VT_PerlinWorley_Balanced.uasset" 4163
"../../../Engine/Content/EngineSky/VolumetricClouds/T_CloudPattern.uasset" 4164
"D:/github test/Gamejam/Content/LevelPrototyping/Textures/T_GridChecker_A.uasset" 4165
"../../../Engine/Content/Functions/Engine_MaterialFunctions02/Utility/BreakOutFloat4Components.uasset" 4166
"../../../Engine/Content/Functions/Engine_MaterialFunctions01/Units/Km-to-Cm.uasset" 4167
"D:/github test/Gamejam/Content/Level/_GENERATED/Alex/Box_8A6337CE.uasset" 4168
"../../../Engine/Content/EngineSky/VolumetricClouds/T_CloudMask.uasset" 4169
"../../../Engine/Content/EngineSky/VolumetricClouds/VT_Lightning.uasset" 4170
"D:/github test/Gamejam/Content/Level/_GENERATED/Alex/Boolean_D3AC7704.uasset" 4171
"../../../Engine/Content/EngineSky/T_Sky_Blue.uasset" 4172
"../../../Engine/Content/Functions/Engine_MaterialFunctions03/Math/RemapValueRange.uasset" 4173
"D:/github test/Gamejam/Content/FirstPerson/Blueprints/BP_FirstPersonGameMode.uasset" 4174
"D:/github test/Gamejam/Content/LevelPrototyping/Materials/M_PrototypeGrid.uasset" 4175
"../../../Engine/Content/EngineSky/SM_SkySphere.uasset" 4176
"../../../Engine/Content/Functions/Engine_MaterialFunctions02/Utility/MakeFloat4.uasset" 4177
"../../../Engine/Content/EngineSky/VolumetricClouds/m_SimpleVolumetricCloud_Inst.uasset" 4178
"../../../Engine/Content/EngineSky/T_Sky_Stars.uasset" 4179
"../../../Engine/Content/EngineSounds/Submixes/MasterReverbEffectPreset.uasset" 4180
"../../../Engine/Content/EngineSky/M_Sky_Panning_Clouds2.uasset" 4181
"D:/github test/Gamejam/Content/Level/_GENERATED/Alex/Box_C94CC912.uasset" 4182
"../../../Engine/Content/EngineSky/VolumetricClouds/m_SimpleVolumetricCloud.uasset" 4183
"../../../Engine/Content/EngineSky/M_SimpleSkyDome.uasset" 4184
"../../../Engine/Content/EngineSounds/Submixes/MasterEQEffectPreset.uasset" 4185
"D:/github test/Gamejam/Content/LevelPrototyping/Materials/MF_ProcGrid.uasset" 4186
"../../../Engine/Content/EngineSky/VolumetricClouds/T_Profile_08.uasset" 4187
"../../../Engine/Content/MapTemplates/SM_Template_Map_Floor.uasset" 4188
"D:/github test/Gamejam/Content/Level/_GENERATED/Alex/Boolean_E07FD4FB.uasset" 4189
"../../../Engine/Content/EngineSky/T_Sky_Clouds_M.uasset" 4190
"D:/github test/Gamejam/Content/LevelPrototyping/Materials/MI_PrototypeGrid_Gray.uasset" 4191
"/Engine/EngineSounds/Submixes/MasterReverbEffectPreset" 4192
"/Game/FirstPerson/Blueprints/BP_FirstPersonGameMode" 4193
"/Game/Level/Pavilion" 4194
"../../../../github test/Gamejam/Content/Level/Pavilion.umap" 4195
"C:/Users/jessi/AppData/Local/UnrealEngine/Common/DerivedDataCache/Buckets/StaticMesh/d1/75/83ceba3b1f35b23cb24772a039a5e7c69d8a.udd" 4196
"C:/Users/jessi/AppData/Local/UnrealEngine/Common/DerivedDataCache/Buckets/StaticMesh/b7/31/8e481ae815985f10d0e9077663010395e7ae.udd" 4197
"C:/Users/jessi/AppData/Local/UnrealEngine/Common/DerivedDataCache/Buckets/StaticMesh/66/ec/3a8c2074ea500a91d8aa771a694e876d0662.udd" 4198
"C:/Users/jessi/AppData/Local/UnrealEngine/Common/DerivedDataCache/Buckets/StaticMesh/e4/32/b74bd443a9d2e61014c2216d1414afa22de8.udd" 4199
"C:/Users/jessi/AppData/Local/UnrealEngine/Common/DerivedDataCache/Buckets/LegacyDIST/9d/84/5fcefcaa13151dffa68c9d5d21f7a031a08c.udd" 4200
"C:/Users/jessi/AppData/Local/UnrealEngine/Common/DerivedDataCache/Buckets/LegacyDIST/db/e2/8eef9a584aa84ddc94c2710ab92fc9801421.udd" 4201
"C:/Users/jessi/AppData/Local/UnrealEngine/Common/DerivedDataCache/Buckets/StaticMesh/f8/35/6db1094f8b8215030afba76decdafb3c2b30.udd" 4202
"C:/Users/jessi/AppData/Local/UnrealEngine/Common/DerivedDataCache/Buckets/LegacyDIST/ea/a1/673ac234418f48ee8e960128f1df2d916a8e.udd" 4203
"/Engine/EngineSounds/Submixes/MasterEQEffectPreset" 4204
"C:/Users/jessi/AppData/Local/UnrealEngine/Common/DerivedDataCache/Buckets/LegacyCARD/a6/3b/8a37b8eb72cda53165539a508b8552d73a7c.udd" 4205
"C:/Users/jessi/AppData/Local/UnrealEngine/Common/DerivedDataCache/Buckets/LegacyCARD/06/ab/bb0e737853e1c91ce17f18a0a634c8104fd3.udd" 4206
"C:/Users/jessi/AppData/Local/UnrealEngine/Common/DerivedDataCache/Buckets/LegacyDIST/b6/15/d63988fbb410781af851c617a637c9ea7380.udd" 4207
"../../../Engine/Content/Functions/Engine_MaterialFunctions01/Texturing/FlattenNormal.uasset" 4208
"../../../Engine/Content/EngineSounds/Submixes/MasterSubmixDefault.uasset" 4209
"../../../Engine/Plugins/Interchange/Assets/Content/gltf/MaterialFunctions/MF_BaseColor.uasset" 4210
"../../../Engine/Plugins/Interchange/Assets/Content/gltf/MaterialFunctions/MF_Occlusion.uasset" 4211
"../../../Engine/Plugins/Interchange/Assets/Content/gltf/MaterialFunctions/MF_Emissive.uasset" 4212
"../../../Engine/Plugins/Interchange/Assets/Content/Functions/MF_IridescenceNoLUT.uasset" 4213
"../../../Engine/Plugins/Interchange/Assets/Content/gltf/Textures/T_White_Linear.uasset" 4214
"../../../Engine/Plugins/Interchange/Assets/Content/gltf/Textures/T_White_srgb.uasset" 4215
"../../../Engine/Content/EngineSounds/Submixes/MasterReverbSubmixDefault.uasset" 4216
"../../../Engine/Content/EngineSounds/Submixes/MasterEQSubmixDefault.uasset" 4217
"../../../Engine/Plugins/Interchange/Assets/Content/gltf/MaterialFunctions/MF_Specular.uasset" 4218
"C:/Users/jessi/AppData/Local/UnrealEngine/Common/DerivedDataCache/Buckets/LegacyDIST/e4/d5/b9def4e3f7a959c43010fbf719f8707d2a95.udd" 4219
"../../../Engine/Plugins/Interchange/Assets/Content/gltf/MaterialFunctions/MF_TransformUVs.uasset" 4220
"../../../Engine/Plugins/Interchange/Assets/Content/Utilities/New_LUT.uasset" 4221
"../../../Engine/Plugins/Interchange/Assets/Content/gltf/Textures/T_Generic_N.uasset" 4222
"../../../Engine/Plugins/Interchange/Assets/Content/gltf/MaterialInstances/MI_ClearCoat_Mask.uasset" 4223
"../../../Engine/Plugins/Interchange/Assets/Content/gltf/MaterialFunctions/MF_RotateV2.uasset" 4224
"../../../Engine/Plugins/Interchange/Assets/Content/gltf/MaterialFunctions/MF_Normals.uasset" 4225
"../../../Engine/Plugins/Interchange/Assets/Content/gltf/MaterialFunctions/MF_Iridescence.uasset" 4226
"../../../Engine/Plugins/Interchange/Assets/Content/gltf/MaterialBodies/MF_ClearCoat_Body.uasset" 4227
"C:/Users/jessi/AppData/Local/UnrealEngine/Common/DerivedDataCache/Buckets/LegacyCARD/6b/0c/fc97b35888438e09d5263045df68c47172fa.udd" 4228
"../../../Engine/Plugins/Interchange/Assets/Content/gltf/Textures/T_Anisotropy_Direction_Linear.uasset" 4229
"../../../Engine/Plugins/Interchange/Assets/Content/gltf/MaterialFunctions/MF_RotateNormals_TS.uasset" 4230
"../../../Engine/Plugins/Interchange/Assets/Content/gltf/MaterialFunctions/MF_SpecularAnisotropy.uasset" 4231
"C:/Users/jessi/AppData/Local/UnrealEngine/Common/DerivedDataCache/Buckets/LegacyCARD/b9/b6/4cd071ab74d011efaf7ceae3c7ef46753140.udd" 4232
"../../../Engine/Plugins/Interchange/Assets/Content/gltf/MaterialFunctions/MF_ScaleNormal.uasset" 4233
"../../../Engine/Plugins/Interchange/Assets/Content/gltf/MaterialFunctions/MF_MetallicRoughness.uasset" 4234
"../../../Engine/Plugins/Interchange/Assets/Content/Functions/MF_Iridescence.uasset" 4235
"../../../Engine/Plugins/Interchange/Assets/Content/gltf/MaterialFunctions/MF_IOR.uasset" 4236
"../../../Engine/Plugins/Interchange/Assets/Content/gltf/M_ClearCoat.uasset" 4237
"C:/Users/jessi/AppData/Local/UnrealEngine/Common/DerivedDataCache/Buckets/LegacyCARD/81/b3/6bb4a75363ccfb26c5b86b20d6a32af1bd9a.udd" 4238
"../../../Engine/Plugins/Interchange/Assets/Content/gltf/MaterialInstances/MI_ClearCoat_Opaque.uasset" 4239
"../../../Engine/Plugins/Interchange/Assets/Content/gltf/MaterialInstances/MI_ClearCoat_Opaque_DS.uasset" 4240
"../../../Engine/Plugins/Interchange/Assets/Content/gltf/MaterialFunctions/MF_Clearcoat.uasset" 4241
"../../../Engine/Plugins/Interchange/Assets/Content/gltf/MaterialInstances/MI_ClearCoat_Blend.uasset" 4242
"../../../Engine/Plugins/Interchange/Assets/Content/gltf/MaterialInstances/MI_ClearCoat_Mask_DS.uasset" 4243
"C:/Users/jessi/AppData/Local/UnrealEngine/Common/DerivedDataCache/Buckets/LegacyNavCollision/9c/e0/d000b31a3c498649c5ce372d462b1797a9a9.udd" 4244
"C:/Users/jessi/AppData/Local/UnrealEngine/Common/DerivedDataCache/Buckets/LegacyNavCollision/4d/8e/8896eed0f41cc10b03e50df875b355886037.udd" 4245
"C:/Users/jessi/AppData/Local/UnrealEngine/Common/DerivedDataCache/Buckets/LegacyNavCollision/7c/b6/88c4b09988f87185cbc7ffc94ad9316ba809.udd" 4246
"C:/Users/jessi/AppData/Local/UnrealEngine/Common/DerivedDataCache/Buckets/LegacyNavCollision/97/85/7130d7df99d037c84d1ef104748a2d2f08b8.udd" 4247
"C:/Users/jessi/AppData/Local/UnrealEngine/Common/DerivedDataCache/Buckets/StaticMesh/de/f4/9d0246804310fe29986915a1bb21d0d66abb.udd" 4248
"C:/Users/jessi/AppData/Local/UnrealEngine/Common/DerivedDataCache/Buckets/StaticMesh/75/aa/8a4dae3e4a571a6780311087117c7eff3e95.udd" 4249
"C:/Users/jessi/AppData/Local/UnrealEngine/Common/DerivedDataCache/Buckets/LegacyNavCollision/34/15/a1c05c6193a2851e4592664d73d32ce03047.udd" 4250
"C:/Users/jessi/AppData/Local/UnrealEngine/Common/DerivedDataCache/Buckets/LegacyDIST/b2/3e/4bbb4d0ef9de24c6d2e2874a4d7d1fe87b69.udd" 4251
"C:/Users/jessi/AppData/Local/UnrealEngine/Common/DerivedDataCache/Buckets/LegacyNavCollision/dd/6d/2f61dc6b5603666e5ade11a35f6a65160684.udd" 4252
"C:/Users/jessi/AppData/Local/UnrealEngine/Common/DerivedDataCache/Buckets/LegacyCARD/93/ac/005d300a51374b1773b66c9461d7fb98382d.udd" 4253
"C:/Users/jessi/AppData/Local/UnrealEngine/Common/DerivedDataCache/Buckets/LegacyCARD/34/84/a4a096316ea7b6f8aedd601a453613930172.udd" 4254
"C:/Users/jessi/AppData/Local/UnrealEngine/Common/DerivedDataCache/Buckets/LegacyDIST/2b/ea/3d81b3c67c07f1537cf3c32d1afe0e8e41aa.udd" 4255
"C:/Users/jessi/AppData/Local/UnrealEngine/Common/DerivedDataCache/Buckets/LegacyNavCollision/88/29/d6db9b6823dc10c88ffb17627d525764b595.udd" 4256
"/Engine/EditorResources/EmptyActor" 4257
"../../../Engine/Content/EditorResources/EmptyActor.uasset" 4258
"/Engine/EditorResources/LightIcons/S_LightError" 4259
"../../../Engine/Content/EditorResources/LightIcons/S_LightError.uasset" 4260
"/Game/__ExternalActors__/ThirdPerson/Lvl_ThirdPerson/0/8O/UIEHLNU7OB75SSE0JMJ9TL" 4261
"/Game/__ExternalActors__/ThirdPerson/Lvl_ThirdPerson/D/PT/LEVI9YSATK0B9XN4GDC5FI" 4262
"/Game/__ExternalActors__/ThirdPerson/Lvl_ThirdPerson/D/MH/4KB2HIKKMUU6H77D0KDUUB" 4263
"/Game/__ExternalActors__/ThirdPerson/Lvl_ThirdPerson/D/K5/NQBPXM7AM8N39CBW4ZT57P" 4264
"/Game/__ExternalActors__/ThirdPerson/Lvl_ThirdPerson/D/2F/4NDLYBIDR9KB76ERP2173U" 4265
"/Game/__ExternalActors__/ThirdPerson/Lvl_ThirdPerson/C/US/OYWQQB5CNMWC5H2JGOXR68" 4266
"/Game/__ExternalActors__/ThirdPerson/Lvl_ThirdPerson/C/GL/YYREI8MW8XOSZ2YIG19FBJ" 4267
"/Game/__ExternalActors__/ThirdPerson/Lvl_ThirdPerson/A/0I/BZP318CS5O8GX0WIHMVPM5" 4268
"/Game/__ExternalActors__/ThirdPerson/Lvl_ThirdPerson/8/VF/20FTN5I377KV910062C0ZA" 4269
"/Game/__ExternalActors__/ThirdPerson/Lvl_ThirdPerson/8/92/70NA79L19L9ROJPTUJ3F89" 4270
"/Game/__ExternalActors__/ThirdPerson/Lvl_ThirdPerson/8/8Q/U9HJ3GY2WZOOLA9JEUC3VP" 4271
"/Game/__ExternalActors__/ThirdPerson/Lvl_ThirdPerson/7/A0/R7Q9XG2PICDK6L4WH0U5MR" 4272
"/Game/__ExternalActors__/ThirdPerson/Lvl_ThirdPerson/7/3G/7NFNZ8VYDKQNUHWY53AOER" 4273
"/Game/__ExternalActors__/ThirdPerson/Lvl_ThirdPerson/6/MO/MHI8DFAG68E4HGFL0M6PTM" 4274
"/Game/__ExternalActors__/ThirdPerson/Lvl_ThirdPerson/6/FA/EMD3GAVO2INQNVTJYDK3FW" 4275
"/Game/__ExternalActors__/ThirdPerson/Lvl_ThirdPerson/6/EJ/OZRLPBHV88QUSZ3LMBU9VJ" 4276
"/Game/__ExternalActors__/ThirdPerson/Lvl_ThirdPerson/5/SD/I5OHJKB21QN75I15OE55SI" 4277
"/Game/__ExternalActors__/ThirdPerson/Lvl_ThirdPerson/5/8P/GT0EIP8GK7N8YRMOVGOJ96" 4278
"/Game/__ExternalActors__/ThirdPerson/Lvl_ThirdPerson/4/NP/ZPMMM2ZD0C71YOQP0V5Y1H" 4279
"/Game/__ExternalActors__/ThirdPerson/Lvl_ThirdPerson/4/IY/F70EA1J07JMLDYDIJ6QJSE" 4280
"/Game/__ExternalActors__/ThirdPerson/Lvl_ThirdPerson/3/YN/KB8OM36UBNNRYV3ZU7YPNH" 4281
"/Game/__ExternalActors__/ThirdPerson/Lvl_ThirdPerson/3/YN/8M8USUABJ8AXJP2ZO6NV6H" 4282
"/Game/__ExternalActors__/ThirdPerson/Lvl_ThirdPerson/3/D7/PPBWL9LPZ5N11ZMVD9AS7S" 4283
"/Game/__ExternalActors__/ThirdPerson/Lvl_ThirdPerson/3/BG/8PIKBTCEQBUTCN1Y34ZMWI" 4284
"/Game/__ExternalActors__/ThirdPerson/Lvl_ThirdPerson/3/7J/BPHJNFFQ63RW8Q6FU1LOLW" 4285
"/Game/__ExternalActors__/ThirdPerson/Lvl_ThirdPerson/3/4E/J3PDVC3WT7YQA19D1ALN6Y" 4286
"/Game/__ExternalActors__/ThirdPerson/Lvl_ThirdPerson/2/XJ/3AZK517F7X3REFK08E8YJA" 4287
"/Game/__ExternalActors__/ThirdPerson/Lvl_ThirdPerson/2/M5/Q4P4K5BTEDRVJ1ZVXLY7L5" 4288
"/Game/__ExternalActors__/ThirdPerson/Lvl_ThirdPerson/2/DZ/P7VQWKV12NWSBW9AO775RT" 4289
"/Game/__ExternalActors__/ThirdPerson/Lvl_ThirdPerson/1/XV/JNRDUPD7FS7UK2AJ2KLBRB" 4290
"/Game/__ExternalActors__/ThirdPerson/Lvl_ThirdPerson/1/RQ/3ADOLTHH805DWESAD0ZR77" 4291
"/Game/__ExternalActors__/ThirdPerson/Lvl_ThirdPerson/0/UH/FBFU4Y5CLP3F4GTY4K1GTH" 4292
"/Game/__ExternalActors__/ThirdPerson/Lvl_ThirdPerson/0/KS/75UK69CNN4NUETA6X9LYUM" 4293
"/Game/__ExternalActors__/ThirdPerson/Lvl_ThirdPerson/0/HC/0RN894ADN08LM1ZUPJOSWQ" 4294
"/Game/__ExternalActors__/ThirdPerson/Lvl_ThirdPerson/0/W2/0744VSLIRVGDTA4F4LA3HL" 4295
"/Game/__ExternalActors__/ThirdPerson/Lvl_ThirdPerson/D/1X/AJ1QWSYGD3ZW7QE6EJHE58" 4296
"/Game/__ExternalActors__/ThirdPerson/Lvl_ThirdPerson/4/6S/EDC4S2JDKS83X0KPJG5QFE" 4297
"/Game/__ExternalActors__/ThirdPerson/Lvl_ThirdPerson/9/BD/FUKTZN4YGF63C7UEYSZC1H" 4298
"/Game/__ExternalActors__/ThirdPerson/Lvl_ThirdPerson/1/RA/8F34K649A61TGCC49UW1HI" 4299
"/Game/__ExternalActors__/ThirdPerson/Lvl_ThirdPerson/1/X7/Z3S3CRST6RYCOIXYJ0IVV7" 4300
"/Game/__ExternalActors__/ThirdPerson/Lvl_ThirdPerson/2/AM/9YGDW7FMEY1CZD31VUYO11" 4301
"/Game/__ExternalActors__/ThirdPerson/Lvl_ThirdPerson/3/0N/NTRPN55OWWUSD03K29ZOSH" 4302
"/Game/__ExternalActors__/ThirdPerson/Lvl_ThirdPerson/3/44/FNX1OMUB59PVYPBA2M55KX" 4303
"/Game/__ExternalActors__/ThirdPerson/Lvl_ThirdPerson/9/AC/RM05YO4CQ6WJS9BSI5YKVO" 4304
"/Game/__ExternalActors__/ThirdPerson/Lvl_ThirdPerson/D/KQ/5DR2ECXF75DU7P9HZXI349" 4305
"/Game/__ExternalActors__/ThirdPerson/Lvl_ThirdPerson/F/1G/905KIPQSD9IMAWH7LLX8BA" 4306
"/Game/__ExternalActors__/ThirdPerson/Lvl_ThirdPerson/4/LM/6T4ZI6RV7F22WYY4ZDBERN" 4307
"/Game/__ExternalActors__/ThirdPerson/Lvl_ThirdPerson/4/M2/B15DLO2XGAAZ0GSJ4GHFJ8" 4308
"/Game/__ExternalActors__/ThirdPerson/Lvl_ThirdPerson/4/NK/PLBBWXS8JOIV16AVD8YVSW" 4309
"/Game/__ExternalActors__/ThirdPerson/Lvl_ThirdPerson/4/XF/13W4KL2R862XPDSOMYTL1C" 4310
"/Game/__ExternalActors__/ThirdPerson/Lvl_ThirdPerson/5/K4/T2F9ZDYH6LS4YW8Y7SEROA" 4311
"/Game/__ExternalActors__/ThirdPerson/Lvl_ThirdPerson/6/4X/OQR4N28Z45VGM4YVMUPQGA" 4312
"/Game/__ExternalActors__/ThirdPerson/Lvl_ThirdPerson/6/LC/QTSQIO79RS79R15TWOS43X" 4313
"/Game/__ExternalActors__/ThirdPerson/Lvl_ThirdPerson/7/CY/RLD5OLCM5ONXU7IRQ23QNL" 4314
"/Game/__ExternalActors__/ThirdPerson/Lvl_ThirdPerson/7/MM/R5V02JKPFDI97HD21FJMAJ" 4315
"/Game/__ExternalActors__/ThirdPerson/Lvl_ThirdPerson/7/QK/IHPX8Q7CC9QD8QXHZRFZN2" 4316
"/Game/__ExternalActors__/ThirdPerson/Lvl_ThirdPerson/E/CY/GX29D6N7EGDI1MY4N08UAD" 4317
"/Game/__ExternalActors__/ThirdPerson/Lvl_ThirdPerson/9/BX/IPOX3OOGCCP6UXY7L2GXG5" 4318
"/Game/__ExternalActors__/ThirdPerson/Lvl_ThirdPerson/8/68/W2YATTOK8GTZBU1NQHC1BA" 4319
"/Game/__ExternalActors__/ThirdPerson/Lvl_ThirdPerson/8/VS/XX060WNO6GEZU5BZQCLZPP" 4320
"/Game/__ExternalActors__/ThirdPerson/Lvl_ThirdPerson/9/0R/K4JUSP829YKAJKIFPH50N9" 4321
"/Game/__ExternalActors__/ThirdPerson/Lvl_ThirdPerson/9/5G/29Z6AXUGZPZ0CXHLK2DICG" 4322
"/Game/__ExternalActors__/ThirdPerson/Lvl_ThirdPerson/9/H4/T8WMEHAENKGSPKY5LPN4ID" 4323
"/Game/__ExternalActors__/ThirdPerson/Lvl_ThirdPerson/A/6B/93AZRQLWAFVPE5QIPXU2SQ" 4324
"/Game/__ExternalActors__/ThirdPerson/Lvl_ThirdPerson/A/J0/JE4FWY179D7EGVUDP5ROM2" 4325
"/Game/__ExternalActors__/ThirdPerson/Lvl_ThirdPerson/A/X6/FAN4S1MVUGNHB5FT29FRHC" 4326
"/Game/__ExternalActors__/ThirdPerson/Lvl_ThirdPerson/B/K8/R5Z9MYTTZV5SZIO8KBRKTC" 4327
"/Game/__ExternalActors__/ThirdPerson/Lvl_ThirdPerson/C/9E/RTJ9ZGW0MQW2DW9N3BL2OX" 4328
"/Game/__ExternalActors__/ThirdPerson/Lvl_ThirdPerson/C/C0/JHT2A5IJYEWOW3E3HZKCBD" 4329
"/Game/__ExternalActors__/ThirdPerson/Lvl_ThirdPerson/C/EE/HZ5WNBFZRJYQPUA6X8TVVT" 4330
"/Game/__ExternalActors__/ThirdPerson/Lvl_ThirdPerson/C/HY/Q7CPP7VHOXBAMAJI90W626" 4331
"/Game/__ExternalActors__/ThirdPerson/Lvl_ThirdPerson/C/J5/HH3NDJQY7E9TXNNAH1WDKW" 4332
"/Game/__ExternalActors__/ThirdPerson/Lvl_ThirdPerson/D/22/RBRNEP19PX22MNH8CVEA7P" 4333
"/Game/__ExternalActors__/ThirdPerson/Lvl_ThirdPerson/D/AY/KLCRMXKI9WR2P0GDY96C36" 4334
"/Game/__ExternalActors__/ThirdPerson/Lvl_ThirdPerson/D/GY/1C5MZO3T7GHMYSYSBKOI6C" 4335
"/Game/__ExternalActors__/ThirdPerson/Lvl_ThirdPerson/D/PE/AUMLO2DR5HJUV0LYWFKE97" 4336
"/Game/__ExternalActors__/ThirdPerson/Lvl_ThirdPerson/D/SB/FU2241W829DRMWFGZ92QVI" 4337
"/Game/__ExternalActors__/ThirdPerson/Lvl_ThirdPerson/E/6M/NV9X2KJGVQQDZU8QM4O1KC" 4338
"/Game/__ExternalActors__/ThirdPerson/Lvl_ThirdPerson/E/96/RFQP83S9K0LC7IW8CXS6C0" 4339
"/Game/__ExternalActors__/ThirdPerson/Lvl_ThirdPerson/E/CU/0F6RDQSK6F4J1SA51SKXVL" 4340
"/Game/__ExternalActors__/ThirdPerson/Lvl_ThirdPerson/F/39/XWDQJU3SXR8W4FGY7JXQWZ" 4341
"/Game/__ExternalActors__/ThirdPerson/Lvl_ThirdPerson/F/4G/TYFCMQ9MC435YW6FZBF5FS" 4342
"../../../../github test/Gamejam/Content/__ExternalActors__/ThirdPerson/Lvl_ThirdPerson/0/8O/UIEHLNU7OB75SSE0JMJ9TL.uasset" 4343
"../../../../github test/Gamejam/Content/__ExternalActors__/ThirdPerson/Lvl_ThirdPerson/D/PT/LEVI9YSATK0B9XN4GDC5FI.uasset" 4344
"../../../../github test/Gamejam/Content/__ExternalActors__/ThirdPerson/Lvl_ThirdPerson/D/MH/4KB2HIKKMUU6H77D0KDUUB.uasset" 4345
"../../../../github test/Gamejam/Content/__ExternalActors__/ThirdPerson/Lvl_ThirdPerson/D/K5/NQBPXM7AM8N39CBW4ZT57P.uasset" 4346
"../../../../github test/Gamejam/Content/__ExternalActors__/ThirdPerson/Lvl_ThirdPerson/D/2F/4NDLYBIDR9KB76ERP2173U.uasset" 4347
"../../../../github test/Gamejam/Content/__ExternalActors__/ThirdPerson/Lvl_ThirdPerson/C/US/OYWQQB5CNMWC5H2JGOXR68.uasset" 4348
"../../../../github test/Gamejam/Content/__ExternalActors__/ThirdPerson/Lvl_ThirdPerson/C/GL/YYREI8MW8XOSZ2YIG19FBJ.uasset" 4349
"../../../../github test/Gamejam/Content/__ExternalActors__/ThirdPerson/Lvl_ThirdPerson/A/0I/BZP318CS5O8GX0WIHMVPM5.uasset" 4350
"../../../../github test/Gamejam/Content/__ExternalActors__/ThirdPerson/Lvl_ThirdPerson/8/VF/20FTN5I377KV910062C0ZA.uasset" 4351
"../../../../github test/Gamejam/Content/__ExternalActors__/ThirdPerson/Lvl_ThirdPerson/8/92/70NA79L19L9ROJPTUJ3F89.uasset" 4352
"../../../../github test/Gamejam/Content/__ExternalActors__/ThirdPerson/Lvl_ThirdPerson/8/8Q/U9HJ3GY2WZOOLA9JEUC3VP.uasset" 4353
"../../../../github test/Gamejam/Content/__ExternalActors__/ThirdPerson/Lvl_ThirdPerson/7/A0/R7Q9XG2PICDK6L4WH0U5MR.uasset" 4354
"../../../../github test/Gamejam/Content/__ExternalActors__/ThirdPerson/Lvl_ThirdPerson/7/3G/7NFNZ8VYDKQNUHWY53AOER.uasset" 4355
"../../../../github test/Gamejam/Content/__ExternalActors__/ThirdPerson/Lvl_ThirdPerson/6/MO/MHI8DFAG68E4HGFL0M6PTM.uasset" 4356
"../../../../github test/Gamejam/Content/__ExternalActors__/ThirdPerson/Lvl_ThirdPerson/6/FA/EMD3GAVO2INQNVTJYDK3FW.uasset" 4357
"../../../../github test/Gamejam/Content/__ExternalActors__/ThirdPerson/Lvl_ThirdPerson/6/EJ/OZRLPBHV88QUSZ3LMBU9VJ.uasset" 4358
"../../../../github test/Gamejam/Content/__ExternalActors__/ThirdPerson/Lvl_ThirdPerson/5/SD/I5OHJKB21QN75I15OE55SI.uasset" 4359
"../../../../github test/Gamejam/Content/__ExternalActors__/ThirdPerson/Lvl_ThirdPerson/5/8P/GT0EIP8GK7N8YRMOVGOJ96.uasset" 4360
"../../../../github test/Gamejam/Content/__ExternalActors__/ThirdPerson/Lvl_ThirdPerson/4/NP/ZPMMM2ZD0C71YOQP0V5Y1H.uasset" 4361
"../../../../github test/Gamejam/Content/__ExternalActors__/ThirdPerson/Lvl_ThirdPerson/4/IY/F70EA1J07JMLDYDIJ6QJSE.uasset" 4362
"../../../../github test/Gamejam/Content/__ExternalActors__/ThirdPerson/Lvl_ThirdPerson/3/YN/KB8OM36UBNNRYV3ZU7YPNH.uasset" 4363
"../../../../github test/Gamejam/Content/__ExternalActors__/ThirdPerson/Lvl_ThirdPerson/3/YN/8M8USUABJ8AXJP2ZO6NV6H.uasset" 4364
"../../../../github test/Gamejam/Content/__ExternalActors__/ThirdPerson/Lvl_ThirdPerson/3/D7/PPBWL9LPZ5N11ZMVD9AS7S.uasset" 4365
"../../../../github test/Gamejam/Content/__ExternalActors__/ThirdPerson/Lvl_ThirdPerson/3/BG/8PIKBTCEQBUTCN1Y34ZMWI.uasset" 4366
"../../../../github test/Gamejam/Content/__ExternalActors__/ThirdPerson/Lvl_ThirdPerson/3/7J/BPHJNFFQ63RW8Q6FU1LOLW.uasset" 4367
"../../../../github test/Gamejam/Content/__ExternalActors__/ThirdPerson/Lvl_ThirdPerson/3/4E/J3PDVC3WT7YQA19D1ALN6Y.uasset" 4368
"../../../../github test/Gamejam/Content/__ExternalActors__/ThirdPerson/Lvl_ThirdPerson/2/XJ/3AZK517F7X3REFK08E8YJA.uasset" 4369
"../../../../github test/Gamejam/Content/__ExternalActors__/ThirdPerson/Lvl_ThirdPerson/2/M5/Q4P4K5BTEDRVJ1ZVXLY7L5.uasset" 4370
"../../../../github test/Gamejam/Content/__ExternalActors__/ThirdPerson/Lvl_ThirdPerson/2/DZ/P7VQWKV12NWSBW9AO775RT.uasset" 4371
"../../../../github test/Gamejam/Content/__ExternalActors__/ThirdPerson/Lvl_ThirdPerson/1/XV/JNRDUPD7FS7UK2AJ2KLBRB.uasset" 4372
"../../../../github test/Gamejam/Content/__ExternalActors__/ThirdPerson/Lvl_ThirdPerson/1/RQ/3ADOLTHH805DWESAD0ZR77.uasset" 4373
"../../../../github test/Gamejam/Content/__ExternalActors__/ThirdPerson/Lvl_ThirdPerson/0/UH/FBFU4Y5CLP3F4GTY4K1GTH.uasset" 4374
"../../../../github test/Gamejam/Content/__ExternalActors__/ThirdPerson/Lvl_ThirdPerson/0/KS/75UK69CNN4NUETA6X9LYUM.uasset" 4375
"../../../../github test/Gamejam/Content/__ExternalActors__/ThirdPerson/Lvl_ThirdPerson/0/HC/0RN894ADN08LM1ZUPJOSWQ.uasset" 4376
"../../../../github test/Gamejam/Content/__ExternalActors__/ThirdPerson/Lvl_ThirdPerson/0/W2/0744VSLIRVGDTA4F4LA3HL.uasset" 4377
"../../../../github test/Gamejam/Content/__ExternalActors__/ThirdPerson/Lvl_ThirdPerson/D/1X/AJ1QWSYGD3ZW7QE6EJHE58.uasset" 4378
"../../../../github test/Gamejam/Content/__ExternalActors__/ThirdPerson/Lvl_ThirdPerson/4/6S/EDC4S2JDKS83X0KPJG5QFE.uasset" 4379
"../../../../github test/Gamejam/Content/__ExternalActors__/ThirdPerson/Lvl_ThirdPerson/9/BD/FUKTZN4YGF63C7UEYSZC1H.uasset" 4380
"../../../../github test/Gamejam/Content/__ExternalActors__/ThirdPerson/Lvl_ThirdPerson/1/RA/8F34K649A61TGCC49UW1HI.uasset" 4381
"../../../../github test/Gamejam/Content/__ExternalActors__/ThirdPerson/Lvl_ThirdPerson/1/X7/Z3S3CRST6RYCOIXYJ0IVV7.uasset" 4382
"../../../../github test/Gamejam/Content/__ExternalActors__/ThirdPerson/Lvl_ThirdPerson/2/AM/9YGDW7FMEY1CZD31VUYO11.uasset" 4383
"../../../../github test/Gamejam/Content/__ExternalActors__/ThirdPerson/Lvl_ThirdPerson/3/0N/NTRPN55OWWUSD03K29ZOSH.uasset" 4384
"../../../../github test/Gamejam/Content/__ExternalActors__/ThirdPerson/Lvl_ThirdPerson/3/44/FNX1OMUB59PVYPBA2M55KX.uasset" 4385
"../../../../github test/Gamejam/Content/__ExternalActors__/ThirdPerson/Lvl_ThirdPerson/9/AC/RM05YO4CQ6WJS9BSI5YKVO.uasset" 4386
"../../../../github test/Gamejam/Content/__ExternalActors__/ThirdPerson/Lvl_ThirdPerson/D/KQ/5DR2ECXF75DU7P9HZXI349.uasset" 4387
"../../../../github test/Gamejam/Content/__ExternalActors__/ThirdPerson/Lvl_ThirdPerson/F/1G/905KIPQSD9IMAWH7LLX8BA.uasset" 4388
"../../../../github test/Gamejam/Content/__ExternalActors__/ThirdPerson/Lvl_ThirdPerson/4/LM/6T4ZI6RV7F22WYY4ZDBERN.uasset" 4389
"../../../../github test/Gamejam/Content/__ExternalActors__/ThirdPerson/Lvl_ThirdPerson/4/M2/B15DLO2XGAAZ0GSJ4GHFJ8.uasset" 4390
"../../../../github test/Gamejam/Content/__ExternalActors__/ThirdPerson/Lvl_ThirdPerson/4/NK/PLBBWXS8JOIV16AVD8YVSW.uasset" 4391
"../../../../github test/Gamejam/Content/__ExternalActors__/ThirdPerson/Lvl_ThirdPerson/4/XF/13W4KL2R862XPDSOMYTL1C.uasset" 4392
"../../../../github test/Gamejam/Content/__ExternalActors__/ThirdPerson/Lvl_ThirdPerson/5/K4/T2F9ZDYH6LS4YW8Y7SEROA.uasset" 4393
"../../../../github test/Gamejam/Content/__ExternalActors__/ThirdPerson/Lvl_ThirdPerson/6/4X/OQR4N28Z45VGM4YVMUPQGA.uasset" 4394
"../../../../github test/Gamejam/Content/__ExternalActors__/ThirdPerson/Lvl_ThirdPerson/6/LC/QTSQIO79RS79R15TWOS43X.uasset" 4395
"../../../../github test/Gamejam/Content/__ExternalActors__/ThirdPerson/Lvl_ThirdPerson/7/CY/RLD5OLCM5ONXU7IRQ23QNL.uasset" 4396
"../../../../github test/Gamejam/Content/__ExternalActors__/ThirdPerson/Lvl_ThirdPerson/7/MM/R5V02JKPFDI97HD21FJMAJ.uasset" 4397
"../../../../github test/Gamejam/Content/__ExternalActors__/ThirdPerson/Lvl_ThirdPerson/7/QK/IHPX8Q7CC9QD8QXHZRFZN2.uasset" 4398
"../../../../github test/Gamejam/Content/__ExternalActors__/ThirdPerson/Lvl_ThirdPerson/E/CY/GX29D6N7EGDI1MY4N08UAD.uasset" 4399
"../../../../github test/Gamejam/Content/__ExternalActors__/ThirdPerson/Lvl_ThirdPerson/9/BX/IPOX3OOGCCP6UXY7L2GXG5.uasset" 4400
"../../../../github test/Gamejam/Content/__ExternalActors__/ThirdPerson/Lvl_ThirdPerson/8/68/W2YATTOK8GTZBU1NQHC1BA.uasset" 4401
"../../../../github test/Gamejam/Content/__ExternalActors__/ThirdPerson/Lvl_ThirdPerson/8/VS/XX060WNO6GEZU5BZQCLZPP.uasset" 4402
"../../../../github test/Gamejam/Content/__ExternalActors__/ThirdPerson/Lvl_ThirdPerson/9/0R/K4JUSP829YKAJKIFPH50N9.uasset" 4403
"../../../../github test/Gamejam/Content/__ExternalActors__/ThirdPerson/Lvl_ThirdPerson/9/5G/29Z6AXUGZPZ0CXHLK2DICG.uasset" 4404
"../../../../github test/Gamejam/Content/__ExternalActors__/ThirdPerson/Lvl_ThirdPerson/9/H4/T8WMEHAENKGSPKY5LPN4ID.uasset" 4405
"../../../../github test/Gamejam/Content/__ExternalActors__/ThirdPerson/Lvl_ThirdPerson/A/6B/93AZRQLWAFVPE5QIPXU2SQ.uasset" 4406
"../../../../github test/Gamejam/Content/__ExternalActors__/ThirdPerson/Lvl_ThirdPerson/A/J0/JE4FWY179D7EGVUDP5ROM2.uasset" 4407
"../../../../github test/Gamejam/Content/__ExternalActors__/ThirdPerson/Lvl_ThirdPerson/A/X6/FAN4S1MVUGNHB5FT29FRHC.uasset" 4408
"../../../../github test/Gamejam/Content/__ExternalActors__/ThirdPerson/Lvl_ThirdPerson/B/K8/R5Z9MYTTZV5SZIO8KBRKTC.uasset" 4409
"../../../../github test/Gamejam/Content/__ExternalActors__/ThirdPerson/Lvl_ThirdPerson/C/9E/RTJ9ZGW0MQW2DW9N3BL2OX.uasset" 4410
"../../../../github test/Gamejam/Content/__ExternalActors__/ThirdPerson/Lvl_ThirdPerson/C/C0/JHT2A5IJYEWOW3E3HZKCBD.uasset" 4411
"../../../../github test/Gamejam/Content/__ExternalActors__/ThirdPerson/Lvl_ThirdPerson/C/EE/HZ5WNBFZRJYQPUA6X8TVVT.uasset" 4412
"../../../../github test/Gamejam/Content/__ExternalActors__/ThirdPerson/Lvl_ThirdPerson/C/HY/Q7CPP7VHOXBAMAJI90W626.uasset" 4413
"../../../../github test/Gamejam/Content/__ExternalActors__/ThirdPerson/Lvl_ThirdPerson/C/J5/HH3NDJQY7E9TXNNAH1WDKW.uasset" 4414
"../../../../github test/Gamejam/Content/__ExternalActors__/ThirdPerson/Lvl_ThirdPerson/D/22/RBRNEP19PX22MNH8CVEA7P.uasset" 4415
"../../../../github test/Gamejam/Content/__ExternalActors__/ThirdPerson/Lvl_ThirdPerson/D/AY/KLCRMXKI9WR2P0GDY96C36.uasset" 4416
"../../../../github test/Gamejam/Content/__ExternalActors__/ThirdPerson/Lvl_ThirdPerson/D/GY/1C5MZO3T7GHMYSYSBKOI6C.uasset" 4417
"../../../../github test/Gamejam/Content/__ExternalActors__/ThirdPerson/Lvl_ThirdPerson/D/PE/AUMLO2DR5HJUV0LYWFKE97.uasset" 4418
"../../../../github test/Gamejam/Content/__ExternalActors__/ThirdPerson/Lvl_ThirdPerson/D/SB/FU2241W829DRMWFGZ92QVI.uasset" 4419
"../../../../github test/Gamejam/Content/__ExternalActors__/ThirdPerson/Lvl_ThirdPerson/E/6M/NV9X2KJGVQQDZU8QM4O1KC.uasset" 4420
"../../../../github test/Gamejam/Content/__ExternalActors__/ThirdPerson/Lvl_ThirdPerson/E/96/RFQP83S9K0LC7IW8CXS6C0.uasset" 4421
"../../../../github test/Gamejam/Content/__ExternalActors__/ThirdPerson/Lvl_ThirdPerson/E/CU/0F6RDQSK6F4J1SA51SKXVL.uasset" 4422
"../../../../github test/Gamejam/Content/__ExternalActors__/ThirdPerson/Lvl_ThirdPerson/F/39/XWDQJU3SXR8W4FGY7JXQWZ.uasset" 4423
"../../../../github test/Gamejam/Content/__ExternalActors__/ThirdPerson/Lvl_ThirdPerson/F/4G/TYFCMQ9MC435YW6FZBF5FS.uasset" 4424
"../../../../github test/Gamejam/Content/color/white.uasset" 4425
"../../../../github test/Gamejam/Content/A_Project.uasset" 4426
"../../../../github test/Gamejam/Content/color/blue.uasset" 4427
"../../../../github test/Gamejam/Content/UI/Intro14.uasset" 4428
"../../../../github test/Gamejam/Content/color/yellow.uasset" 4429
"../../../../github test/Gamejam/Content/color/brown.uasset" 4430
"../../../../github test/Gamejam/Content/ThirdPerson/_GENERATED/jessi/Box_27E63231.uasset" 4431
"../../../../github test/Gamejam/Content/ThirdPerson/_GENERATED/jessi/Cone_77998C82.uasset" 4432
"../../../../github test/Gamejam/Content/UI/Intro12.uasset" 4433
"../../../../github test/Gamejam/Content/UI/Intro11.uasset" 4434
"../../../../github test/Gamejam/Content/color/red.uasset" 4435
"../../../../github test/Gamejam/Content/ThirdPerson/_GENERATED/jessi/Stairs_1217552C.uasset" 4436
"../../../../github test/Gamejam/Content/UI/Intro17.uasset" 4437
"../../../../github test/Gamejam/Content/UI/Intro15.uasset" 4438
"../../../../github test/Gamejam/Content/UI/Intro13.uasset" 4439
"../../../../github test/Gamejam/Content/UI/Intro16.uasset" 4440
"../../../../github test/Gamejam/Content/Assets/M_Projection.uasset" 4441
"../../../../github test/Gamejam/Content/UI/Intro4.uasset" 4442
"../../../../github test/Gamejam/Content/UI/Intro2.uasset" 4443
"../../../../github test/Gamejam/Content/UI/Intro1.uasset" 4444
"../../../../github test/Gamejam/Content/UI/Intro7.uasset" 4445
"../../../../github test/Gamejam/Content/UI/Intro5.uasset" 4446
"../../../../github test/Gamejam/Content/UI/Intro3.uasset" 4447
"../../../../github test/Gamejam/Content/UI/Intro6.uasset" 4448
"../../../Engine/Content/Functions/Engine_MaterialFunctions02/Math/InverseTransformMatrix.uasset" 4449
"../../../Engine/Content/EngineLightProfiles/180Degree_IES.uasset" 4450
"../../../Engine/Content/EngineLightProfiles/90Degree_IES.uasset" 4451
"C:/Users/jessi/AppData/Local/UnrealEngine/Common/DerivedDataCache/Buckets/BulkDataList/9b/bc/422358922c0dd2f79c93a5c1756e5648565e.udd" 4452
"C:/Users/jessi/AppData/Local/UnrealEngine/Common/DerivedDataCache/Buckets/StaticMesh/24/4c/9a82f23f604bd2cbab2c3d8a2edd68f0c859.udd" 4453
"C:/Users/jessi/AppData/Local/UnrealEngine/Common/DerivedDataCache/Buckets/StaticMesh/ba/dc/bf69d0872dab28fd08a9820d73e2b276e9f7.udd" 4454
"C:/Users/jessi/AppData/Local/UnrealEngine/Common/DerivedDataCache/Buckets/LegacyDIST/dd/de/27cfe89ba832aadf16b9da91b0ab71c2117e.udd" 4455
"C:/Users/jessi/AppData/Local/UnrealEngine/Common/DerivedDataCache/Buckets/StaticMesh/e8/2d/0c1b766f4a6b739d804a5f4a9b4b7b2d820d.udd" 4456
"C:/Users/jessi/AppData/Local/UnrealEngine/Common/DerivedDataCache/Buckets/LegacyCARD/a6/4a/5e2b8341b206ea2f32033157c85ecd7a8ed1.udd" 4457
"C:/Users/jessi/AppData/Local/UnrealEngine/Common/DerivedDataCache/Buckets/LegacyNavCollision/e0/b6/be275a8acea695294c148d87d88a6b6598c5.udd" 4458
"C:/Users/jessi/AppData/Local/UnrealEngine/Common/DerivedDataCache/Buckets/BulkDataList/b0/a7/8116f16d4ee30b872f87b90aa576487af915.udd" 4459
"C:/Users/jessi/AppData/Local/UnrealEngine/Common/DerivedDataCache/Buckets/LegacyDIST/6d/7f/eca0786346db0002f759c5ebce64b27d2abe.udd" 4460
"C:/Users/jessi/AppData/Local/UnrealEngine/Common/DerivedDataCache/Buckets/LegacyCARD/7c/2f/08fc117fbfc65b2b583ac5c8b1e2b0304fc2.udd" 4461
"C:/Users/jessi/AppData/Local/UnrealEngine/Common/DerivedDataCache/Buckets/LegacyDIST/74/aa/8b7a179e7933c494dc80ae64fa655304e20f.udd" 4462
"C:/Users/jessi/AppData/Local/UnrealEngine/Common/DerivedDataCache/Buckets/LegacyCARD/a4/14/375df38095fca68ea7dce83f42f47f4f54e4.udd" 4463
"C:/Users/jessi/AppData/Local/UnrealEngine/Common/DerivedDataCache/Buckets/LegacyNavCollision/06/39/2ea834241a7ffdb733e0d2d79e4891ec3fed.udd" 4464
"C:/Users/jessi/AppData/Local/UnrealEngine/Common/DerivedDataCache/Buckets/MaterialShaderMap/b2/85/9f6c3be16c68c138ae52f28371c91aca8634.udd" 4465
"C:/Users/jessi/AppData/Local/UnrealEngine/Common/DerivedDataCache/Buckets/MaterialShaderMap/26/00/f3d8636efe6656fdfc6fd655e095d8b821ff.udd" 4466
"/InterchangeAssets/gltf/MaterialInstances/MI_ClearCoat_Mask_DS" 4467
"/InterchangeAssets/gltf/MaterialInstances/MI_ClearCoat_Opaque_DS" 4468
"/InterchangeAssets/gltf/MaterialInstances/MI_ClearCoat_Blend" 4469
"/InterchangeAssets/gltf/MaterialInstances/MI_ClearCoat_Mask" 4470
"/InterchangeAssets/gltf/MaterialInstances/MI_ClearCoat_Opaque" 4471
"../../../Engine/Plugins/Interchange/Assets/Shaders/ThinFilmFunctions.usf" 4472
"/Engine/EngineSounds/Submixes/MasterReverbSubmixDefault" 4473
"../../../Engine/Plugins/Interchange/Assets/Content/gltf/MaterialInstances/MI_Default_Opaque.uasset" 4474
"../../../Engine/Plugins/Interchange/Assets/Content/gltf/MaterialBodies/MF_Default_Body.uasset" 4475
"../../../Engine/Plugins/Interchange/Assets/Content/gltf/MaterialInstances/MI_Default_Blend_DS.uasset" 4476
"../../../Engine/Plugins/Interchange/Assets/Content/gltf/MaterialInstances/MI_Default_Mask.uasset" 4477
"../../../Engine/Plugins/Interchange/Assets/Content/gltf/MaterialInstances/MI_Sheen_Blend.uasset" 4478
"../../../Engine/Plugins/Interchange/Assets/Content/gltf/MaterialInstances/MI_Sheen_Opaque.uasset" 4479
"../../../Engine/Plugins/Interchange/Assets/Content/gltf/MaterialInstances/MI_Sheen_Opaque_DS.uasset" 4480
"../../../Engine/Plugins/Interchange/Assets/Content/gltf/MaterialBodies/MF_Sheen_Body.uasset" 4481
"../../../Engine/Plugins/Interchange/Assets/Content/gltf/MaterialFunctions/MF_Transmission.uasset" 4482
"../../../Engine/Plugins/Interchange/Assets/Content/gltf/MaterialInstances/MI_Sheen_Blend_DS.uasset" 4483
"../../../Engine/Plugins/Interchange/Assets/Content/gltf/MaterialBodies/MF_Transmission_Body.uasset" 4484
"../../../Engine/Plugins/Interchange/Assets/Content/gltf/MaterialFunctions/MF_Temporal_Blur.uasset" 4485
"../../../Engine/Plugins/Interchange/Assets/Content/gltf/MaterialInstances/MI_Default_Mask_DS.uasset" 4486
"../../../Engine/Plugins/Interchange/Assets/Content/gltf/MaterialInstances/MI_Default_Opaque_DS.uasset" 4487
"../../../Engine/Plugins/Interchange/Assets/Content/gltf/MaterialFunctions/MF_Sheen.uasset" 4488
"../../../Engine/Plugins/Interchange/Assets/Content/gltf/MaterialInstances/MI_Default_Blend.uasset" 4489
"../../../Engine/Plugins/Interchange/Assets/Content/gltf/M_Sheen.uasset" 4490
"../../../Engine/Plugins/Interchange/Assets/Content/gltf/MaterialInstances/MI_Sheen_Mask.uasset" 4491
"../../../Engine/Plugins/Interchange/Assets/Content/gltf/MaterialInstances/MI_Sheen_Mask_DS.uasset" 4492
"../../../Engine/Plugins/Interchange/Assets/Content/gltf/MaterialFunctions/MF_Fresnel_DS.uasset" 4493
"../../../Engine/Plugins/Interchange/Assets/Content/gltf/MaterialInstances/MI_ClearCoat_Blend_DS.uasset" 4494
"../../../Engine/Content/Functions/Engine_MaterialFunctions02/Texturing/ScreenAlignedPixelToPixelUVs.uasset" 4495
"../../../Engine/Plugins/Interchange/Assets/Content/gltf/M_Default.uasset" 4496
"../../../Engine/Plugins/Interchange/Assets/Content/gltf/M_Transmission.uasset" 4497
"../../../Engine/Content/Functions/Engine_MaterialFunctions02/Math/AddComponents.uasset" 4498
"../../../Engine/Plugins/Interchange/Assets/Content/gltf/MaterialInstances/MI_Transmission_DS.uasset" 4499
"../../../Engine/Plugins/Interchange/Assets/Content/gltf/MaterialInstances/MI_Transmission.uasset" 4500
"/Engine/Functions/Engine_MaterialFunctions02/Math/AddComponents" 4501
"/InterchangeAssets/gltf/MaterialInstances/MI_Transmission_DS" 4502
"../../../Engine/Plugins/Interchange/Assets/Content/gltf/MaterialFunctions/MF_PerceivedBrightness.uasset" 4503
"../../../Engine/Plugins/Interchange/Assets/Content/gltf/MaterialFunctions/MF_SpecGlossToMetalRoughness.uasset" 4504
"../../../Engine/Plugins/Interchange/Assets/Content/gltf/MaterialFunctions/MF_MaxComponentValue.uasset" 4505
"../../../Engine/Plugins/Interchange/Assets/Content/gltf/MaterialBodies/MF_SpecularGlossiness_Body.uasset" 4506
"../../../Engine/Plugins/Interchange/Assets/Content/gltf/MaterialFunctions/MF_DiffuseSpecGloss.uasset" 4507
"/InterchangeAssets/gltf/MaterialInstances/MI_Transmission" 4508
"/InterchangeAssets/gltf/MaterialInstances/MI_Sheen_Blend_DS" 4509
"/InterchangeAssets/gltf/MaterialInstances/MI_Sheen_Mask_DS" 4510
"/InterchangeAssets/gltf/MaterialInstances/MI_Sheen_Opaque_DS" 4511
"/InterchangeAssets/gltf/MaterialInstances/MI_Sheen_Blend" 4512
"/InterchangeAssets/gltf/MaterialInstances/MI_Sheen_Mask" 4513
"/InterchangeAssets/gltf/MaterialInstances/MI_Sheen_Opaque" 4514
"/InterchangeAssets/gltf/MaterialInstances/MI_Default_Blend_DS" 4515
"/InterchangeAssets/gltf/MaterialInstances/MI_Default_Mask_DS" 4516
"/InterchangeAssets/gltf/MaterialInstances/MI_Default_Opaque_DS" 4517
"/InterchangeAssets/gltf/MaterialInstances/MI_Default_Blend" 4518
"D:/github test/Gamejam/Content/Characters/Mannequins/Textures/Shared/T_UE_Logo_M.uasset" 4519
"D:/github test/Gamejam/Content/Characters/Mannequins/Textures/Manny/T_Manny_01_MRA.uasset" 4520
"D:/github test/Gamejam/Content/Characters/Mannequins/Textures/Manny/T_Manny_01_BN.uasset" 4521
"D:/github test/Gamejam/Content/Characters/Mannequins/Textures/Manny/T_Manny_01_D.uasset" 4522
"D:/github test/Gamejam/Content/Characters/Mannequins/Materials/M_Mannequin.uasset" 4523
"../../../Engine/Plugins/Interchange/Assets/Content/gltf/MaterialInstances/MI_SpecularGlossiness_Opaque.uasset" 4524
"../../../Engine/Plugins/Interchange/Assets/Content/gltf/MaterialInstances/MI_Unlit_Opaque_DS.uasset" 4525
"../../../Engine/Plugins/Interchange/Assets/Content/gltf/M_Unlit.uasset" 4526
"../../../Engine/Plugins/Interchange/Assets/Content/gltf/MaterialInstances/MI_Unlit_Opaque.uasset" 4527
"../../../Engine/Plugins/Interchange/Assets/Content/gltf/MaterialInstances/MI_SpecularGlossiness_Mask.uasset" 4528
"../../../Engine/Plugins/Interchange/Assets/Content/gltf/MaterialInstances/MI_SpecularGlossiness_Opaque_DS.uasset" 4529
"../../../Engine/Plugins/Interchange/Assets/Content/gltf/MaterialInstances/MI_Unlit_Mask.uasset" 4530
"../../../Engine/Plugins/Interchange/Assets/Content/gltf/MaterialInstances/MI_Unlit_Blend.uasset" 4531
"../../../Engine/Plugins/Interchange/Assets/Content/gltf/MaterialInstances/MI_SpecularGlossiness_Blend_DS.uasset" 4532
"../../../Engine/Plugins/Interchange/Assets/Content/gltf/M_SpecularGlossiness.uasset" 4533
"../../../Engine/Plugins/Interchange/Assets/Content/gltf/MaterialInstances/MI_SpecularGlossiness_Mask_DS.uasset" 4534
"../../../Engine/Plugins/Interchange/Assets/Content/gltf/MaterialBodies/MF_Unlit_Body.uasset" 4535
"../../../Engine/Plugins/Interchange/Assets/Content/gltf/MaterialInstances/MI_SpecularGlossiness_Blend.uasset" 4536
"/InterchangeAssets/gltf/MaterialBodies/MF_SpecularGlossiness_Body" 4537
"/Engine/Functions/Engine_MaterialFunctions01/Units/Km-to-Cm" 4538
"/Game/Characters/Mannequins/Materials/M_Mannequin" 4539
"/InterchangeAssets/gltf/MaterialInstances/MI_ClearCoat_Blend_DS" 4540
"../../Plugins/Interchange/Assets/Content/gltf/M_ClearCoat.uasset" 4541
"../../Plugins/Interchange/Assets/Content/Functions/MF_Iridescence.uasset" 4542
"../../Plugins/Interchange/Assets/Content/gltf/MaterialBodies/MF_ClearCoat_Body.uasset" 4543
"../../Plugins/Interchange/Assets/Content/gltf/MaterialFunctions/MF_Clearcoat.uasset" 4544
"../../Plugins/Interchange/Assets/Content/Utilities/New_LUT.uasset" 4545
"/InterchangeAssets/gltf/MaterialInstances/MI_Default_Mask" 4546
"/InterchangeAssets/gltf/MaterialInstances/MI_Default_Opaque" 4547
"/InterchangeAssets/gltf/MaterialInstances/MI_Unlit_Opaque_DS" 4548
"../../../Engine/Content/Functions/Engine_MaterialFunctions01/Volumetrics/BeersLaw.uasset" 4549
"../../../Engine/Plugins/Interchange/Assets/Content/Functions/MX_TransmissionSurface.uasset" 4550
"../../../Engine/Plugins/Interchange/Assets/Content/Functions/MX_Transmission.uasset" 4551
"../../../Engine/Plugins/Interchange/Assets/Content/gltf/Substrate/M_GLTF.uasset" 4552
"../../../Engine/Content/Functions/Substrate/Substrate-IOR-To-F0.uasset" 4553
"../../../Engine/Plugins/Interchange/Assets/Content/Functions/MF_OrenNayerView.uasset" 4554
"../../../Engine/Plugins/Interchange/Assets/Content/gltf/Substrate/MF_GLTFPBR.uasset" 4555
"../../../Engine/Content/Functions/Substrate/MF_SchlickInternal.uasset" 4556
"../../../Engine/Plugins/Interchange/Assets/Content/Functions/MX_OpenPBR_Opaque.uasset" 4557
"../../../Engine/Plugins/Interchange/Assets/Content/Functions/MX_OpenPBR_Translucent.uasset" 4558
"../../../Engine/Plugins/Interchange/Assets/Content/gltf/MaterialInstances/MI_Unlit_Blend_DS.uasset" 4559
"../../../Engine/Plugins/Interchange/Assets/Content/gltf/MaterialInstances/MI_Unlit_Mask_DS.uasset" 4560
"../../../Engine/Plugins/Animation/ControlRig/Content/Controls/ControlRig_Sphere_solid.uasset" 4561
"../../../Engine/Plugins/Interchange/Assets/Content/Functions/MX_StandardSurface.uasset" 4562
"/InterchangeAssets/gltf/MaterialInstances/MI_Unlit_Blend" 4563
"/InterchangeAssets/gltf/MaterialInstances/MI_Unlit_Mask" 4564
"/InterchangeAssets/gltf/MaterialInstances/MI_Unlit_Opaque" 4565
"/InterchangeAssets/gltf/MaterialInstances/MI_SpecularGlossiness_Blend_DS" 4566
"/InterchangeAssets/gltf/MaterialInstances/MI_SpecularGlossiness_Mask_DS" 4567
"/InterchangeAssets/gltf/MaterialInstances/MI_SpecularGlossiness_Opaque_DS" 4568
"/InterchangeAssets/gltf/MaterialInstances/MI_SpecularGlossiness_Blend" 4569
"/InterchangeAssets/gltf/MaterialInstances/MI_SpecularGlossiness_Mask" 4570
"/InterchangeAssets/gltf/MaterialInstances/MI_SpecularGlossiness_Opaque" 4571
"/Engine/MapTemplates/SM_Template_Map_Floor" 4572
"/Engine/EngineSky/VolumetricClouds/m_SimpleVolumetricCloud" 4573
"/ControlRig/Controls/ControlRig_Sphere_solid" 4574
"/InterchangeAssets/Functions/MX_OpenPBR_Opaque" 4575
"../../../Engine/Plugins/Animation/ControlRig/Content/Controls/ControlRig_Circle_1mm.uasset" 4576
"../../../Engine/Plugins/Animation/ControlRig/Content/Controls/ControlRig_Circle_solid.uasset" 4577
"../../../Engine/Plugins/Animation/ControlRig/Content/Controls/ControlRig_Arrow_3mm.uasset" 4578
"../../../Engine/Plugins/Animation/ControlRig/Content/Controls/ControlRig_Diamond_1mm.uasset" 4579
"../../../Engine/Plugins/Animation/ControlRig/Content/Controls/ControlRig_Arrow4_3mm.uasset" 4580
"../../../Engine/Plugins/Animation/ControlRig/Content/Controls/ControlRig_Arrow2_1mm.uasset" 4581
"../../../Engine/Plugins/Animation/ControlRig/Content/Controls/ControlRig_Diamond_solid.uasset" 4582
"../../../Engine/Plugins/Animation/ControlRig/Content/Controls/ControlRig_Arrow2_3mm.uasset" 4583
"../../../Engine/Plugins/Animation/ControlRig/Content/Controls/ControlRig_Arrow2_solid.uasset" 4584
"../../../Engine/Plugins/Animation/ControlRig/Content/Controls/ControlRig_Box_solid.uasset" 4585
"../../../Engine/Plugins/Animation/ControlRig/Content/Controls/ControlRig_Circle_3mm.uasset" 4586
"../../../Engine/Plugins/Animation/ControlRig/Content/Controls/ControlRig_Arrow4_solid.uasset" 4587
"../../../Engine/Plugins/Animation/ControlRig/Content/Controls/ControlRig_Arrow_1mm.uasset" 4588
"../../../Engine/Plugins/Animation/ControlRig/Content/Controls/ControlRig_Diamond_3mm.uasset" 4589
"../../../Engine/Plugins/Animation/ControlRig/Content/Controls/ControlRig_Arrow_solid.uasset" 4590
"../../../Engine/Plugins/Animation/ControlRig/Content/Controls/ControlRig_Arrow4_1mm.uasset" 4591
"../../../Engine/Plugins/Animation/ControlRig/Content/Controls/ControlRig_Box_3mm.uasset" 4592
"../../../Engine/Plugins/Animation/ControlRig/Content/Controls/ControlRig_Box_1mm.uasset" 4593
"C:/Users/jessi/AppData/Local/UnrealEngine/Common/DerivedDataCache/Buckets/FShaderJobCacheShaders/26/6e/54a6446aa2b2a5a19949d4ef2daec7968eda.udd" 4594
"C:/Users/jessi/AppData/Local/UnrealEngine/Common/DerivedDataCache/Buckets/FShaderJobCacheShaders/5d/58/83326239bfc56bca010b74ed01cd55596148.udd" 4595
"C:/Users/jessi/AppData/Local/UnrealEngine/Common/DerivedDataCache/Buckets/FShaderJobCacheShaders/3b/1d/a1da811eee7066f2abc15339c6ecb93b980a.udd" 4596
"C:/Users/jessi/AppData/Local/UnrealEngine/Common/DerivedDataCache/Buckets/FShaderJobCacheShaders/48/e7/db8500d0012d8a9b20c0fc4d8523db8baa13.udd" 4597
"C:/Users/jessi/AppData/Local/UnrealEngine/Common/DerivedDataCache/Buckets/FShaderJobCacheShaders/e5/c0/29f1a98ca0081fdea0045f4a6e7940985cb9.udd" 4598
"C:/Users/jessi/AppData/Local/UnrealEngine/Common/DerivedDataCache/Buckets/FShaderJobCacheShaders/2c/d7/ba90eb8fb330c2e247c94117ff8152bf9604.udd" 4599
"C:/Users/jessi/AppData/Local/UnrealEngine/Common/DerivedDataCache/Buckets/FShaderJobCacheShaders/66/58/dd66c5c257d3094eea7a4fa0328828056ade.udd" 4600
"/InterchangeAssets/Functions/MX_OpenPBR_Translucent" 4601
"/InterchangeAssets/gltf/Substrate/M_GLTF" 4602
"/InterchangeAssets/gltf/MaterialInstances/MI_Unlit_Blend_DS" 4603
"/InterchangeAssets/gltf/MaterialInstances/MI_Unlit_Mask_DS" 4604
"/ControlRig/Controls/ControlRig_Diamond_solid" 4605
"/ControlRig/Controls/ControlRig_Diamond_3mm" 4606
"/ControlRig/Controls/ControlRig_Diamond_1mm" 4607
"/ControlRig/Controls/ControlRig_Circle_solid" 4608
"/ControlRig/Controls/ControlRig_Circle_3mm" 4609
"/ControlRig/Controls/ControlRig_Circle_1mm" 4610
"/ControlRig/Controls/ControlRig_Box_solid" 4611
"/ControlRig/Controls/ControlRig_Box_3mm" 4612
"/ControlRig/Controls/ControlRig_Box_1mm" 4613
"/ControlRig/Controls/ControlRig_Arrow_solid" 4614
"/ControlRig/Controls/ControlRig_Arrow_3mm" 4615
"../../../Engine/Plugins/Animation/ControlRig/Content/Controls/ControlRig_HalfCircle_solid.uasset" 4616
"../../../Engine/Plugins/Animation/ControlRig/Content/Controls/ControlRig_HalfCircle_3mm.uasset" 4617
"../../../Engine/Plugins/Animation/ControlRig/Content/Controls/ControlRig_HalfCircle_1mm.uasset" 4618
"../../../Engine/Plugins/Animation/ControlRig/Content/Controls/ControlRig_Hexagon_solid.uasset" 4619
"../../../Engine/Plugins/Animation/ControlRig/Content/Controls/ControlRig_Pyramid_solid.uasset" 4620
"../../../Engine/Plugins/Animation/ControlRig/Content/Controls/ControlRig_Pyramid_1mm.uasset" 4621
"../../../Engine/Plugins/Animation/ControlRig/Content/Controls/ControlRig_Hexagon_3mm.uasset" 4622
"../../../Engine/Plugins/Animation/ControlRig/Content/Controls/ControlRig_Octagon_1mm.uasset" 4623
"../../../Engine/Plugins/Animation/ControlRig/Content/Controls/ControlRig_Octagon_solid.uasset" 4624
"../../../Engine/Plugins/Animation/ControlRig/Content/Controls/ControlRig_QuarterCircle_1mm.uasset" 4625
"../../../Engine/Plugins/Animation/ControlRig/Content/Controls/ControlRig_QuarterCircle_3mm.uasset" 4626
"../../../Engine/Plugins/Animation/ControlRig/Content/Controls/ControlRig_Pyramid_3mm.uasset" 4627
"../../../Engine/Plugins/Animation/ControlRig/Content/Controls/ControlRig_Hexagon_1mm.uasset" 4628
"../../../Engine/Plugins/Animation/ControlRig/Content/Controls/ControlRig_Octagon_3mm.uasset" 4629
"/ControlRig/Controls/ControlRig_Arrow_1mm" 4630
"/ControlRig/Controls/ControlRig_Arrow4_solid" 4631
"/ControlRig/Controls/ControlRig_Arrow4_3mm" 4632
"/ControlRig/Controls/ControlRig_Arrow4_1mm" 4633
"/ControlRig/Controls/ControlRig_Arrow2_solid" 4634
"/ControlRig/Controls/ControlRig_Arrow2_3mm" 4635
"/ControlRig/Controls/ControlRig_Arrow2_1mm" 4636
"/ControlRig/Controls/ControlRig_QuarterCircle_3mm" 4637
"/ControlRig/Controls/ControlRig_QuarterCircle_1mm" 4638
"/ControlRig/Controls/ControlRig_Pyramid_solid" 4639
"/ControlRig/Controls/ControlRig_Pyramid_3mm" 4640
"/ControlRig/Controls/ControlRig_Pyramid_1mm" 4641
"/ControlRig/Controls/ControlRig_Octagon_solid" 4642
"/ControlRig/Controls/ControlRig_Octagon_3mm" 4643
"/ControlRig/Controls/ControlRig_Octagon_1mm" 4644
"/ControlRig/Controls/ControlRig_Hexagon_solid" 4645
"/ControlRig/Controls/ControlRig_Hexagon_3mm" 4646
"/ControlRig/Controls/ControlRig_Hexagon_1mm" 4647
"/ControlRig/Controls/ControlRig_HalfCircle_solid" 4648
"/ControlRig/Controls/ControlRig_HalfCircle_3mm" 4649
"/ControlRig/Controls/ControlRig_HalfCircle_1mm" 4650
"../../../Engine/Plugins/Animation/ControlRig/Content/Controls/ControlRig_Triangle_3mm.uasset" 4651
"../../../Engine/Plugins/Animation/ControlRig/Content/Controls/ControlRig_Star4_3mm.uasset" 4652
"../../../Engine/Plugins/Animation/ControlRig/Content/Controls/ControlRig_Sphere_3mm.uasset" 4653
"../../../Engine/Plugins/Animation/ControlRig/Content/Controls/ControlRig_Star4_1mm.uasset" 4654
"../../../Engine/Plugins/Animation/ControlRig/Content/Controls/ControlRig_Square_3mm.uasset" 4655
"../../../Engine/Plugins/Animation/ControlRig/Content/Controls/ControlRig_Sphere_1mm.uasset" 4656
"../../../Engine/Plugins/Animation/ControlRig/Content/Controls/ControlRig_RoundedTriangle_1mm.uasset" 4657
"../../../Engine/Plugins/Animation/ControlRig/Content/Controls/ControlRig_RoundedTriangle_3mm.uasset" 4658
"../../../Engine/Plugins/Animation/ControlRig/Content/Controls/ControlRig_RoundedTriangle_solid.uasset" 4659
"../../../Engine/Plugins/Animation/ControlRig/Content/Controls/ControlRig_Triangle_solid.uasset" 4660
"../../../Engine/Plugins/Animation/ControlRig/Content/Controls/ControlRig_QuarterCircle_solid.uasset" 4661
"../../../Engine/Plugins/Animation/ControlRig/Content/Controls/ControlRig_RoundedSquare_1mm.uasset" 4662
"../../../Engine/Plugins/Animation/ControlRig/Content/Controls/ControlRig_Square_solid.uasset" 4663
"../../../Engine/Plugins/Animation/ControlRig/Content/Controls/ControlRig_RoundedSquare_3mm.uasset" 4664
"../../../Engine/Plugins/Animation/ControlRig/Content/Controls/ControlRig_Star4_solid.uasset" 4665
"../../../Engine/Plugins/Animation/ControlRig/Content/Controls/ControlRig_Square_1mm.uasset" 4666
"../../../Engine/Plugins/Animation/ControlRig/Content/Controls/ControlRig_RoundedSquare_solid.uasset" 4667
"../../../Engine/Plugins/Animation/ControlRig/Content/Controls/ControlRig_Triangle_1mm.uasset" 4668
"../../../Engine/Plugins/Animation/ControlRig/Content/Controls/ControlRig_Wedge_3mm.uasset" 4669
"../../../Engine/Content/Maps/Entry_BuiltData.uasset" 4670
"../../../Engine/Plugins/Animation/ControlRig/Content/Controls/ControlRig_Wedge_1mm.uasset" 4671
"../../../Engine/Plugins/Animation/ControlRig/Content/Controls/ControlRig_Wedge_solid.uasset" 4672
"../../../Engine/Content/Maps/Entry.umap" 4673
"/ControlRig/Controls/ControlRig_Triangle_solid" 4674
"/ControlRig/Controls/ControlRig_Triangle_3mm" 4675
"/Game/Characters/Mannequins/Anims/Unarmed/Jump/MM_Fall_Loop" 4676
"/Game/Characters/Mannequins/Anims/Unarmed/Jump/MM_Land" 4677
"/Game/Characters/Mannequins/Anims/Unarmed/Jump/MM_Jump" 4678
"/ControlRig/Controls/ControlRig_Triangle_1mm" 4679
"/ControlRig/Controls/ControlRig_Star4_solid" 4680
"/ControlRig/Controls/ControlRig_Star4_3mm" 4681
"/ControlRig/Controls/ControlRig_Star4_1mm" 4682
"/ControlRig/Controls/ControlRig_Square_solid" 4683
"/ControlRig/Controls/ControlRig_Square_3mm" 4684
"/ControlRig/Controls/ControlRig_Square_1mm" 4685
"/ControlRig/Controls/ControlRig_Sphere_3mm" 4686
"/ControlRig/Controls/ControlRig_Sphere_1mm" 4687
"/ControlRig/Controls/ControlRig_RoundedTriangle_solid" 4688
"/ControlRig/Controls/ControlRig_RoundedTriangle_3mm" 4689
"/ControlRig/Controls/ControlRig_RoundedTriangle_1mm" 4690
"/ControlRig/Controls/ControlRig_RoundedSquare_solid" 4691
"/ControlRig/Controls/ControlRig_RoundedSquare_3mm" 4692
"/ControlRig/Controls/ControlRig_RoundedSquare_1mm" 4693
"/ControlRig/Controls/ControlRig_QuarterCircle_solid" 4694
"/Game/Tiny/Inputs/IMC_Tiny" 4695
"/Engine/Maps/Entry" 4696
"/ControlRig/Controls/ControlRig_Wedge_solid" 4697
"/ControlRig/Controls/ControlRig_Wedge_3mm" 4698
"/ControlRig/Controls/ControlRig_Wedge_1mm" 4699
"D:/github test/Gamejam/Content/Characters/Mannequins/Anims/Unarmed/MM_Idle.uasset" 4700
"D:/github test/Gamejam/Content/Input/Touch/UI_Thumbstick.uasset" 4701
"D:/github test/Gamejam/Content/Camera_HUD.uasset" 4702
"D:/github test/Gamejam/Content/FirstPerson/Anims/CtrlRig_FPWarp.uasset" 4703
"D:/github test/Gamejam/Content/FirstPerson/Anims/ABP_FP_Copy.uasset" 4704
"D:/github test/Gamejam/Content/UMG_Camera.uasset" 4705
"/Engine/EngineSky/M_Sky_Panning_Clouds2" 4706
"/Game/LevelPrototyping/Materials/MF_ProcGrid" 4707
"/Game/UMG_Camera" 4708
"/Game/FirstPerson/Anims/ABP_FP_Copy" 4709
"/Game/Input/Touch/UI_Thumbstick" 4710
"/Game/Characters/Mannequins/Anims/Unarmed/MM_Idle" 4711
"/Game/Characters/Mannequins/Anims/Unarmed/Jog/MF_Unarmed_Jog_Right" 4712
"/Game/Characters/Mannequins/Anims/Unarmed/Jog/MF_Unarmed_Jog_Fwd" 4713
"/Game/Characters/Mannequins/Anims/Unarmed/Jog/MF_Unarmed_Jog_Bwd" 4714
"/Game/Characters/Mannequins/Anims/Unarmed/Jog/MF_Unarmed_Jog_Left" 4715
"/Game/Characters/Mannequins/Anims/Unarmed/Walk/MF_Unarmed_Walk_Bwd" 4716
"/Game/Characters/Mannequins/Anims/Unarmed/Walk/MF_Unarmed_Walk_Fwd" 4717
"/Game/Characters/Mannequins/Anims/Unarmed/Walk/MF_Unarmed_Walk_Right" 4718
"/Game/Characters/Mannequins/Anims/Unarmed/Walk/MF_Unarmed_Walk_Fwd_Left" 4719
"/Game/Characters/Mannequins/Anims/Unarmed/Walk/MF_Unarmed_Walk_Left" 4720
"/Game/Characters/Mannequins/Anims/Unarmed/Walk/MF_Unarmed_Walk_Fwd_Right" 4721
"D:/github test/Gamejam/Content/Input/Actions/IA_MouseLook.uasset" 4722
"D:/github test/Gamejam/Content/Input/Actions/IA_Look.uasset" 4723
"D:/github test/Gamejam/Content/Input/Actions/IA_Move.uasset" 4724
"D:/github test/Gamejam/Content/Input/Actions/IA_Jump.uasset" 4725
"D:/github test/Gamejam/Content/Input/IA_Zoom.uasset" 4726
"D:/github test/Gamejam/Content/Input/IA_Capture.uasset" 4727
"D:/github test/Gamejam/Content/Input/IMC_Viewfinder.uasset" 4728
"D:/github test/Gamejam/Content/M_RT_Photo.uasset" 4729
"D:/github test/Gamejam/Content/RT_Photo1.uasset" 4730
"D:/github test/Gamejam/Content/LevelPrototyping/Materials/M_FlatCol.uasset" 4731
"D:/github test/Gamejam/Content/LevelPrototyping/Materials/MI_DefaultColorway.uasset" 4732
"../../../Engine/Content/EditorMaterials/PreviewShadowIndicator.uasset" 4733
"../../../Engine/Content/EditorMaterials/PreviewShadowIndicatorMaterial.uasset" 4734
"../../../Engine/Content/EngineMaterials/Substrate/GLints/dict_16_192_64_0p5_0p02_0063_0011.uasset" 4735
"../../../Engine/Content/EngineMaterials/Substrate/GLints/dict_16_192_64_0p5_0p02_0063_0010.uasset" 4736
"../../../Engine/Content/EngineMaterials/Substrate/GLints/dict_16_192_64_0p5_0p02_0063_0015.uasset" 4737
"../../../Engine/Content/EngineMaterials/Substrate/GLints/dict_16_192_64_0p5_0p02_0063_0014.uasset" 4738
"../../../Engine/Content/EngineMaterials/Substrate/GLints/dict_16_192_64_0p5_0p02_0063_0005.uasset" 4739
"../../../Engine/Content/EngineMaterials/Substrate/GLints/dict_16_192_64_0p5_0p02_0063_0012.uasset" 4740
"../../../Engine/Content/EngineMaterials/Substrate/GLints/dict_16_192_64_0p5_0p02_0063_0013.uasset" 4741
"../../../Engine/Content/EngineMaterials/Substrate/GLints/dict_16_192_64_0p5_0p02_0063_0008.uasset" 4742
"../../../Engine/Content/EngineMaterials/Substrate/GLints/dict_16_192_64_0p5_0p02_0063_0009.uasset" 4743
"../../../Engine/Content/EngineMaterials/Substrate/GLints/dict_16_192_64_0p5_0p02_0063_0006.uasset" 4744
"../../../Engine/Content/EngineMaterials/Substrate/GLints/dict_16_192_64_0p5_0p02_0063_0007.uasset" 4745
"/Engine/EngineMaterials/Substrate/GLints/dict_16_192_64_0p5_0p02_0063_0005" 4746
"/Engine/EngineMaterials/Substrate/GLints/dict_16_192_64_0p5_0p02_0063_0006" 4747
"/Engine/EngineMaterials/Substrate/GLints/dict_16_192_64_0p5_0p02_0063_0007" 4748
"/Engine/EngineMaterials/Substrate/GLints/dict_16_192_64_0p5_0p02_0063_0008" 4749
"/Engine/EngineMaterials/Substrate/GLints/dict_16_192_64_0p5_0p02_0063_0009" 4750
"/Engine/EngineMaterials/Substrate/GLints/dict_16_192_64_0p5_0p02_0063_0013" 4751
"/Engine/EngineMaterials/Substrate/GLints/dict_16_192_64_0p5_0p02_0063_0014" 4752
"/Engine/EngineMaterials/Substrate/GLints/dict_16_192_64_0p5_0p02_0063_0015" 4753
"/Engine/EditorMaterials/PreviewShadowIndicatorMaterial" 4754
"/Game/LevelPrototyping/Materials/MI_DefaultColorway" 4755
"/Game/M_RT_Photo" 4756
"/Game/Input/IA_Capture" 4757
"/Engine/EngineMaterials/Substrate/GLints/dict_16_192_64_0p5_0p02_0063_0010" 4758
"/Game/Input/IMC_Viewfinder" 4759
"/Game/Input/Actions/IA_Jump" 4760
"/Game/Input/Actions/IA_Move" 4761
"/Engine/EngineMaterials/Substrate/GLints/dict_16_192_64_0p5_0p02_0063_0011" 4762
"/Engine/EngineMaterials/Substrate/GLints/dict_16_192_64_0p5_0p02_0063_0012" 4763
"/Game/Input/Actions/IA_Look" 4764
"/Game/Input/Actions/IA_MouseLook" 4765
"C:/Users/jessi/AppData/Local/UnrealEngine/Common/DerivedDataCache/Buckets/FShaderJobCacheShaders/36/25/46b3182c63f087d13ce848596a1ba0c2ca07.udd" 4766
"/Game/Characters/Mannequins/Anims/Unarmed/Jog/MF_Unarmed_Jog_Fwd_Right" 4767
"C:/Users/jessi/AppData/Local/UnrealEngine/Common/DerivedDataCache/Buckets/FShaderJobCacheShaders/89/d1/56c9803fe65b2c6a92594bfb0627a26100cd.udd" 4768
"C:/Users/jessi/AppData/Local/UnrealEngine/Common/DerivedDataCache/Buckets/FShaderJobCacheShaders/d3/d2/d0cbe385702accb76a34796bb9317c3e80ae.udd" 4769
"/Game/Characters/Mannequins/Anims/Unarmed/Jog/MF_Unarmed_Jog_Fwd_Left" 4770
"/Game/Characters/Mannequins/Anims/Unarmed/Jog/MF_Unarmed_Jog_Bwd_Left" 4771
"/Game/Characters/Mannequins/Anims/Unarmed/Jog/MF_Unarmed_Jog_Bwd_Right" 4772
"/Game/Characters/Mannequins/Anims/Unarmed/Walk/MF_Unarmed_Walk_Bwd_Left" 4773
"/Game/Characters/Mannequins/Anims/Unarmed/Walk/MF_Unarmed_Walk_Bwd_Right" 4774
"/Game/Input/IMC_Default" 4775
"/Game/Input/IMC_MouseLook" 4776
"../../../Engine/Content/EngineMaterials/Substrate/GLints/dict_16_192_64_0p5_0p02_0063_0004.uasset" 4777
"../../../Engine/Content/EngineMaterials/Substrate/GLints/dict_16_192_64_0p5_0p02_0063_0002.uasset" 4778
"../../../Engine/Content/EngineMaterials/Substrate/GLints/dict_16_192_64_0p5_0p02_0063_0000.uasset" 4779
"../../../Engine/Content/EngineMaterials/Substrate/GLints/dict_16_192_64_0p5_0p02_0062_0010.uasset" 4780
"../../../Engine/Content/EngineMaterials/Substrate/GLints/dict_16_192_64_0p5_0p02_0062_0008.uasset" 4781
"../../../Engine/Content/EngineMaterials/Substrate/GLints/dict_16_192_64_0p5_0p02_0062_0005.uasset" 4782
"../../../Engine/Content/EngineMaterials/Substrate/GLints/dict_16_192_64_0p5_0p02_0063_0001.uasset" 4783
"../../../Engine/Content/EngineMaterials/Substrate/GLints/dict_16_192_64_0p5_0p02_0063_0003.uasset" 4784
"../../../Engine/Content/EngineMaterials/Substrate/GLints/dict_16_192_64_0p5_0p02_0062_0015.uasset" 4785
"../../../Engine/Content/EngineMaterials/Substrate/GLints/dict_16_192_64_0p5_0p02_0062_0012.uasset" 4786
"../../../Engine/Content/EngineMaterials/Substrate/GLints/dict_16_192_64_0p5_0p02_0062_0007.uasset" 4787
"../../../Engine/Content/EngineMaterials/Substrate/GLints/dict_16_192_64_0p5_0p02_0062_0009.uasset" 4788
"../../../Engine/Content/EngineMaterials/Substrate/GLints/dict_16_192_64_0p5_0p02_0062_0006.uasset" 4789
"../../../Engine/Content/EngineMaterials/Substrate/GLints/dict_16_192_64_0p5_0p02_0062_0002.uasset" 4790
"../../../Engine/Content/EngineMaterials/Substrate/GLints/dict_16_192_64_0p5_0p02_0062_0004.uasset" 4791
"../../../Engine/Content/EngineMaterials/Substrate/GLints/dict_16_192_64_0p5_0p02_0062_0014.uasset" 4792
"../../../Engine/Content/EngineMaterials/Substrate/GLints/dict_16_192_64_0p5_0p02_0062_0013.uasset" 4793
"../../../Engine/Content/EngineMaterials/Substrate/GLints/dict_16_192_64_0p5_0p02_0061_0012.uasset" 4794
"../../../Engine/Content/EngineMaterials/Substrate/GLints/dict_16_192_64_0p5_0p02_0062_0003.uasset" 4795
"../../../Engine/Content/EngineMaterials/Substrate/GLints/dict_16_192_64_0p5_0p02_0062_0011.uasset" 4796
"../../../Engine/Content/EngineMaterials/Substrate/GLints/dict_16_192_64_0p5_0p02_0061_0014.uasset" 4797
"../../../Engine/Content/EngineMaterials/Substrate/GLints/dict_16_192_64_0p5_0p02_0062_0000.uasset" 4798
"../../../Engine/Content/EngineMaterials/Substrate/GLints/dict_16_192_64_0p5_0p02_0062_0001.uasset" 4799
"../../../Engine/Content/EngineMaterials/Substrate/GLints/dict_16_192_64_0p5_0p02_0061_0008.uasset" 4800
"../../../Engine/Content/EngineMaterials/Substrate/GLints/dict_16_192_64_0p5_0p02_0061_0007.uasset" 4801
"../../../Engine/Content/EngineMaterials/Substrate/GLints/dict_16_192_64_0p5_0p02_0061_0015.uasset" 4802
"../../../Engine/Content/EngineMaterials/Substrate/GLints/dict_16_192_64_0p5_0p02_0061_0011.uasset" 4803
"../../../Engine/Content/EngineMaterials/Substrate/GLints/dict_16_192_64_0p5_0p02_0061_0010.uasset" 4804
"../../../Engine/Content/EngineMaterials/Substrate/GLints/dict_16_192_64_0p5_0p02_0061_0013.uasset" 4805
"../../../Engine/Content/EngineMaterials/Substrate/GLints/dict_16_192_64_0p5_0p02_0061_0009.uasset" 4806
"../../../Engine/Content/EngineMaterials/Substrate/GLints/dict_16_192_64_0p5_0p02_0061_0006.uasset" 4807
"../../../Engine/Content/EngineMaterials/Substrate/GLints/dict_16_192_64_0p5_0p02_0061_0005.uasset" 4808
"C:/Users/jessi/AppData/Local/UnrealEngine/Common/DerivedDataCache/Buckets/FShaderJobCacheShaders/d1/4b/8e8579da0a1dc672e07e9e0417f3949f9588.udd" 4809
"C:/Users/jessi/AppData/Local/UnrealEngine/Common/DerivedDataCache/Buckets/FShaderJobCacheShaders/9a/cb/b5e3e023fffcdd26df488aebe6943a8a2f21.udd" 4810
"C:/Users/jessi/AppData/Local/UnrealEngine/Common/DerivedDataCache/Buckets/FShaderJobCacheShaders/9d/c4/e8e39a61d04cf2289cbecf24d738a4dc1919.udd" 4811
"C:/Users/jessi/AppData/Local/UnrealEngine/Common/DerivedDataCache/Buckets/FShaderJobCacheShaders/4f/0e/2a67cb6abb9236ba8142cdc5600f5a5064fd.udd" 4812
"C:/Users/jessi/AppData/Local/UnrealEngine/Common/DerivedDataCache/Buckets/FShaderJobCacheShaders/6c/c9/838a5a844e75e8962688961489f004585f52.udd" 4813
"C:/Users/jessi/AppData/Local/UnrealEngine/Common/DerivedDataCache/Buckets/FShaderJobCacheShaders/aa/56/a39e40911dbe280e41effcb36c554bffabaf.udd" 4814
"C:/Users/jessi/AppData/Local/UnrealEngine/Common/DerivedDataCache/Buckets/FShaderJobCacheShaders/e4/dc/3522310461638827d39f3d643c164f53554f.udd" 4815
"C:/Users/jessi/AppData/Local/UnrealEngine/Common/DerivedDataCache/Buckets/FShaderJobCacheShaders/3b/02/32395843f369afa81a8cea4d4c7ae1e63e51.udd" 4816
"C:/Users/jessi/AppData/Local/UnrealEngine/Common/DerivedDataCache/Buckets/FShaderJobCacheShaders/7d/f8/638752eb3ce60fd93a43cc0db2d6e3f58558.udd" 4817
"C:/Users/jessi/AppData/Local/UnrealEngine/Common/DerivedDataCache/Buckets/FShaderJobCacheShaders/4b/95/96680ca8ac51e5e092089ef15f83b299cf4d.udd" 4818
"C:/Users/jessi/AppData/Local/UnrealEngine/Common/DerivedDataCache/Buckets/FShaderJobCacheShaders/3d/3e/78771763c7824abcfb66a5975c145e1953c7.udd" 4819
"C:/Users/jessi/AppData/Local/UnrealEngine/Common/DerivedDataCache/Buckets/FShaderJobCacheShaders/c3/de/b4b726b36118616ab1ad7434b83f16ac8b1d.udd" 4820
"C:/Users/jessi/AppData/Local/UnrealEngine/Common/DerivedDataCache/Buckets/FShaderJobCacheShaders/62/f1/497cf795876a9e971297b864c0c1083d1d0f.udd" 4821
"C:/Users/jessi/AppData/Local/UnrealEngine/Common/DerivedDataCache/Buckets/FShaderJobCacheShaders/2f/ff/a8848e9d150081c72c32aebb9bb1458b2b8f.udd" 4822
"C:/Users/jessi/AppData/Local/UnrealEngine/Common/DerivedDataCache/Buckets/FShaderJobCacheShaders/9b/d5/93232e4b2c8462de351e00cfab653e221ecb.udd" 4823
"C:/Users/jessi/AppData/Local/UnrealEngine/Common/DerivedDataCache/Buckets/FShaderJobCacheShaders/04/c6/994a9bfdbd43f38d51e4f3e9c4a076d29d5c.udd" 4824
"C:/Users/jessi/AppData/Local/UnrealEngine/Common/DerivedDataCache/Buckets/FShaderJobCacheShaders/6b/72/fa87413f0e5e8818fc45728522301f0effb8.udd" 4825
"C:/Users/jessi/AppData/Local/UnrealEngine/Common/DerivedDataCache/Buckets/FShaderJobCacheShaders/66/fc/eb251c8bb470d8f37b0bcaa7764b1251dd6a.udd" 4826
"C:/Users/jessi/AppData/Local/UnrealEngine/Common/DerivedDataCache/Buckets/FShaderJobCacheShaders/fa/ba/ff033d09019f1ba1feaa8efcd31b7ee4c354.udd" 4827
"C:/Users/jessi/AppData/Local/UnrealEngine/Common/DerivedDataCache/Buckets/FShaderJobCacheShaders/5e/fe/2448cb7ee449b9e0965e3a52498547729eb2.udd" 4828
"C:/Users/jessi/AppData/Local/UnrealEngine/Common/DerivedDataCache/Buckets/FShaderJobCacheShaders/d3/0a/3dff6c833ac4a20b21a3ca7df80c73124f63.udd" 4829
"C:/Users/jessi/AppData/Local/UnrealEngine/Common/DerivedDataCache/Buckets/FShaderJobCacheShaders/97/f0/d3b2436b5c0470310a61a16d26118d2a317a.udd" 4830
"C:/Users/jessi/AppData/Local/UnrealEngine/Common/DerivedDataCache/Buckets/FShaderJobCacheShaders/89/e4/3987753a81bf423f2f3402d3906f811f9ddc.udd" 4831
"C:/Users/jessi/AppData/Local/UnrealEngine/Common/DerivedDataCache/Buckets/FShaderJobCacheShaders/a6/85/1a0a614bc74ebf54dc7a8281fa2c6bdf9067.udd" 4832
"C:/Users/jessi/AppData/Local/UnrealEngine/Common/DerivedDataCache/Buckets/FShaderJobCacheShaders/74/fa/da4b5caffb64eb9331ca6d6060f5a76f874e.udd" 4833
"/Engine/EngineMaterials/Substrate/GLints/dict_16_192_64_0p5_0p02_0061_0005" 4834
"/Engine/EngineMaterials/Substrate/GLints/dict_16_192_64_0p5_0p02_0061_0006" 4835
"C:/Users/jessi/AppData/Local/UnrealEngine/Common/DerivedDataCache/Buckets/FShaderJobCacheShaders/a5/ec/f9aec662f758375a95c00cd9c22b24b29aa9.udd" 4836
"/Engine/EngineMaterials/Substrate/GLints/dict_16_192_64_0p5_0p02_0061_0007" 4837
"/Engine/EngineMaterials/Substrate/GLints/dict_16_192_64_0p5_0p02_0061_0008" 4838
"/Engine/EngineMaterials/Substrate/GLints/dict_16_192_64_0p5_0p02_0061_0009" 4839
"/Engine/EngineMaterials/Substrate/GLints/dict_16_192_64_0p5_0p02_0061_0010" 4840
"/Engine/EngineMaterials/Substrate/GLints/dict_16_192_64_0p5_0p02_0061_0011" 4841
"/Engine/EngineMaterials/Substrate/GLints/dict_16_192_64_0p5_0p02_0061_0012" 4842
"/Engine/EngineMaterials/Substrate/GLints/dict_16_192_64_0p5_0p02_0061_0013" 4843
"/Engine/EngineMaterials/Substrate/GLints/dict_16_192_64_0p5_0p02_0061_0014" 4844
"/Engine/EngineMaterials/Substrate/GLints/dict_16_192_64_0p5_0p02_0061_0015" 4845
"/Engine/EngineMaterials/Substrate/GLints/dict_16_192_64_0p5_0p02_0062_0000" 4846
"/Engine/EngineMaterials/Substrate/GLints/dict_16_192_64_0p5_0p02_0062_0001" 4847
"/Engine/EngineMaterials/Substrate/GLints/dict_16_192_64_0p5_0p02_0062_0002" 4848
"/Engine/EngineMaterials/Substrate/GLints/dict_16_192_64_0p5_0p02_0062_0003" 4849
"/Engine/EngineMaterials/Substrate/GLints/dict_16_192_64_0p5_0p02_0062_0004" 4850
"/Engine/EngineMaterials/Substrate/GLints/dict_16_192_64_0p5_0p02_0062_0005" 4851
"/Engine/EngineMaterials/Substrate/GLints/dict_16_192_64_0p5_0p02_0062_0006" 4852
"/Engine/EngineMaterials/Substrate/GLints/dict_16_192_64_0p5_0p02_0062_0007" 4853
"/Engine/EngineMaterials/Substrate/GLints/dict_16_192_64_0p5_0p02_0062_0008" 4854
"/Engine/EngineMaterials/Substrate/GLints/dict_16_192_64_0p5_0p02_0062_0009" 4855
"/Engine/EngineMaterials/Substrate/GLints/dict_16_192_64_0p5_0p02_0062_0010" 4856
"/Engine/EngineMaterials/Substrate/GLints/dict_16_192_64_0p5_0p02_0062_0011" 4857
"C:/Users/jessi/AppData/Local/UnrealEngine/Common/DerivedDataCache/Buckets/FShaderJobCacheShaders/02/a1/481409272e812e8c3739887b4834add02882.udd" 4858
"/Engine/EngineMaterials/Substrate/GLints/dict_16_192_64_0p5_0p02_0062_0012" 4859
"/Engine/EngineMaterials/Substrate/GLints/dict_16_192_64_0p5_0p02_0062_0013" 4860
"/Engine/EngineMaterials/Substrate/GLints/dict_16_192_64_0p5_0p02_0062_0014" 4861
"/Engine/EngineMaterials/Substrate/GLints/dict_16_192_64_0p5_0p02_0062_0015" 4862
"C:/Users/jessi/AppData/Local/UnrealEngine/Common/DerivedDataCache/Buckets/FShaderJobCacheShaders/af/58/be2dabf754b92558144bc23aaf1336e80e3c.udd" 4863
"/Engine/EngineMaterials/Substrate/GLints/dict_16_192_64_0p5_0p02_0063_0000" 4864
"/Engine/EngineMaterials/Substrate/GLints/dict_16_192_64_0p5_0p02_0063_0001" 4865
"C:/Users/jessi/AppData/Local/UnrealEngine/Common/DerivedDataCache/Buckets/FShaderJobCacheShaders/7a/a0/c04a077da18edf972d1c767886624d61a269.udd" 4866
"/Engine/EngineMaterials/Substrate/GLints/dict_16_192_64_0p5_0p02_0063_0002" 4867
"/Engine/EngineMaterials/Substrate/GLints/dict_16_192_64_0p5_0p02_0063_0003" 4868
"/Engine/EngineMaterials/Substrate/GLints/dict_16_192_64_0p5_0p02_0063_0004" 4869
"C:/Users/jessi/AppData/Local/UnrealEngine/Common/DerivedDataCache/Buckets/FShaderJobCacheShaders/31/57/21ef0d2c574e7a7e4162b5158ef099f8807a.udd" 4870
"C:/Users/jessi/AppData/Local/UnrealEngine/Common/DerivedDataCache/Buckets/FShaderJobCacheShaders/75/42/8e1aec910cf9301b2ffe084400c0c75de90a.udd" 4871
"C:/Users/jessi/AppData/Local/UnrealEngine/Common/DerivedDataCache/Buckets/FShaderJobCacheShaders/d2/9e/54f78b336dc8a40464366a5a940de5273c8a.udd" 4872
"C:/Users/jessi/AppData/Local/UnrealEngine/Common/DerivedDataCache/Buckets/FShaderJobCacheShaders/47/22/443eeb8658422e32f2468e91a411d526b52c.udd" 4873
"C:/Users/jessi/AppData/Local/UnrealEngine/Common/DerivedDataCache/Buckets/FShaderJobCacheShaders/7a/7c/4838ed731b0e2f0efc96eaaa9e1b2d745560.udd" 4874
"C:/Users/jessi/AppData/Local/UnrealEngine/Common/DerivedDataCache/Buckets/FShaderJobCacheShaders/f5/53/9b6113ef67ebb8282a36bb97a42f6d6cd0b1.udd" 4875
"C:/Users/jessi/AppData/Local/UnrealEngine/Common/DerivedDataCache/Buckets/FShaderJobCacheShaders/f5/08/00ef3754f72b301d136c90ee04ad47b21b5b.udd" 4876
"C:/Users/jessi/AppData/Local/UnrealEngine/Common/DerivedDataCache/Buckets/FShaderJobCacheShaders/f6/91/d210252ee78273a04c892231714e95910df3.udd" 4877
"C:/Users/jessi/AppData/Local/UnrealEngine/Common/DerivedDataCache/Buckets/FShaderJobCacheShaders/c2/b7/3eb4faaadbb1d711569ba0cacbb5b8455391.udd" 4878
"C:/Users/jessi/AppData/Local/UnrealEngine/Common/DerivedDataCache/Buckets/FShaderJobCacheShaders/68/df/c3640799eebcdc052c9f601bb285cbc4911a.udd" 4879
"C:/Users/jessi/AppData/Local/UnrealEngine/Common/DerivedDataCache/Buckets/FShaderJobCacheShaders/fb/4e/8fbdb98240d3bcb8b7e8b68fe4244301484d.udd" 4880
"C:/Users/jessi/AppData/Local/UnrealEngine/Common/DerivedDataCache/Buckets/FShaderJobCacheShaders/3c/94/92aeb7a300589f9aeee20863f947a1caa3be.udd" 4881
"C:/Users/jessi/AppData/Local/UnrealEngine/Common/DerivedDataCache/Buckets/FShaderJobCacheShaders/db/76/4941559f2911cf0dbe67fa5250cee56f5d95.udd" 4882
"C:/Users/jessi/AppData/Local/UnrealEngine/Common/DerivedDataCache/Buckets/FShaderJobCacheShaders/fc/a4/3ef7a23f46a50cb7f5c6bc7362afd3edd67e.udd" 4883
"C:/Users/jessi/AppData/Local/UnrealEngine/Common/DerivedDataCache/Buckets/FShaderJobCacheShaders/9f/01/65c01c5cac827ecfba2ab4d9cd8d7a5c9c51.udd" 4884
"C:/Users/jessi/AppData/Local/UnrealEngine/Common/DerivedDataCache/Buckets/FShaderJobCacheShaders/c6/b2/21fb29618f1fa449ddd757023602cba4f4c5.udd" 4885
"C:/Users/jessi/AppData/Local/UnrealEngine/Common/DerivedDataCache/Buckets/FShaderJobCacheShaders/7d/b8/92dc720ff4cfb96e76d959ada27c0f6fe8cc.udd" 4886
"C:/Users/jessi/AppData/Local/UnrealEngine/Common/DerivedDataCache/Buckets/FShaderJobCacheShaders/87/58/451c597f41cf98ba38f0316790f0f548f45a.udd" 4887
"C:/Users/jessi/AppData/Local/UnrealEngine/Common/DerivedDataCache/Buckets/FShaderJobCacheShaders/f6/30/efa21cd80b4bee8bf3d102374a18802cbd35.udd" 4888
"C:/Users/jessi/AppData/Local/UnrealEngine/Common/DerivedDataCache/Buckets/FShaderJobCacheShaders/40/8c/42ae9bad60100dee067b6e7311ca61cac904.udd" 4889
"C:/Users/jessi/AppData/Local/UnrealEngine/Common/DerivedDataCache/Buckets/FShaderJobCacheShaders/33/e5/27fea3a15dd2e9e34a4dcbf8c0e2af26ec90.udd" 4890
"C:/Users/jessi/AppData/Local/UnrealEngine/Common/DerivedDataCache/Buckets/FShaderJobCacheShaders/29/7c/48f9fe573b58adb0d60526dd22e3dc909459.udd" 4891
"C:/Users/jessi/AppData/Local/UnrealEngine/Common/DerivedDataCache/Buckets/FShaderJobCacheShaders/4f/73/abfc426023a95837ceb083db8bc1f6b36c3f.udd" 4892
"C:/Users/jessi/AppData/Local/UnrealEngine/Common/DerivedDataCache/Buckets/FShaderJobCacheShaders/75/c9/80feb0da0126ca080e8f1f6fb509b7bda31d.udd" 4893
"C:/Users/jessi/AppData/Local/UnrealEngine/Common/DerivedDataCache/Buckets/FShaderJobCacheShaders/bf/4f/edeaefdd7159118e758e2bf886f07fffc400.udd" 4894
"C:/Users/jessi/AppData/Local/UnrealEngine/Common/DerivedDataCache/Buckets/FShaderJobCacheShaders/dd/fe/d8d037d1acf332f9ff53fb8bc16e469e80c1.udd" 4895
"C:/Users/jessi/AppData/Local/UnrealEngine/Common/DerivedDataCache/Buckets/FShaderJobCacheShaders/a5/8a/432a5d81a4fabc01ffd20abb2b57be5fb517.udd" 4896
"C:/Users/jessi/AppData/Local/UnrealEngine/Common/DerivedDataCache/Buckets/FShaderJobCacheShaders/09/70/3553bac216a28d52508e35fc3760fa2a9750.udd" 4897
"C:/Users/jessi/AppData/Local/UnrealEngine/Common/DerivedDataCache/Buckets/FShaderJobCacheShaders/d2/52/c02b85c1b0c11f07899255e0def9bcae32a2.udd" 4898
"C:/Users/jessi/AppData/Local/UnrealEngine/Common/DerivedDataCache/Buckets/FShaderJobCacheShaders/fb/3b/4fd5b607e7d3dc9d5573424117b54ed94b95.udd" 4899
"C:/Users/jessi/AppData/Local/UnrealEngine/Common/DerivedDataCache/Buckets/FShaderJobCacheShaders/e6/01/0d113e7a3009eea963a6ab759856eb7f54ae.udd" 4900
"C:/Users/jessi/AppData/Local/UnrealEngine/Common/DerivedDataCache/Buckets/FShaderJobCacheShaders/38/44/9b598f9fe8a69262d175133606961f4bcf70.udd" 4901
"C:/Users/jessi/AppData/Local/UnrealEngine/Common/DerivedDataCache/Buckets/FShaderJobCacheShaders/fc/31/e7d6fac9807926cacbf1eabc6b280e7a1d64.udd" 4902
"C:/Users/jessi/AppData/Local/UnrealEngine/Common/DerivedDataCache/Buckets/FShaderJobCacheShaders/af/d4/6f1626986a8c9272da6e44b5ec5f8604afe6.udd" 4903
"C:/Users/jessi/AppData/Local/UnrealEngine/Common/DerivedDataCache/Buckets/FShaderJobCacheShaders/67/d7/fb978fa4c6adef6406198f7ca286befcb4bc.udd" 4904
"C:/Users/jessi/AppData/Local/UnrealEngine/Common/DerivedDataCache/Buckets/FShaderJobCacheShaders/de/2e/c0f12bc442b1ec6936e00df46ec96d95fb06.udd" 4905
"C:/Users/jessi/AppData/Local/UnrealEngine/Common/DerivedDataCache/Buckets/FShaderJobCacheShaders/7d/dc/409b3293535b6e534f2aa6f0976fec47ece1.udd" 4906
"C:/Users/jessi/AppData/Local/UnrealEngine/Common/DerivedDataCache/Buckets/FShaderJobCacheShaders/c5/d0/fbdd64fc96052a7ed9b5910d31cfd8c1f4d6.udd" 4907
"C:/Users/jessi/AppData/Local/UnrealEngine/Common/DerivedDataCache/Buckets/FShaderJobCacheShaders/6e/93/cc85805a3f25d851d934ed6f5fdd8ce8536a.udd" 4908
"C:/Users/jessi/AppData/Local/UnrealEngine/Common/DerivedDataCache/Buckets/FShaderJobCacheShaders/a8/f2/9b5a6425f8e1bcebb493e53cab605a0cb98a.udd" 4909
"C:/Users/jessi/AppData/Local/UnrealEngine/Common/DerivedDataCache/Buckets/FShaderJobCacheShaders/30/c4/71655b5293d06f3d9ec57e5ca164309d0589.udd" 4910
"C:/Users/jessi/AppData/Local/UnrealEngine/Common/DerivedDataCache/Buckets/FShaderJobCacheShaders/b7/ac/8457a0a7b75d928ddea8b755832cdf54c160.udd" 4911
"C:/Users/jessi/AppData/Local/UnrealEngine/Common/DerivedDataCache/Buckets/FShaderJobCacheShaders/1f/fe/316d65a8a00ec7cf3600a4b131d5868153a3.udd" 4912
"C:/Users/jessi/AppData/Local/UnrealEngine/Common/DerivedDataCache/Buckets/FShaderJobCacheShaders/32/4f/a5acb9f6219fb3e6f4322b71f70c6c74f88e.udd" 4913
"C:/Users/jessi/AppData/Local/UnrealEngine/Common/DerivedDataCache/Buckets/FShaderJobCacheShaders/62/69/fe984dea4653b7985a006209a41b63af3b80.udd" 4914
"C:/Users/jessi/AppData/Local/UnrealEngine/Common/DerivedDataCache/Buckets/FShaderJobCacheShaders/c6/30/6e7292dd45fbcb47fb2f15a18d5d725d51d9.udd" 4915
"C:/Users/jessi/AppData/Local/UnrealEngine/Common/DerivedDataCache/Buckets/FShaderJobCacheShaders/14/2b/caae7a07a2695384346913190471e756c1d8.udd" 4916
"C:/Users/jessi/AppData/Local/UnrealEngine/Common/DerivedDataCache/Buckets/FShaderJobCacheShaders/59/09/b0fdbf96a2912179ed43768698e83ed8e888.udd" 4917
"C:/Users/jessi/AppData/Local/UnrealEngine/Common/DerivedDataCache/Buckets/FShaderJobCacheShaders/22/20/a0567f8ba8d30a8de4643e0e1759c5eef88a.udd" 4918
"C:/Users/jessi/AppData/Local/UnrealEngine/Common/DerivedDataCache/Buckets/FShaderJobCacheShaders/14/f6/b9c83209d365f2a21fe12f568363c48f58b7.udd" 4919
"C:/Users/jessi/AppData/Local/UnrealEngine/Common/DerivedDataCache/Buckets/FShaderJobCacheShaders/73/1c/2821d1bc8d0085e2b4a659f72cb48c0a7cbf.udd" 4920
"C:/Users/jessi/AppData/Local/UnrealEngine/Common/DerivedDataCache/Buckets/FShaderJobCacheShaders/5c/34/e0031d7fd0984e02301890a509f43852660a.udd" 4921
"C:/Users/jessi/AppData/Local/UnrealEngine/Common/DerivedDataCache/Buckets/FShaderJobCacheShaders/2d/27/8927e3c6c67c1b18f954627ce46478d19b0d.udd" 4922
"C:/Users/jessi/AppData/Local/UnrealEngine/Common/DerivedDataCache/Buckets/FShaderJobCacheShaders/87/19/b00df50320d6974b0fc34c92b213c4737b0e.udd" 4923
"C:/Users/jessi/AppData/Local/UnrealEngine/Common/DerivedDataCache/Buckets/FShaderJobCacheShaders/b7/b4/1a2445360badde9803f1e05d1e84d920fb92.udd" 4924
"C:/Users/jessi/AppData/Local/UnrealEngine/Common/DerivedDataCache/Buckets/FShaderJobCacheShaders/0b/de/6584422c24984a3f6588f61542f49dafa07b.udd" 4925
"C:/Users/jessi/AppData/Local/UnrealEngine/Common/DerivedDataCache/Buckets/FShaderJobCacheShaders/c3/d0/19ed799ee3e2561c9d48e47c4c04b2ce4aa0.udd" 4926
"C:/Users/jessi/AppData/Local/UnrealEngine/Common/DerivedDataCache/Buckets/FShaderJobCacheShaders/1e/bd/9d77605c28ccebc5cf568e0ad26e6bc2a0f0.udd" 4927
"C:/Users/jessi/AppData/Local/UnrealEngine/Common/DerivedDataCache/Buckets/FShaderJobCacheShaders/8a/7f/8e55f4e5e9b46dff128acbfe0c1e56339702.udd" 4928
"C:/Users/jessi/AppData/Local/UnrealEngine/Common/DerivedDataCache/Buckets/FShaderJobCacheShaders/ca/d6/1f2643df56a37b77c47e2edf6ebb9041a0d6.udd" 4929
"C:/Users/jessi/AppData/Local/UnrealEngine/Common/DerivedDataCache/Buckets/FShaderJobCacheShaders/59/aa/e687d8c47ce45ac5ff7095970f5637440c35.udd" 4930
"C:/Users/jessi/AppData/Local/UnrealEngine/Common/DerivedDataCache/Buckets/FShaderJobCacheShaders/1c/e0/2da21bbb5a4f4e8f1f2677ed5c9ac4a69f8c.udd" 4931
"C:/Users/jessi/AppData/Local/UnrealEngine/Common/DerivedDataCache/Buckets/FShaderJobCacheShaders/31/93/92448cdee7db94c7e4ca86308a7693c9015c.udd" 4932
"C:/Users/jessi/AppData/Local/UnrealEngine/Common/DerivedDataCache/Buckets/FShaderJobCacheShaders/81/40/68739c00ce809f89dbcb5ab728d968994132.udd" 4933
"C:/Users/jessi/AppData/Local/UnrealEngine/Common/DerivedDataCache/Buckets/FShaderJobCacheShaders/7f/02/5b6cb7afdd7a34c0b2b6debf9695319b61f1.udd" 4934
"C:/Users/jessi/AppData/Local/UnrealEngine/Common/DerivedDataCache/Buckets/FShaderJobCacheShaders/72/0b/02b0b52148eaec263e9f7028087339f8bd3e.udd" 4935
"C:/Users/jessi/AppData/Local/UnrealEngine/Common/DerivedDataCache/Buckets/FShaderJobCacheShaders/4d/2f/47effa121450ad9b3888bd2196a0b63dc031.udd" 4936
"C:/Users/jessi/AppData/Local/UnrealEngine/Common/DerivedDataCache/Buckets/FShaderJobCacheShaders/fa/70/32437c6216c7d82281768b7c4f69267364fb.udd" 4937
"C:/Users/jessi/AppData/Local/UnrealEngine/Common/DerivedDataCache/Buckets/FShaderJobCacheShaders/fe/b0/785c39807a16ebcbd220225718c278d902dd.udd" 4938
"C:/Users/jessi/AppData/Local/UnrealEngine/Common/DerivedDataCache/Buckets/FShaderJobCacheShaders/06/10/5fafb4ec310d48b66a079a1e610074836d35.udd" 4939
"C:/Users/jessi/AppData/Local/UnrealEngine/Common/DerivedDataCache/Buckets/FShaderJobCacheShaders/4b/3a/44d9c3fc2138c2f2bcfc410a01df0e6f609a.udd" 4940
"C:/Users/jessi/AppData/Local/UnrealEngine/Common/DerivedDataCache/Buckets/FShaderJobCacheShaders/99/10/898c1bffdbb8474a3f524690e42c5d4aef9f.udd" 4941
"C:/Users/jessi/AppData/Local/UnrealEngine/Common/DerivedDataCache/Buckets/FShaderJobCacheShaders/99/1c/58100f440c43c9e15567186913df265a31bb.udd" 4942
"C:/Users/jessi/AppData/Local/UnrealEngine/Common/DerivedDataCache/Buckets/FShaderJobCacheShaders/a2/8d/4f986220f18299a6fd3f08e064f6bafea7b9.udd" 4943
"C:/Users/jessi/AppData/Local/UnrealEngine/Common/DerivedDataCache/Buckets/FShaderJobCacheShaders/4d/2b/9455928e0e72d465bfc37f54014cea7f70d6.udd" 4944
"C:/Users/jessi/AppData/Local/UnrealEngine/Common/DerivedDataCache/Buckets/FShaderJobCacheShaders/35/ad/0359014fb46717e7593341dee523a6dafa24.udd" 4945
"C:/Users/jessi/AppData/Local/UnrealEngine/Common/DerivedDataCache/Buckets/FShaderJobCacheShaders/34/cb/87d45d8d552d1e284df9b7c216cc29d96552.udd" 4946
"C:/Users/jessi/AppData/Local/UnrealEngine/Common/DerivedDataCache/Buckets/FShaderJobCacheShaders/24/c9/f0cb8a723685fbf32ad9f6109b66a50d1fe9.udd" 4947
"C:/Users/jessi/AppData/Local/UnrealEngine/Common/DerivedDataCache/Buckets/FShaderJobCacheShaders/e8/0c/eeb0a2c21694dedd5023d31fb08bb2b4f53d.udd" 4948
"C:/Users/jessi/AppData/Local/UnrealEngine/Common/DerivedDataCache/Buckets/FShaderJobCacheShaders/24/2b/b0f2e5fe1b39eb6c30de8f775e79478756fc.udd" 4949
"C:/Users/jessi/AppData/Local/UnrealEngine/Common/DerivedDataCache/Buckets/FShaderJobCacheShaders/24/59/8721c8e5cc496ff2ed30e1df85163efa713f.udd" 4950
"C:/Users/jessi/AppData/Local/UnrealEngine/Common/DerivedDataCache/Buckets/FShaderJobCacheShaders/48/93/c1dddcf1f7aba1333b71f6aea5342e10f9e7.udd" 4951
"C:/Users/jessi/AppData/Local/UnrealEngine/Common/DerivedDataCache/Buckets/FShaderJobCacheShaders/fa/98/07c40697f7e7461455e19942d2d4b88cbdf1.udd" 4952
"C:/Users/jessi/AppData/Local/UnrealEngine/Common/DerivedDataCache/Buckets/FShaderJobCacheShaders/ac/9b/151c9bedf604f4297b877533db85956f5f5a.udd" 4953
"C:/Users/jessi/AppData/Local/UnrealEngine/Common/DerivedDataCache/Buckets/FShaderJobCacheShaders/e0/53/85b7f722f0c525584be9cdac4ede07b217fa.udd" 4954
"C:/Users/jessi/AppData/Local/UnrealEngine/Common/DerivedDataCache/Buckets/FShaderJobCacheShaders/bb/07/4a690f2c89aa56c4f6153cfaacc4a44280a8.udd" 4955
"C:/Users/jessi/AppData/Local/UnrealEngine/Common/DerivedDataCache/Buckets/FShaderJobCacheShaders/60/aa/c1ec9674bef4f2a4c523ac54c2a96fbbbc16.udd" 4956
"C:/Users/jessi/AppData/Local/UnrealEngine/Common/DerivedDataCache/Buckets/FShaderJobCacheShaders/f5/7c/ff04f67bce761219071f0e100e18f21eff4b.udd" 4957
"C:/Users/jessi/AppData/Local/UnrealEngine/Common/DerivedDataCache/Buckets/FShaderJobCacheShaders/34/a1/12fc1c0ad62206e6e1bdba2c9d2087bc53f6.udd" 4958
"C:/Users/jessi/AppData/Local/UnrealEngine/Common/DerivedDataCache/Buckets/FShaderJobCacheShaders/aa/a1/4594a4bc94049f3e958295e660a337905cc0.udd" 4959
"C:/Users/jessi/AppData/Local/UnrealEngine/Common/DerivedDataCache/Buckets/FShaderJobCacheShaders/1e/5c/850711490fad80de9a938b361f4e8612192c.udd" 4960
"C:/Users/jessi/AppData/Local/UnrealEngine/Common/DerivedDataCache/Buckets/FShaderJobCacheShaders/eb/76/054118cf949854a7b83cbec0b91cde5a4de2.udd" 4961
"C:/Users/jessi/AppData/Local/UnrealEngine/Common/DerivedDataCache/Buckets/FShaderJobCacheShaders/ce/9c/cec6148857777916cc21a3ddfd7c652c6c48.udd" 4962
"C:/Users/jessi/AppData/Local/UnrealEngine/Common/DerivedDataCache/Buckets/FShaderJobCacheShaders/c4/d2/43fadfc4671a421859054cf6c976e9bd1000.udd" 4963
"C:/Users/jessi/AppData/Local/UnrealEngine/Common/DerivedDataCache/Buckets/FShaderJobCacheShaders/f2/6e/55529e9860e1d12a3a843a427fd11fa72db8.udd" 4964
"C:/Users/jessi/AppData/Local/UnrealEngine/Common/DerivedDataCache/Buckets/FShaderJobCacheShaders/07/e1/7491d264dfe113a1f9f938588d9d9407d1fa.udd" 4965
"C:/Users/jessi/AppData/Local/UnrealEngine/Common/DerivedDataCache/Buckets/FShaderJobCacheShaders/be/16/32b45b99bff33ad257abfb15ece3ff703f12.udd" 4966
"C:/Users/jessi/AppData/Local/UnrealEngine/Common/DerivedDataCache/Buckets/FShaderJobCacheShaders/d3/af/27fa248fd2040378615cfc099a57d78a8bfc.udd" 4967
"C:/Users/jessi/AppData/Local/UnrealEngine/Common/DerivedDataCache/Buckets/FShaderJobCacheShaders/d6/87/60f07060e4c4dc0213a656977b4c7f223742.udd" 4968
"C:/Users/jessi/AppData/Local/UnrealEngine/Common/DerivedDataCache/Buckets/FShaderJobCacheShaders/b1/ca/f5e3b1de40eac6cab05aaeb9b040db58eeda.udd" 4969
"C:/Users/jessi/AppData/Local/UnrealEngine/Common/DerivedDataCache/Buckets/FShaderJobCacheShaders/f7/c7/6895da9c1294e7572c1264c70ba710b438c8.udd" 4970
"../../../Engine/Plugins/Animation/DeformerGraph/Shaders/Private/DataInterfaceCustomComputeKernel.ush" 4971
"C:/Users/jessi/AppData/Local/UnrealEngine/Common/DerivedDataCache/Buckets/FShaderJobCacheShaders/90/65/9bfb3b37bdc12b47472ae5edaae4762c7edd.udd" 4972
"../../../Engine/Plugins/Animation/DeformerGraph/Shaders/Private/DataInterfaceCloth.ush" 4973
"C:/Users/jessi/AppData/Local/UnrealEngine/Common/DerivedDataCache/Buckets/FShaderJobCacheShaders/55/5a/bd9ce903f14b3e2bc3b60f828cc5294b6feb.udd" 4974
"C:/Users/jessi/AppData/Local/UnrealEngine/Common/DerivedDataCache/Buckets/FShaderJobCacheShaders/8a/4e/98105d988533dd67e868fe811f251bc51c2c.udd" 4975
"C:/Users/jessi/AppData/Local/UnrealEngine/Common/DerivedDataCache/Buckets/FShaderJobCacheShaders/54/12/d26d9a0efc67a863dbf51c7d51d1c443fad5.udd" 4976
"C:/Users/jessi/AppData/Local/UnrealEngine/Common/DerivedDataCache/Buckets/FShaderJobCacheShaders/6e/11/f7c1a089d46019a24d7ce1bf71c10f4ed6cf.udd" 4977
"../../../Engine/Plugins/Animation/DeformerGraph/Shaders/Private/DataInterfaceSkinnedMeshRead.ush" 4978
"C:/Users/jessi/AppData/Local/UnrealEngine/Common/DerivedDataCache/Buckets/FShaderJobCacheShaders/4a/18/c66d4cc7e75c238b21b47c90a73cb3048aa2.udd" 4979
"C:/Users/jessi/AppData/Local/UnrealEngine/Common/DerivedDataCache/Buckets/FShaderJobCacheShaders/58/a0/a95171be0b2ff9c4fd3bc341b4b547230926.udd" 4980
"C:/Users/jessi/AppData/Local/UnrealEngine/Common/DerivedDataCache/Buckets/FShaderJobCacheShaders/6a/e8/f62a69f97970124edef4a483177a31bffc88.udd" 4981
"../../../Engine/Plugins/Animation/DeformerGraph/Shaders/Private/DataInterfaceSkeleton.ush" 4982
"C:/Users/jessi/AppData/Local/UnrealEngine/Common/DerivedDataCache/Buckets/FShaderJobCacheShaders/a1/ae/7b9373eb4326e6d47f5614c2c4d7d8fa2481.udd" 4983
"C:/Users/jessi/AppData/Local/UnrealEngine/Common/DerivedDataCache/Buckets/FShaderJobCacheShaders/21/fa/b3e01bb658bffe99d8f0adba7e474bdeb7f6.udd" 4984
"C:/Users/jessi/AppData/Local/UnrealEngine/Common/DerivedDataCache/Buckets/FShaderJobCacheShaders/6d/cd/c1cb077ac943c0700f74f87a5614e87d63d2.udd" 4985
"C:/Users/jessi/AppData/Local/UnrealEngine/Common/DerivedDataCache/Buckets/FShaderJobCacheShaders/98/36/6237645edcce5efd7cb75700e02c2e292ad7.udd" 4986
"C:/Users/jessi/AppData/Local/UnrealEngine/Common/DerivedDataCache/Buckets/FShaderJobCacheShaders/9c/7b/b7208460b02fd86b9fb1c32fa982becf3ae4.udd" 4987
"../../../Engine/Plugins/Animation/DeformerGraph/Shaders/Private/DataInterfaceSkeletonCommon.ush" 4988
"C:/Users/jessi/AppData/Local/UnrealEngine/Common/DerivedDataCache/Buckets/FShaderJobCacheShaders/4d/ad/266530507e235af1ab63a4c51988863eb9ad.udd" 4989
"C:/Users/jessi/AppData/Local/UnrealEngine/Common/DerivedDataCache/Buckets/FShaderJobCacheShaders/1a/bf/3a8a064b3b5ac5ec797da6d7eb9d9a6945a7.udd" 4990
"C:/Users/jessi/AppData/Local/UnrealEngine/Common/DerivedDataCache/Buckets/FShaderJobCacheShaders/f6/89/2c5d8f2167f543e0638a4dee9043d61295e6.udd" 4991
"C:/Users/jessi/AppData/Local/UnrealEngine/Common/DerivedDataCache/Buckets/FShaderJobCacheShaders/b2/bd/13f0fde521b391ed5c1419109c34e596e90d.udd" 4992
"C:/Users/jessi/AppData/Local/UnrealEngine/Common/DerivedDataCache/Buckets/FShaderJobCacheShaders/e8/01/65c5207ce02824e157fc54a317fe442eb1d3.udd" 4993
"../../../Engine/Plugins/Animation/DeformerGraph/Shaders/Private/DataInterfaceMorphTarget.ush" 4994
"C:/Users/jessi/AppData/Local/UnrealEngine/Common/DerivedDataCache/Buckets/FShaderJobCacheShaders/bd/23/a1a88732a4565750302c2ae5f482dd0d9e72.udd" 4995
"C:/Users/jessi/AppData/Local/UnrealEngine/Common/DerivedDataCache/Buckets/FShaderJobCacheShaders/95/00/59258c4cc62676d77f6ad7cfb643655c605d.udd" 4996
"C:/Users/jessi/AppData/Local/UnrealEngine/Common/DerivedDataCache/Buckets/FShaderJobCacheShaders/a0/35/bf73ecb4a6f2d02f97edde15308e66f57ad0.udd" 4997
"C:/Users/jessi/AppData/Local/UnrealEngine/Common/DerivedDataCache/Buckets/FShaderJobCacheShaders/51/b8/11d0a6c10930261572efdf408743bb69e422.udd" 4998
"../../../Engine/Plugins/Animation/DeformerGraph/Shaders/Private/DataInterfaceSkinnedMeshWrite.ush" 4999
"C:/Users/jessi/AppData/Local/UnrealEngine/Common/DerivedDataCache/Buckets/FShaderJobCacheShaders/ff/d9/1c0ca262680a3ed099d621be3533dbcb2b21.udd" 5000
"C:/Users/jessi/AppData/Local/UnrealEngine/Common/DerivedDataCache/Buckets/FShaderJobCacheShaders/fa/86/8ca2e24053112c1aa52cdebf920109395119.udd" 5001
"C:/Users/jessi/AppData/Local/UnrealEngine/Common/DerivedDataCache/Buckets/FShaderJobCacheShaders/5d/ce/182b6cbad510f05bf28962f96b73bccbb404.udd" 5002
"C:/Users/jessi/AppData/Local/UnrealEngine/Common/DerivedDataCache/Buckets/FShaderJobCacheShaders/bf/d3/058333ba7e97abb901ed686a92fd0ae18b01.udd" 5003
"C:/Users/jessi/AppData/Local/UnrealEngine/Common/DerivedDataCache/Buckets/FShaderJobCacheShaders/7f/5c/ea88c403600fb745f03efdc6a151cd2522be.udd" 5004
"C:/Users/jessi/AppData/Local/UnrealEngine/Common/DerivedDataCache/Buckets/FShaderJobCacheShaders/41/bd/d243ed12ccc1991ee30a866363145a296180.udd" 5005
"C:/Users/jessi/AppData/Local/UnrealEngine/Common/DerivedDataCache/Buckets/FShaderJobCacheShaders/3a/65/3006749c528816fe5c02c26865ee9ba5dec4.udd" 5006
"C:/Users/jessi/AppData/Local/UnrealEngine/Common/DerivedDataCache/Buckets/FShaderJobCacheShaders/e2/76/d5a359acdb47c332378d2dd21c2bb4d6a6d7.udd" 5007
"C:/Users/jessi/AppData/Local/UnrealEngine/Common/DerivedDataCache/Buckets/FShaderJobCacheShaders/f1/7b/fb236991a941ef835f9a8fe80ab39e692182.udd" 5008
"C:/Users/jessi/AppData/Local/UnrealEngine/Common/DerivedDataCache/Buckets/FShaderJobCacheShaders/2d/74/f0c9b50cff079536f7b1e047181f12af1cde.udd" 5009
"C:/Users/jessi/AppData/Local/UnrealEngine/Common/DerivedDataCache/Buckets/FShaderJobCacheShaders/55/45/a909235a0578d86a244978b23fa295b1c969.udd" 5010
"C:/Users/jessi/AppData/Local/UnrealEngine/Common/DerivedDataCache/Buckets/FShaderJobCacheShaders/9e/30/f2350e75f69c95998e09eb752ffcef144503.udd" 5011
"C:/Users/jessi/AppData/Local/UnrealEngine/Common/DerivedDataCache/Buckets/FShaderJobCacheShaders/42/3a/97a22f08a1373503c2ddf401a77fa8ada983.udd" 5012
"C:/Users/jessi/AppData/Local/UnrealEngine/Common/DerivedDataCache/Buckets/FShaderJobCacheShaders/2f/45/4fd60acc7ea72f48363a7f75158c99117826.udd" 5013
"C:/Users/jessi/AppData/Local/UnrealEngine/Common/DerivedDataCache/Buckets/FShaderJobCacheShaders/0d/6c/25d0cb5dc419c34c969c79dd4e00cf7b57b1.udd" 5014
"C:/Users/jessi/AppData/Local/UnrealEngine/Common/DerivedDataCache/Buckets/FShaderJobCacheShaders/73/00/9840e024c11442d2c8e1ccd772df2abfafdd.udd" 5015
"C:/Users/jessi/AppData/Local/UnrealEngine/Common/DerivedDataCache/Buckets/FShaderJobCacheShaders/70/e0/4c8d0361c6ec83b89fe42f3eaf4808f2b85b.udd" 5016
"C:/Users/jessi/AppData/Local/UnrealEngine/Common/DerivedDataCache/Buckets/FShaderJobCacheShaders/58/93/e5f594ea54350d770b9840b57678870f12bf.udd" 5017
"C:/Users/jessi/AppData/Local/UnrealEngine/Common/DerivedDataCache/Buckets/FShaderJobCacheShaders/c3/70/67d77a60e97546277d2c60e10eba0c12d1fe.udd" 5018
"C:/Users/jessi/AppData/Local/UnrealEngine/Common/DerivedDataCache/Buckets/FShaderJobCacheShaders/0d/9f/61ba25fda42d4be1b4626ec698b5d062c8f9.udd" 5019
"C:/Users/jessi/AppData/Local/UnrealEngine/Common/DerivedDataCache/Buckets/FShaderJobCacheShaders/6d/17/84d8711eff9b041bb883ab53fe1ebb7ed322.udd" 5020
"C:/Users/jessi/AppData/Local/UnrealEngine/Common/DerivedDataCache/Buckets/FShaderJobCacheShaders/99/b5/405306b7a2cee2a635dd82be9d42d6202732.udd" 5021
"C:/Users/jessi/AppData/Local/UnrealEngine/Common/DerivedDataCache/Buckets/FShaderJobCacheShaders/05/4e/8094c0e11eae44e39f0d0923e3d45d53bdf6.udd" 5022
"C:/Users/jessi/AppData/Local/UnrealEngine/Common/DerivedDataCache/Buckets/FShaderJobCacheShaders/61/27/9d4d26483e98ddabb5508b853941cc3ca3de.udd" 5023
"C:/Users/jessi/AppData/Local/UnrealEngine/Common/DerivedDataCache/Buckets/FShaderJobCacheShaders/66/cb/25836ea50f037fbcd8871c6fc868d388e312.udd" 5024
"C:/Users/jessi/AppData/Local/UnrealEngine/Common/DerivedDataCache/Buckets/FShaderJobCacheShaders/dc/37/f7b30a1b0584f7c5870eb832f1a2e1e2bfdb.udd" 5025
"C:/Users/jessi/AppData/Local/UnrealEngine/Common/DerivedDataCache/Buckets/FShaderJobCacheShaders/b9/9a/b459a530316088f0d8a91a3819e236576fc9.udd" 5026
"C:/Users/jessi/AppData/Local/UnrealEngine/Common/DerivedDataCache/Buckets/FShaderJobCacheShaders/a6/22/3f1bab59f67f028118facd7362a71b26c859.udd" 5027
"C:/Users/jessi/AppData/Local/UnrealEngine/Common/DerivedDataCache/Buckets/FShaderJobCacheShaders/40/83/a0370223c8fe15360bdac195131228f3f723.udd" 5028
"C:/Users/jessi/AppData/Local/UnrealEngine/Common/DerivedDataCache/Buckets/FShaderJobCacheShaders/d2/f4/ed775eedce84f618c7fe83a0ba35813865eb.udd" 5029
"C:/Users/jessi/AppData/Local/UnrealEngine/Common/DerivedDataCache/Buckets/FShaderJobCacheShaders/9c/0d/918eb92bf19700439cbacc06dc71113e1eeb.udd" 5030
"C:/Users/jessi/AppData/Local/UnrealEngine/Common/DerivedDataCache/Buckets/FShaderJobCacheShaders/95/b8/dc8155e2e570e11c69b84f5cce164e36eff9.udd" 5031
"C:/Users/jessi/AppData/Local/UnrealEngine/Common/DerivedDataCache/Buckets/FShaderJobCacheShaders/ca/4b/68dbd7d0e5532aaeb28c6339b8094da9d700.udd" 5032
"C:/Users/jessi/AppData/Local/UnrealEngine/Common/DerivedDataCache/Buckets/FShaderJobCacheShaders/db/0e/9dfbe4415768eb1ff37ef1d1336f1f6a64e5.udd" 5033
"C:/Users/jessi/AppData/Local/UnrealEngine/Common/DerivedDataCache/Buckets/FShaderJobCacheShaders/54/84/fc5054fbd372ec2fb164bf509161ae3f7953.udd" 5034
"C:/Users/jessi/AppData/Local/UnrealEngine/Common/DerivedDataCache/Buckets/FShaderJobCacheShaders/d4/47/6c5c081c66449f1743859334cad476e7a6cd.udd" 5035
"C:/Users/jessi/AppData/Local/UnrealEngine/Common/DerivedDataCache/Buckets/FShaderJobCacheShaders/ce/b5/6e310e76664f3088fd33b2201dac33161cc0.udd" 5036
"C:/Users/jessi/AppData/Local/UnrealEngine/Common/DerivedDataCache/Buckets/FShaderJobCacheShaders/e3/ef/c95e89033fbc236b75d501255c79b58b2c36.udd" 5037
"C:/Users/jessi/AppData/Local/UnrealEngine/Common/DerivedDataCache/Buckets/FShaderJobCacheShaders/fa/f3/5e672bf3e8d8bf30fc7d505d4f2166f6aa93.udd" 5038
"C:/Users/jessi/AppData/Local/UnrealEngine/Common/DerivedDataCache/Buckets/FShaderJobCacheShaders/ec/11/2ee17f865b94c2b719770ef31d6720a54b54.udd" 5039
"C:/Users/jessi/AppData/Local/UnrealEngine/Common/DerivedDataCache/Buckets/FShaderJobCacheShaders/41/06/bacbf547be5a119287e55350e8137b6ddc3e.udd" 5040
"C:/Users/jessi/AppData/Local/UnrealEngine/Common/DerivedDataCache/Buckets/FShaderJobCacheShaders/23/49/9ac3f11ff09cc15da08f1ec2683ea8abde6e.udd" 5041
"C:/Users/jessi/AppData/Local/UnrealEngine/Common/DerivedDataCache/Buckets/FShaderJobCacheShaders/8e/52/d2e53a874391417112c1fe6ea2e2a763395a.udd" 5042
"C:/Users/jessi/AppData/Local/UnrealEngine/Common/DerivedDataCache/Buckets/FShaderJobCacheShaders/8e/90/12cbe4f3719323cd70795a32a203659240dc.udd" 5043
"C:/Users/jessi/AppData/Local/UnrealEngine/Common/DerivedDataCache/Buckets/FShaderJobCacheShaders/71/1c/5618fc5f87a0a3bfc60c25dae58a5e5ef306.udd" 5044
"C:/Users/jessi/AppData/Local/UnrealEngine/Common/DerivedDataCache/Buckets/FShaderJobCacheShaders/c8/d9/700ec44f7b36b8f597eb66bb49daef33fe57.udd" 5045
"C:/Users/jessi/AppData/Local/UnrealEngine/Common/DerivedDataCache/Buckets/FShaderJobCacheShaders/60/c1/c4c467c38a788e953cafff3cdaae7bfb1637.udd" 5046
"C:/Users/jessi/AppData/Local/UnrealEngine/Common/DerivedDataCache/Buckets/FShaderJobCacheShaders/76/c2/95ad0e44e16dfed3b0b91984c715acb77f71.udd" 5047
"C:/Users/jessi/AppData/Local/UnrealEngine/Common/DerivedDataCache/Buckets/FShaderJobCacheShaders/85/d6/b498c6a3e67681bff24f1c2ae60d2f9456b7.udd" 5048
"C:/Users/jessi/AppData/Local/UnrealEngine/Common/DerivedDataCache/Buckets/FShaderJobCacheShaders/5f/d5/892d44aecf6e7804b01ed967c4c44110d5b7.udd" 5049
"C:/Users/jessi/AppData/Local/UnrealEngine/Common/DerivedDataCache/Buckets/FShaderJobCacheShaders/eb/26/eaa8d16564d6a73206b526170572463392ba.udd" 5050
"C:/Users/jessi/AppData/Local/UnrealEngine/Common/DerivedDataCache/Buckets/FShaderJobCacheShaders/65/4e/7e0cb95d74ec0e86c3a5bccf7217f85ea3be.udd" 5051
"C:/Users/jessi/AppData/Local/UnrealEngine/Common/DerivedDataCache/Buckets/FShaderJobCacheShaders/77/7b/ad04c83f27cdf20add09efb88c244804dc19.udd" 5052
"C:/Users/jessi/AppData/Local/UnrealEngine/Common/DerivedDataCache/Buckets/FShaderJobCacheShaders/15/da/487e2d1588ae74c65c9bd8dc989235d7d570.udd" 5053
"C:/Users/jessi/AppData/Local/UnrealEngine/Common/DerivedDataCache/Buckets/FShaderJobCacheShaders/60/79/3dd5782cae916c5612609108fd249a7392bb.udd" 5054
"C:/Users/jessi/AppData/Local/UnrealEngine/Common/DerivedDataCache/Buckets/FShaderJobCacheShaders/87/87/0d6ea6d6bce809c3fabad0d2f88342c2292b.udd" 5055
"C:/Users/jessi/AppData/Local/UnrealEngine/Common/DerivedDataCache/Buckets/FShaderJobCacheShaders/bc/18/ed57ab884674851224eb0fd60c9730608eb2.udd" 5056
"C:/Users/jessi/AppData/Local/UnrealEngine/Common/DerivedDataCache/Buckets/FShaderJobCacheShaders/c5/fc/082203de6e012124c295c7ee8d88f7361348.udd" 5057
"C:/Users/jessi/AppData/Local/UnrealEngine/Common/DerivedDataCache/Buckets/FShaderJobCacheShaders/ed/56/3afb2c4e2594d0a9bb6835eb530bd0b267d9.udd" 5058
"C:/Users/jessi/AppData/Local/UnrealEngine/Common/DerivedDataCache/Buckets/FShaderJobCacheShaders/90/8c/51cc6287a02a78b7e6a5125f275a42fafac8.udd" 5059
"C:/Users/jessi/AppData/Local/UnrealEngine/Common/DerivedDataCache/Buckets/FShaderJobCacheShaders/7e/ce/b4f6cb96c1b3651b660963341fec31074f91.udd" 5060
"C:/Users/jessi/AppData/Local/UnrealEngine/Common/DerivedDataCache/Buckets/FShaderJobCacheShaders/39/d8/6f49ea330859f3568c5c35d79ffb1c71b896.udd" 5061
"C:/Users/jessi/AppData/Local/UnrealEngine/Common/DerivedDataCache/Buckets/FShaderJobCacheShaders/fa/19/35bde88b19239570f26b0b25a0ea475d33f9.udd" 5062
"C:/Users/jessi/AppData/Local/UnrealEngine/Common/DerivedDataCache/Buckets/FShaderJobCacheShaders/3a/f3/000f21f3771c00a34a1f61adec28c519acd1.udd" 5063
"C:/Users/jessi/AppData/Local/UnrealEngine/Common/DerivedDataCache/Buckets/FShaderJobCacheShaders/d2/bc/225fa7777079efea304574f30c9a621a8d1a.udd" 5064
"C:/Users/jessi/AppData/Local/UnrealEngine/Common/DerivedDataCache/Buckets/FShaderJobCacheShaders/37/9e/51ae41c146aae41027a9acc6e478c051886d.udd" 5065
"C:/Users/jessi/AppData/Local/UnrealEngine/Common/DerivedDataCache/Buckets/FShaderJobCacheShaders/27/d2/9848855b5d4e39f20a5e36535421c9c7bbd1.udd" 5066
"C:/Users/jessi/AppData/Local/UnrealEngine/Common/DerivedDataCache/Buckets/FShaderJobCacheShaders/56/54/12569b9e2ef97e6aa23f06e6842f4eb3961b.udd" 5067
"C:/Users/jessi/AppData/Local/UnrealEngine/Common/DerivedDataCache/Buckets/FShaderJobCacheShaders/94/08/f981448b2887dc788b8f2b9dbf7cd623643e.udd" 5068
"C:/Users/jessi/AppData/Local/UnrealEngine/Common/DerivedDataCache/Buckets/FShaderJobCacheShaders/9a/84/027f42083a56002d1ca549c3574babd82735.udd" 5069
"C:/Users/jessi/AppData/Local/UnrealEngine/Common/DerivedDataCache/Buckets/FShaderJobCacheShaders/d5/42/f15324c6c39a5aa982bdbd331e93e26c44f9.udd" 5070
"C:/Users/jessi/AppData/Local/UnrealEngine/Common/DerivedDataCache/Buckets/FShaderJobCacheShaders/4b/6b/8dd62997f038af58d30fecd2baf03d151518.udd" 5071
"C:/Users/jessi/AppData/Local/UnrealEngine/Common/DerivedDataCache/Buckets/FShaderJobCacheShaders/e2/49/a1edbb17d72e75c8caca4d9561934284134c.udd" 5072
"C:/Users/jessi/AppData/Local/UnrealEngine/Common/DerivedDataCache/Buckets/FShaderJobCacheShaders/58/a5/820ce51b8ef506975f085ec7924a0d3760b2.udd" 5073
"C:/Users/jessi/AppData/Local/UnrealEngine/Common/DerivedDataCache/Buckets/FShaderJobCacheShaders/dc/8c/65623b2fbcb39248cfa895a6c961183b0a0c.udd" 5074
"C:/Users/jessi/AppData/Local/UnrealEngine/Common/DerivedDataCache/Buckets/FShaderJobCacheShaders/92/30/2ec5b319c27c0a6dd478e1f3bd2d81b2ba18.udd" 5075
"C:/Users/jessi/AppData/Local/UnrealEngine/Common/DerivedDataCache/Buckets/FShaderJobCacheShaders/70/15/03d38afde5217f964991a4aacc6360083367.udd" 5076
"C:/Users/jessi/AppData/Local/UnrealEngine/Common/DerivedDataCache/Buckets/FShaderJobCacheShaders/5e/bc/a798b63c4b3ed1c3a3b849d70aebdcc0533b.udd" 5077
"C:/Users/jessi/AppData/Local/UnrealEngine/Common/DerivedDataCache/Buckets/FShaderJobCacheShaders/e4/1c/c9a7d0b9307a439ed2dbf0063829009ab995.udd" 5078
"C:/Users/jessi/AppData/Local/UnrealEngine/Common/DerivedDataCache/Buckets/FShaderJobCacheShaders/c1/2a/4d5b6e81efa261872d1f4e3f06d5f73d3618.udd" 5079
"C:/Users/jessi/AppData/Local/UnrealEngine/Common/DerivedDataCache/Buckets/FShaderJobCacheShaders/e0/2c/a1d156984a45dfb227c8b793fb5003d223e4.udd" 5080
"C:/Users/jessi/AppData/Local/UnrealEngine/Common/DerivedDataCache/Buckets/FShaderJobCacheShaders/9f/cb/8f307c5b7cda0b9bb19f5dcdcbd4b6b348d0.udd" 5081
"C:/Users/jessi/AppData/Local/UnrealEngine/Common/DerivedDataCache/Buckets/FShaderJobCacheShaders/24/6e/313e7557a7c5e8ddc832a6a20e05b5610fad.udd" 5082
"C:/Users/jessi/AppData/Local/UnrealEngine/Common/DerivedDataCache/Buckets/FShaderJobCacheShaders/01/8f/9f47cb3ebd442bdff65498dd7d45632fa817.udd" 5083
"C:/Users/jessi/AppData/Local/UnrealEngine/Common/DerivedDataCache/Buckets/FShaderJobCacheShaders/75/ea/bdc46d02743451b6af15a3e2b5871b777b76.udd" 5084
"C:/Users/jessi/AppData/Local/UnrealEngine/Common/DerivedDataCache/Buckets/FShaderJobCacheShaders/a0/66/5b590c7300a63c62ca5f5ac983ca86e322c0.udd" 5085
"C:/Users/jessi/AppData/Local/UnrealEngine/Common/DerivedDataCache/Buckets/FShaderJobCacheShaders/e3/9a/0d51a79d5b72e2ca3f20dd08b5510194d0cc.udd" 5086
"C:/Users/jessi/AppData/Local/UnrealEngine/Common/DerivedDataCache/Buckets/FShaderJobCacheShaders/d4/6d/b3315716e3e6641fa4f4772504de595d9653.udd" 5087
"C:/Users/jessi/AppData/Local/UnrealEngine/Common/DerivedDataCache/Buckets/FShaderJobCacheShaders/20/30/0a2c6b3744367a8f2f243e09b52c7db0d259.udd" 5088
"C:/Users/jessi/AppData/Local/UnrealEngine/Common/DerivedDataCache/Buckets/FShaderJobCacheShaders/c5/77/675bd5d0d89179108d04a6e8bb9df74536aa.udd" 5089
"../../../Engine/Content/EngineMaterials/Substrate/GLints/dict_16_192_64_0p5_0p02_0061_0003.uasset" 5090
"../../../Engine/Content/EngineMaterials/Substrate/GLints/dict_16_192_64_0p5_0p02_0061_0004.uasset" 5091
"../../../Engine/Content/EngineMaterials/Substrate/GLints/dict_16_192_64_0p5_0p02_0061_0001.uasset" 5092
"../../../Engine/Content/EngineMaterials/Substrate/GLints/dict_16_192_64_0p5_0p02_0061_0002.uasset" 5093
"../../../Engine/Content/EngineMaterials/Substrate/GLints/dict_16_192_64_0p5_0p02_0060_0009.uasset" 5094
"../../../Engine/Content/EngineMaterials/Substrate/GLints/dict_16_192_64_0p5_0p02_0060_0008.uasset" 5095
"../../../Engine/Content/EngineMaterials/Substrate/GLints/dict_16_192_64_0p5_0p02_0060_0011.uasset" 5096
"../../../Engine/Content/EngineMaterials/Substrate/GLints/dict_16_192_64_0p5_0p02_0060_0013.uasset" 5097
"../../../Engine/Content/EngineMaterials/Substrate/GLints/dict_16_192_64_0p5_0p02_0060_0010.uasset" 5098
"../../../Engine/Content/EngineMaterials/Substrate/GLints/dict_16_192_64_0p5_0p02_0060_0014.uasset" 5099
"../../../Engine/Content/EngineMaterials/Substrate/GLints/dict_16_192_64_0p5_0p02_0060_0007.uasset" 5100
"../../../Engine/Content/EngineMaterials/Substrate/GLints/dict_16_192_64_0p5_0p02_0061_0000.uasset" 5101
"../../../Engine/Content/EngineMaterials/Substrate/GLints/dict_16_192_64_0p5_0p02_0060_0015.uasset" 5102
"../../../Engine/Content/EngineMaterials/Substrate/GLints/dict_16_192_64_0p5_0p02_0060_0005.uasset" 5103
"../../../Engine/Content/EngineMaterials/Substrate/GLints/dict_16_192_64_0p5_0p02_0060_0006.uasset" 5104
"../../../Engine/Content/EngineMaterials/Substrate/GLints/dict_16_192_64_0p5_0p02_0060_0012.uasset" 5105
"C:/Users/jessi/AppData/Local/UnrealEngine/Common/DerivedDataCache/Buckets/FShaderJobCacheShaders/8d/e5/1a5b6dc462959b4ab9a47f39d9191ac91df6.udd" 5106
"../../../Engine/Content/EngineMaterials/Substrate/GLints/dict_16_192_64_0p5_0p02_0060_0004.uasset" 5107
"../../../Engine/Content/EngineMaterials/Substrate/GLints/dict_16_192_64_0p5_0p02_0060_0003.uasset" 5108
"../../../Engine/Content/EngineMaterials/Substrate/GLints/dict_16_192_64_0p5_0p02_0060_0001.uasset" 5109
"../../../Engine/Content/EngineMaterials/Substrate/GLints/dict_16_192_64_0p5_0p02_0060_0000.uasset" 5110
"../../../Engine/Content/EngineMaterials/Substrate/GLints/dict_16_192_64_0p5_0p02_0059_0014.uasset" 5111
"../../../Engine/Content/EngineMaterials/Substrate/GLints/dict_16_192_64_0p5_0p02_0059_0015.uasset" 5112
"C:/Users/jessi/AppData/Local/UnrealEngine/Common/DerivedDataCache/Buckets/FShaderJobCacheShaders/d2/46/62faae92828dae6b8a2d846a4041e473d4e8.udd" 5113
"../../../Engine/Content/EngineMaterials/Substrate/GLints/dict_16_192_64_0p5_0p02_0060_0002.uasset" 5114
"../../../Engine/Content/EngineMaterials/Substrate/GLints/dict_16_192_64_0p5_0p02_0059_0008.uasset" 5115
"../../../Engine/Content/EngineMaterials/Substrate/GLints/dict_16_192_64_0p5_0p02_0059_0005.uasset" 5116
"../../../Engine/Content/EngineMaterials/Substrate/GLints/dict_16_192_64_0p5_0p02_0059_0012.uasset" 5117
"../../../Engine/Content/EngineMaterials/Substrate/GLints/dict_16_192_64_0p5_0p02_0059_0007.uasset" 5118
"C:/Users/jessi/AppData/Local/UnrealEngine/Common/DerivedDataCache/Buckets/FShaderJobCacheShaders/f2/55/9ff2958b6e40b0b1e069390f2485b39e0824.udd" 5119
"../../../Engine/Content/EngineMaterials/Substrate/GLints/dict_16_192_64_0p5_0p02_0059_0013.uasset" 5120
"C:/Users/jessi/AppData/Local/UnrealEngine/Common/DerivedDataCache/Buckets/FShaderJobCacheShaders/4e/aa/8d7b46425b9617e8eb5c2c492e5717d8a3da.udd" 5121
"../../../Engine/Content/EngineMaterials/Substrate/GLints/dict_16_192_64_0p5_0p02_0059_0010.uasset" 5122
"../../../Engine/Content/EngineMaterials/Substrate/GLints/dict_16_192_64_0p5_0p02_0059_0011.uasset" 5123
"../../../Engine/Content/EngineMaterials/Substrate/GLints/dict_16_192_64_0p5_0p02_0059_0006.uasset" 5124
"C:/Users/jessi/AppData/Local/UnrealEngine/Common/DerivedDataCache/Buckets/FShaderJobCacheShaders/97/b7/99d7883a36e4b2b23a026e1803607f057711.udd" 5125
"../../../Engine/Content/EngineMaterials/Substrate/GLints/dict_16_192_64_0p5_0p02_0059_0009.uasset" 5126
"C:/Users/jessi/AppData/Local/UnrealEngine/Common/DerivedDataCache/Buckets/FShaderJobCacheShaders/e4/20/435b3fa4f770c9cc0cf29b596d97ad9f64c8.udd" 5127
"C:/Users/jessi/AppData/Local/UnrealEngine/Common/DerivedDataCache/Buckets/FShaderJobCacheShaders/3c/22/976113c5963c698a12b91df11d759e653ca6.udd" 5128
"C:/Users/jessi/AppData/Local/UnrealEngine/Common/DerivedDataCache/Buckets/FShaderJobCacheShaders/e0/28/93b013718d84c6c4c91a53f5eec1856955e1.udd" 5129
"C:/Users/jessi/AppData/Local/Temp/UnrealShaderWorkingDir/C4A43BB2452ECF2359C0D99972E7B659/2/WorkerOutputOnly.out" 5130
"C:/Users/jessi/AppData/Local/Temp/UnrealShaderWorkingDir/C4A43BB2452ECF2359C0D99972E7B659/12/WorkerOutputOnly.out" 5131
"C:/Users/jessi/AppData/Local/Temp/UnrealShaderWorkingDir/C4A43BB2452ECF2359C0D99972E7B659/14/WorkerOutputOnly.out" 5132
"C:/Users/jessi/AppData/Local/Temp/UnrealShaderWorkingDir/C4A43BB2452ECF2359C0D99972E7B659/20/WorkerOutputOnly.out" 5133
"C:/Users/jessi/AppData/Local/Temp/UnrealShaderWorkingDir/C4A43BB2452ECF2359C0D99972E7B659/15/WorkerOutputOnly.out" 5134
"C:/Users/jessi/AppData/Local/Temp/UnrealShaderWorkingDir/C4A43BB2452ECF2359C0D99972E7B659/23/WorkerOutputOnly.out" 5135
"C:/Users/jessi/AppData/Local/Temp/UnrealShaderWorkingDir/C4A43BB2452ECF2359C0D99972E7B659/0/WorkerOutputOnly.out" 5136
"C:/Users/jessi/AppData/Local/Temp/UnrealShaderWorkingDir/C4A43BB2452ECF2359C0D99972E7B659/8/WorkerOutputOnly.out" 5137
"C:/Users/jessi/AppData/Local/Temp/UnrealShaderWorkingDir/C4A43BB2452ECF2359C0D99972E7B659/10/WorkerOutputOnly.out" 5138
"C:/Users/jessi/AppData/Local/Temp/UnrealShaderWorkingDir/C4A43BB2452ECF2359C0D99972E7B659/11/WorkerOutputOnly.out" 5139
"C:/Users/jessi/AppData/Local/Temp/UnrealShaderWorkingDir/C4A43BB2452ECF2359C0D99972E7B659/13/WorkerOutputOnly.out" 5140
"C:/Users/jessi/AppData/Local/Temp/UnrealShaderWorkingDir/C4A43BB2452ECF2359C0D99972E7B659/16/WorkerOutputOnly.out" 5141
"C:/Users/jessi/AppData/Local/Temp/UnrealShaderWorkingDir/C4A43BB2452ECF2359C0D99972E7B659/4/WorkerOutputOnly.out" 5142
"C:/Users/jessi/AppData/Local/Temp/UnrealShaderWorkingDir/C4A43BB2452ECF2359C0D99972E7B659/5/WorkerOutputOnly.out" 5143
"C:/Users/jessi/AppData/Local/Temp/UnrealShaderWorkingDir/C4A43BB2452ECF2359C0D99972E7B659/6/WorkerOutputOnly.out" 5144
"C:/Users/jessi/AppData/Local/Temp/UnrealShaderWorkingDir/C4A43BB2452ECF2359C0D99972E7B659/17/WorkerOutputOnly.out" 5145
"C:/Users/jessi/AppData/Local/Temp/UnrealShaderWorkingDir/C4A43BB2452ECF2359C0D99972E7B659/22/WorkerOutputOnly.out" 5146
"../../../Engine/Plugins/Animation/DeformerGraph/Shaders/Private/DataInterfaceRawBuffer.ush" 5147
"../../../Engine/Plugins/Runtime/ComputeFramework/Shaders/Private/BufferAlias.ush" 5148
"C:/Users/jessi/AppData/Local/Temp/UnrealShaderWorkingDir/C4A43BB2452ECF2359C0D99972E7B659/21/WorkerOutputOnly.out" 5149
"C:/Users/jessi/AppData/Local/Temp/UnrealShaderWorkingDir/C4A43BB2452ECF2359C0D99972E7B659/9/WorkerOutputOnly.out" 5150
"C:/Users/jessi/AppData/Local/Temp/UnrealShaderWorkingDir/C4A43BB2452ECF2359C0D99972E7B659/25/WorkerOutputOnly.out" 5151
"C:/Users/jessi/AppData/Local/Temp/UnrealShaderWorkingDir/C4A43BB2452ECF2359C0D99972E7B659/7/WorkerOutputOnly.out" 5152
"C:/Users/jessi/AppData/Local/Temp/UnrealShaderWorkingDir/C4A43BB2452ECF2359C0D99972E7B659/26/WorkerOutputOnly.out" 5153
"C:/Users/jessi/AppData/Local/Temp/UnrealShaderWorkingDir/C4A43BB2452ECF2359C0D99972E7B659/28/WorkerOutputOnly.out" 5154
"C:/Users/jessi/AppData/Local/Temp/UnrealShaderWorkingDir/C4A43BB2452ECF2359C0D99972E7B659/27/WorkerOutputOnly.out" 5155
"C:/Users/jessi/AppData/Local/Temp/UnrealShaderWorkingDir/C4A43BB2452ECF2359C0D99972E7B659/24/WorkerOutputOnly.out" 5156
"C:/Users/jessi/AppData/Local/Temp/UnrealShaderWorkingDir/C4A43BB2452ECF2359C0D99972E7B659/1/WorkerOutputOnly.out" 5157
"../../../Engine/Plugins/Animation/DeformerGraph/Shaders/Private/DataInterfaceSkinnedMesh.ush" 5158
"../../../Engine/Plugins/Animation/DeformerGraph/Shaders/Private/DataInterfaceHalfEdge.ush" 5159
"C:/Users/jessi/AppData/Local/Temp/UnrealShaderWorkingDir/C4A43BB2452ECF2359C0D99972E7B659/3/WorkerOutputOnly.out" 5160
"C:/Users/jessi/AppData/Local/Temp/UnrealShaderWorkingDir/C4A43BB2452ECF2359C0D99972E7B659/19/WorkerOutputOnly.out" 5161
"C:/Users/jessi/AppData/Local/Temp/UnrealShaderWorkingDir/C4A43BB2452ECF2359C0D99972E7B659/18/WorkerOutputOnly.out" 5162
"/Engine/EngineMaterials/Substrate/GLints/dict_16_192_64_0p5_0p02_0059_0005" 5163
"/Engine/EngineMaterials/Substrate/GLints/dict_16_192_64_0p5_0p02_0059_0006" 5164
"/Engine/EngineMaterials/Substrate/GLints/dict_16_192_64_0p5_0p02_0059_0007" 5165
"/Engine/EngineMaterials/Substrate/GLints/dict_16_192_64_0p5_0p02_0059_0008" 5166
"/Engine/EngineMaterials/Substrate/GLints/dict_16_192_64_0p5_0p02_0059_0009" 5167
"/Engine/EngineMaterials/Substrate/GLints/dict_16_192_64_0p5_0p02_0059_0010" 5168
"/Engine/EngineMaterials/Substrate/GLints/dict_16_192_64_0p5_0p02_0059_0011" 5169
"/Engine/EngineMaterials/Substrate/GLints/dict_16_192_64_0p5_0p02_0059_0012" 5170
"/Engine/EngineMaterials/Substrate/GLints/dict_16_192_64_0p5_0p02_0059_0013" 5171
"/Engine/EngineMaterials/Substrate/GLints/dict_16_192_64_0p5_0p02_0059_0014" 5172
"/Engine/EngineMaterials/Substrate/GLints/dict_16_192_64_0p5_0p02_0059_0015" 5173
"/Engine/EngineMaterials/Substrate/GLints/dict_16_192_64_0p5_0p02_0060_0000" 5174
"/Engine/EngineMaterials/Substrate/GLints/dict_16_192_64_0p5_0p02_0060_0001" 5175
"/Engine/EngineMaterials/Substrate/GLints/dict_16_192_64_0p5_0p02_0060_0002" 5176
"/Engine/EngineMaterials/Substrate/GLints/dict_16_192_64_0p5_0p02_0060_0003" 5177
"/Engine/EngineMaterials/Substrate/GLints/dict_16_192_64_0p5_0p02_0060_0004" 5178
"/Engine/EngineMaterials/Substrate/GLints/dict_16_192_64_0p5_0p02_0060_0005" 5179
"/Engine/EngineMaterials/Substrate/GLints/dict_16_192_64_0p5_0p02_0060_0006" 5180
"/Engine/EngineMaterials/Substrate/GLints/dict_16_192_64_0p5_0p02_0060_0007" 5181
"/Engine/EngineMaterials/Substrate/GLints/dict_16_192_64_0p5_0p02_0060_0008" 5182
"/Engine/EngineMaterials/Substrate/GLints/dict_16_192_64_0p5_0p02_0060_0009" 5183
"/Engine/EngineMaterials/Substrate/GLints/dict_16_192_64_0p5_0p02_0060_0010" 5184
"/Engine/EngineMaterials/Substrate/GLints/dict_16_192_64_0p5_0p02_0060_0011" 5185
"/Engine/EngineMaterials/Substrate/GLints/dict_16_192_64_0p5_0p02_0060_0012" 5186
"/Engine/EngineMaterials/Substrate/GLints/dict_16_192_64_0p5_0p02_0060_0013" 5187
"/Engine/EngineMaterials/Substrate/GLints/dict_16_192_64_0p5_0p02_0060_0014" 5188
"/Engine/EngineMaterials/Substrate/GLints/dict_16_192_64_0p5_0p02_0060_0015" 5189
"/Engine/EngineMaterials/Substrate/GLints/dict_16_192_64_0p5_0p02_0061_0000" 5190
"/Engine/EngineMaterials/Substrate/GLints/dict_16_192_64_0p5_0p02_0061_0001" 5191
"/Engine/EngineMaterials/Substrate/GLints/dict_16_192_64_0p5_0p02_0061_0002" 5192
"/Engine/EngineMaterials/Substrate/GLints/dict_16_192_64_0p5_0p02_0061_0003" 5193
"/Engine/EngineMaterials/Substrate/GLints/dict_16_192_64_0p5_0p02_0061_0004" 5194
"D:/github test/Gamejam/Content/Characters/Mannequins/Rigs/CR_Mannequin_FootIK.uasset" 5195
"/Game/Characters/Mannequins/Rigs/CR_Mannequin_FootIK" 5196
"../../../Engine/Content/EngineMaterials/Substrate/GLints/dict_16_192_64_0p5_0p02_0058_0012.uasset" 5197
"../../../Engine/Content/EngineMaterials/Substrate/GLints/dict_16_192_64_0p5_0p02_0059_0001.uasset" 5198
"../../../Engine/Content/EngineMaterials/Substrate/GLints/dict_16_192_64_0p5_0p02_0058_0009.uasset" 5199
"../../../Engine/Content/EngineMaterials/Substrate/GLints/dict_16_192_64_0p5_0p02_0058_0003.uasset" 5200
"../../../Engine/Content/EngineMaterials/Substrate/GLints/dict_16_192_64_0p5_0p02_0059_0000.uasset" 5201
"../../../Engine/Content/EngineMaterials/Substrate/GLints/dict_16_192_64_0p5_0p02_0059_0002.uasset" 5202
"../../../Engine/Content/EngineMaterials/Substrate/GLints/dict_16_192_64_0p5_0p02_0058_0010.uasset" 5203
"../../../Engine/Content/EngineMaterials/Substrate/GLints/dict_16_192_64_0p5_0p02_0059_0003.uasset" 5204
"../../../Engine/Content/EngineMaterials/Substrate/GLints/dict_16_192_64_0p5_0p02_0058_0015.uasset" 5205
"../../../Engine/Content/EngineMaterials/Substrate/GLints/dict_16_192_64_0p5_0p02_0058_0007.uasset" 5206
"../../../Engine/Content/EngineMaterials/Substrate/GLints/dict_16_192_64_0p5_0p02_0058_0011.uasset" 5207
"../../../Engine/Content/EngineMaterials/Substrate/GLints/dict_16_192_64_0p5_0p02_0058_0013.uasset" 5208
"../../../Engine/Content/EngineMaterials/Substrate/GLints/dict_16_192_64_0p5_0p02_0058_0014.uasset" 5209
"../../../Engine/Content/EngineMaterials/Substrate/GLints/dict_16_192_64_0p5_0p02_0058_0008.uasset" 5210
"../../../Engine/Content/EngineMaterials/Substrate/GLints/dict_16_192_64_0p5_0p02_0059_0004.uasset" 5211
"../../../Engine/Content/EngineMaterials/Substrate/GLints/dict_16_192_64_0p5_0p02_0057_0007.uasset" 5212
"../../../Engine/Content/EngineMaterials/Substrate/GLints/dict_16_192_64_0p5_0p02_0057_0008.uasset" 5213
"../../../Engine/Content/EngineMaterials/Substrate/GLints/dict_16_192_64_0p5_0p02_0057_0011.uasset" 5214
"../../../Engine/Content/EngineMaterials/Substrate/GLints/dict_16_192_64_0p5_0p02_0058_0002.uasset" 5215
"../../../Engine/Content/EngineMaterials/Substrate/GLints/dict_16_192_64_0p5_0p02_0057_0009.uasset" 5216
"../../../Engine/Content/EngineMaterials/Substrate/GLints/dict_16_192_64_0p5_0p02_0058_0001.uasset" 5217
"../../../Engine/Content/EngineMaterials/Substrate/GLints/dict_16_192_64_0p5_0p02_0057_0014.uasset" 5218
"../../../Engine/Content/EngineMaterials/Substrate/GLints/dict_16_192_64_0p5_0p02_0057_0013.uasset" 5219
"../../../Engine/Content/EngineMaterials/Substrate/GLints/dict_16_192_64_0p5_0p02_0058_0004.uasset" 5220
"../../../Engine/Content/EngineMaterials/Substrate/GLints/dict_16_192_64_0p5_0p02_0058_0005.uasset" 5221
"../../../Engine/Content/EngineMaterials/Substrate/GLints/dict_16_192_64_0p5_0p02_0058_0006.uasset" 5222
"../../../Engine/Content/EngineMaterials/Substrate/GLints/dict_16_192_64_0p5_0p02_0057_0010.uasset" 5223
"../../../Engine/Content/EngineMaterials/Substrate/GLints/dict_16_192_64_0p5_0p02_0057_0015.uasset" 5224
"../../../Engine/Content/EngineMaterials/Substrate/GLints/dict_16_192_64_0p5_0p02_0057_0012.uasset" 5225
"../../../Engine/Content/EngineMaterials/Substrate/GLints/dict_16_192_64_0p5_0p02_0058_0000.uasset" 5226
"/Game/Tiny/WBP_Crosshair" 5227
"/Engine/EngineMaterials/Substrate/GLints/dict_16_192_64_0p5_0p02_0057_0007" 5228
"/Engine/EngineMaterials/Substrate/GLints/dict_16_192_64_0p5_0p02_0057_0008" 5229
"/Engine/EngineMaterials/Substrate/GLints/dict_16_192_64_0p5_0p02_0057_0009" 5230
"/Engine/EngineMaterials/Substrate/GLints/dict_16_192_64_0p5_0p02_0057_0010" 5231
"/Engine/EngineMaterials/Substrate/GLints/dict_16_192_64_0p5_0p02_0057_0011" 5232
"/Engine/EngineMaterials/Substrate/GLints/dict_16_192_64_0p5_0p02_0057_0012" 5233
"/Engine/EngineMaterials/Substrate/GLints/dict_16_192_64_0p5_0p02_0057_0013" 5234
"/Engine/EngineMaterials/Substrate/GLints/dict_16_192_64_0p5_0p02_0057_0014" 5235
"/Engine/EngineMaterials/Substrate/GLints/dict_16_192_64_0p5_0p02_0057_0015" 5236
"/Engine/EngineMaterials/Substrate/GLints/dict_16_192_64_0p5_0p02_0058_0000" 5237
"/Engine/EngineMaterials/Substrate/GLints/dict_16_192_64_0p5_0p02_0058_0001" 5238
"/Engine/EngineMaterials/Substrate/GLints/dict_16_192_64_0p5_0p02_0058_0002" 5239
"/Engine/EngineMaterials/Substrate/GLints/dict_16_192_64_0p5_0p02_0058_0003" 5240
"/Engine/EngineMaterials/Substrate/GLints/dict_16_192_64_0p5_0p02_0058_0004" 5241
"/Engine/EngineMaterials/Substrate/GLints/dict_16_192_64_0p5_0p02_0058_0005" 5242
"/Engine/EngineMaterials/Substrate/GLints/dict_16_192_64_0p5_0p02_0058_0006" 5243
"/Engine/EngineMaterials/Substrate/GLints/dict_16_192_64_0p5_0p02_0058_0007" 5244
"/Engine/EngineMaterials/Substrate/GLints/dict_16_192_64_0p5_0p02_0058_0008" 5245
"../../../Engine/Content/EngineMaterials/Substrate/GLints/dict_16_192_64_0p5_0p02_0057_0006.uasset" 5246
"../../../Engine/Content/EngineMaterials/Substrate/GLints/dict_16_192_64_0p5_0p02_0057_0005.uasset" 5247
"/Engine/EngineMaterials/Substrate/GLints/dict_16_192_64_0p5_0p02_0058_0009" 5248
"/Engine/EngineMaterials/Substrate/GLints/dict_16_192_64_0p5_0p02_0058_0010" 5249
"/Engine/EngineMaterials/Substrate/GLints/dict_16_192_64_0p5_0p02_0058_0011" 5250
"/Engine/EngineMaterials/Substrate/GLints/dict_16_192_64_0p5_0p02_0058_0012" 5251
"/Engine/EngineMaterials/Substrate/GLints/dict_16_192_64_0p5_0p02_0058_0013" 5252
"/Engine/EngineMaterials/Substrate/GLints/dict_16_192_64_0p5_0p02_0058_0014" 5253
"/Engine/EngineMaterials/Substrate/GLints/dict_16_192_64_0p5_0p02_0058_0015" 5254
"/Engine/EngineMaterials/Substrate/GLints/dict_16_192_64_0p5_0p02_0059_0000" 5255
"/Engine/EngineMaterials/Substrate/GLints/dict_16_192_64_0p5_0p02_0059_0001" 5256
"/Engine/EngineMaterials/Substrate/GLints/dict_16_192_64_0p5_0p02_0059_0002" 5257
"/Engine/EngineMaterials/Substrate/GLints/dict_16_192_64_0p5_0p02_0059_0003" 5258
"/Engine/EngineMaterials/Substrate/GLints/dict_16_192_64_0p5_0p02_0059_0004" 5259
"/Engine/EngineMaterials/Substrate/GLints/dict_16_192_64_0p5_0p02_0057_0005" 5260
"/Engine/EngineMaterials/Substrate/GLints/dict_16_192_64_0p5_0p02_0057_0006" 5261
"../../../Engine/Content/EngineMaterials/Substrate/GLints/dict_16_192_64_0p5_0p02_0056_0013.uasset" 5262
"../../../Engine/Content/EngineMaterials/Substrate/GLints/dict_16_192_64_0p5_0p02_0056_0012.uasset" 5263
"../../../Engine/Content/EngineMaterials/Substrate/GLints/dict_16_192_64_0p5_0p02_0056_0014.uasset" 5264
"../../../Engine/Content/EngineMaterials/Substrate/GLints/dict_16_192_64_0p5_0p02_0056_0010.uasset" 5265
"../../../Engine/Content/EngineMaterials/Substrate/GLints/dict_16_192_64_0p5_0p02_0056_0005.uasset" 5266
"../../../Engine/Content/EngineMaterials/Substrate/GLints/dict_16_192_64_0p5_0p02_0056_0008.uasset" 5267
"../../../Engine/Content/EngineMaterials/Substrate/GLints/dict_16_192_64_0p5_0p02_0056_0002.uasset" 5268
"../../../Engine/Content/EngineMaterials/Substrate/GLints/dict_16_192_64_0p5_0p02_0057_0001.uasset" 5269
"../../../Engine/Content/EngineMaterials/Substrate/GLints/dict_16_192_64_0p5_0p02_0056_0001.uasset" 5270
"../../../Engine/Content/EngineMaterials/Substrate/GLints/dict_16_192_64_0p5_0p02_0056_0006.uasset" 5271
"../../../Engine/Content/EngineMaterials/Substrate/GLints/dict_16_192_64_0p5_0p02_0055_0014.uasset" 5272
"../../../Engine/Content/EngineMaterials/Substrate/GLints/dict_16_192_64_0p5_0p02_0056_0004.uasset" 5273
"../../../Engine/Content/EngineMaterials/Substrate/GLints/dict_16_192_64_0p5_0p02_0057_0002.uasset" 5274
"../../../Engine/Content/EngineMaterials/Substrate/GLints/dict_16_192_64_0p5_0p02_0055_0015.uasset" 5275
"../../../Engine/Content/EngineMaterials/Substrate/GLints/dict_16_192_64_0p5_0p02_0055_0012.uasset" 5276
"../../../Engine/Content/EngineMaterials/Substrate/GLints/dict_16_192_64_0p5_0p02_0057_0003.uasset" 5277
"../../../Engine/Content/EngineMaterials/Substrate/GLints/dict_16_192_64_0p5_0p02_0055_0013.uasset" 5278
"../../../Engine/Content/EngineMaterials/Substrate/GLints/dict_16_192_64_0p5_0p02_0055_0007.uasset" 5279
"../../../Engine/Content/EngineMaterials/Substrate/GLints/dict_16_192_64_0p5_0p02_0055_0005.uasset" 5280
"../../../Engine/Content/EngineMaterials/Substrate/GLints/dict_16_192_64_0p5_0p02_0055_0006.uasset" 5281
"../../../Engine/Content/EngineMaterials/Substrate/GLints/dict_16_192_64_0p5_0p02_0055_0011.uasset" 5282
"../../../Engine/Content/EngineMaterials/Substrate/GLints/dict_16_192_64_0p5_0p02_0056_0000.uasset" 5283
"../../../Engine/Content/EngineMaterials/Substrate/GLints/dict_16_192_64_0p5_0p02_0055_0010.uasset" 5284
"../../../Engine/Content/EngineMaterials/Substrate/GLints/dict_16_192_64_0p5_0p02_0057_0004.uasset" 5285
"../../../Engine/Content/EngineMaterials/Substrate/GLints/dict_16_192_64_0p5_0p02_0055_0008.uasset" 5286
"../../../Engine/Content/EngineMaterials/Substrate/GLints/dict_16_192_64_0p5_0p02_0056_0009.uasset" 5287
"../../../Engine/Content/EngineMaterials/Substrate/GLints/dict_16_192_64_0p5_0p02_0056_0007.uasset" 5288
"../../../Engine/Content/EngineMaterials/Substrate/GLints/dict_16_192_64_0p5_0p02_0056_0011.uasset" 5289
"../../../Engine/Content/EngineMaterials/Substrate/GLints/dict_16_192_64_0p5_0p02_0056_0015.uasset" 5290
"../../../Engine/Content/EngineMaterials/Substrate/GLints/dict_16_192_64_0p5_0p02_0057_0000.uasset" 5291
"../../../Engine/Content/EngineMaterials/Substrate/GLints/dict_16_192_64_0p5_0p02_0056_0003.uasset" 5292
"../../../Engine/Content/EngineMaterials/Substrate/GLints/dict_16_192_64_0p5_0p02_0055_0009.uasset" 5293
"/Engine/EngineMaterials/Substrate/GLints/dict_16_192_64_0p5_0p02_0055_0007" 5294
"/Engine/EngineMaterials/Substrate/GLints/dict_16_192_64_0p5_0p02_0055_0008" 5295
"/Engine/EngineMaterials/Substrate/GLints/dict_16_192_64_0p5_0p02_0055_0009" 5296
"/Engine/EngineMaterials/Substrate/GLints/dict_16_192_64_0p5_0p02_0055_0010" 5297
"/Engine/EngineMaterials/Substrate/GLints/dict_16_192_64_0p5_0p02_0055_0011" 5298
"/Engine/EngineMaterials/Substrate/GLints/dict_16_192_64_0p5_0p02_0055_0012" 5299
"/Engine/EngineMaterials/Substrate/GLints/dict_16_192_64_0p5_0p02_0055_0013" 5300
"/Engine/EngineMaterials/Substrate/GLints/dict_16_192_64_0p5_0p02_0055_0014" 5301
"/Engine/EngineMaterials/Substrate/GLints/dict_16_192_64_0p5_0p02_0055_0015" 5302
"/Engine/EngineMaterials/Substrate/GLints/dict_16_192_64_0p5_0p02_0056_0000" 5303
"/Engine/EngineMaterials/Substrate/GLints/dict_16_192_64_0p5_0p02_0056_0001" 5304
"/Engine/EngineMaterials/Substrate/GLints/dict_16_192_64_0p5_0p02_0056_0002" 5305
"/Engine/EngineMaterials/Substrate/GLints/dict_16_192_64_0p5_0p02_0056_0003" 5306
"/Engine/EngineMaterials/Substrate/GLints/dict_16_192_64_0p5_0p02_0056_0004" 5307
"/Engine/EngineMaterials/Substrate/GLints/dict_16_192_64_0p5_0p02_0056_0005" 5308
"/Engine/EngineMaterials/Substrate/GLints/dict_16_192_64_0p5_0p02_0056_0006" 5309
"/Engine/EngineMaterials/Substrate/GLints/dict_16_192_64_0p5_0p02_0056_0007" 5310
"/Engine/EngineMaterials/Substrate/GLints/dict_16_192_64_0p5_0p02_0056_0008" 5311
"/Engine/EngineMaterials/Substrate/GLints/dict_16_192_64_0p5_0p02_0056_0009" 5312
"/Engine/EngineMaterials/Substrate/GLints/dict_16_192_64_0p5_0p02_0056_0010" 5313
"/Engine/EngineMaterials/Substrate/GLints/dict_16_192_64_0p5_0p02_0056_0011" 5314
"/Engine/EngineMaterials/Substrate/GLints/dict_16_192_64_0p5_0p02_0056_0012" 5315
"/Engine/EngineMaterials/Substrate/GLints/dict_16_192_64_0p5_0p02_0056_0013" 5316
"/Engine/EngineMaterials/Substrate/GLints/dict_16_192_64_0p5_0p02_0056_0014" 5317
"/Engine/EngineMaterials/Substrate/GLints/dict_16_192_64_0p5_0p02_0056_0015" 5318
"/Engine/EngineMaterials/Substrate/GLints/dict_16_192_64_0p5_0p02_0057_0000" 5319
"/Engine/EngineMaterials/Substrate/GLints/dict_16_192_64_0p5_0p02_0057_0001" 5320
"/Engine/EngineMaterials/Substrate/GLints/dict_16_192_64_0p5_0p02_0057_0002" 5321
"/Engine/EngineMaterials/Substrate/GLints/dict_16_192_64_0p5_0p02_0057_0003" 5322
"/Engine/EngineMaterials/Substrate/GLints/dict_16_192_64_0p5_0p02_0057_0004" 5323
"/Engine/EngineMaterials/Substrate/GLints/dict_16_192_64_0p5_0p02_0055_0005" 5324
"/Engine/EngineMaterials/Substrate/GLints/dict_16_192_64_0p5_0p02_0055_0006" 5325
"C:/Users/jessi/AppData/Local/UnrealEngine/Common/DerivedDataCache/Buckets/FShaderJobCacheShaders/60/c3/16e2f3af435d57088ed3cc6b3dbe870fea7d.udd" 5326
"C:/Users/jessi/AppData/Local/UnrealEngine/Common/DerivedDataCache/Buckets/FShaderJobCacheShaders/55/d7/db5cc411201276c317b65f55427d1329db7e.udd" 5327
"C:/Users/jessi/AppData/Local/UnrealEngine/Common/DerivedDataCache/Buckets/FShaderJobCacheShaders/71/4c/8e97683a898e7453e3a31110347604225ca2.udd" 5328
"C:/Users/jessi/AppData/Local/UnrealEngine/Common/DerivedDataCache/Buckets/FShaderJobCacheShaders/9a/12/716d9f3302c5f6d341d789274cd6cf7d2147.udd" 5329
"C:/Users/jessi/AppData/Local/UnrealEngine/Common/DerivedDataCache/Buckets/FShaderJobCacheShaders/cd/66/1a9e06f982c5541b94647b95f3d4c19589d0.udd" 5330
"C:/Users/jessi/AppData/Local/UnrealEngine/Common/DerivedDataCache/Buckets/FShaderJobCacheShaders/f0/be/f2e280abcdfcbeab1102bc68ceeb4ef3e9bb.udd" 5331
"C:/Users/jessi/AppData/Local/UnrealEngine/Common/DerivedDataCache/Buckets/FShaderJobCacheShaders/0e/73/6773865c45b18dda79523a3965100b09bfef.udd" 5332
"C:/Users/jessi/AppData/Local/UnrealEngine/Common/DerivedDataCache/Buckets/FShaderJobCacheShaders/d1/07/ca2b19848506ce6da0b4f43bcbf6fff616d1.udd" 5333
"C:/Users/jessi/AppData/Local/UnrealEngine/Common/DerivedDataCache/Buckets/FShaderJobCacheShaders/28/2d/fe16ebd4c053f50f9ced0d97119e2fed7375.udd" 5334
"C:/Users/jessi/AppData/Local/UnrealEngine/Common/DerivedDataCache/Buckets/FShaderJobCacheShaders/5a/96/698159b0d00240714f75b132cba8c7430fad.udd" 5335
"C:/Users/jessi/AppData/Local/UnrealEngine/Common/DerivedDataCache/Buckets/FShaderJobCacheShaders/7b/43/14a666deae9f365bea903cca7264d0f85bd2.udd" 5336
"C:/Users/jessi/AppData/Local/UnrealEngine/Common/DerivedDataCache/Buckets/FShaderJobCacheShaders/30/e4/14e2761deec0982e349a7099761c8cbc1e17.udd" 5337
"C:/Users/jessi/AppData/Local/UnrealEngine/Common/DerivedDataCache/Buckets/FShaderJobCacheShaders/03/39/830a4d28dcb3d62115f489b9d33cb72fd8c6.udd" 5338
"C:/Users/jessi/AppData/Local/UnrealEngine/Common/DerivedDataCache/Buckets/FShaderJobCacheShaders/51/74/121dbbbeb67c83743cf9472a16f62396f6ce.udd" 5339
"C:/Users/jessi/AppData/Local/UnrealEngine/Common/DerivedDataCache/Buckets/FShaderJobCacheShaders/43/07/f7d14c8857a7a2212a82b5f58d1f229c1e10.udd" 5340
"C:/Users/jessi/AppData/Local/UnrealEngine/Common/DerivedDataCache/Buckets/FShaderJobCacheShaders/76/dd/8d5713d0b9faae6d5850003290331e270a34.udd" 5341
"../../../Engine/Content/EngineMaterials/Substrate/GLints/dict_16_192_64_0p5_0p02_0054_0013.uasset" 5342
"../../../Engine/Content/EngineMaterials/Substrate/GLints/dict_16_192_64_0p5_0p02_0054_0015.uasset" 5343
"../../../Engine/Content/EngineMaterials/Substrate/GLints/dict_16_192_64_0p5_0p02_0055_0003.uasset" 5344
"../../../Engine/Content/EngineMaterials/Substrate/GLints/dict_16_192_64_0p5_0p02_0054_0003.uasset" 5345
"../../../Engine/Content/EngineMaterials/Substrate/GLints/dict_16_192_64_0p5_0p02_0054_0000.uasset" 5346
"C:/Users/jessi/AppData/Local/UnrealEngine/Common/DerivedDataCache/Buckets/FShaderJobCacheShaders/cc/9f/1eab9557fdb584b8c7fb6e30aa62350dbee5.udd" 5347
"../../../Engine/Content/EngineMaterials/Substrate/GLints/dict_16_192_64_0p5_0p02_0054_0004.uasset" 5348
"../../../Engine/Content/EngineMaterials/Substrate/GLints/dict_16_192_64_0p5_0p02_0054_0010.uasset" 5349
"C:/Users/jessi/AppData/Local/UnrealEngine/Common/DerivedDataCache/Buckets/FShaderJobCacheShaders/ac/81/8c665af401c87e10044fff25d4b0ec71b875.udd" 5350
"../../../Engine/Content/EngineMaterials/Substrate/GLints/dict_16_192_64_0p5_0p02_0053_0015.uasset" 5351
"C:/Users/jessi/AppData/Local/UnrealEngine/Common/DerivedDataCache/Buckets/FShaderJobCacheShaders/b3/dd/7b4b25ccb5120c3d535cf84c5b8fc2c30d77.udd" 5352
"../../../Engine/Content/EngineMaterials/Substrate/GLints/dict_16_192_64_0p5_0p02_0055_0004.uasset" 5353
"../../../Engine/Content/EngineMaterials/Substrate/GLints/dict_16_192_64_0p5_0p02_0053_0013.uasset" 5354
"../../../Engine/Content/EngineMaterials/Substrate/GLints/dict_16_192_64_0p5_0p02_0054_0008.uasset" 5355
"../../../Engine/Content/EngineMaterials/Substrate/GLints/dict_16_192_64_0p5_0p02_0053_0010.uasset" 5356
"../../../Engine/Content/EngineMaterials/Substrate/GLints/dict_16_192_64_0p5_0p02_0054_0007.uasset" 5357
"../../../Engine/Content/EngineMaterials/Substrate/GLints/dict_16_192_64_0p5_0p02_0055_0002.uasset" 5358
"../../../Engine/Content/EngineMaterials/Substrate/GLints/dict_16_192_64_0p5_0p02_0053_0007.uasset" 5359
"../../../Engine/Content/EngineMaterials/Substrate/GLints/dict_16_192_64_0p5_0p02_0053_0012.uasset" 5360
"../../../Engine/Content/EngineMaterials/Substrate/GLints/dict_16_192_64_0p5_0p02_0053_0014.uasset" 5361
"../../../Engine/Content/EngineMaterials/Substrate/GLints/dict_16_192_64_0p5_0p02_0055_0001.uasset" 5362
"../../../Engine/Content/EngineMaterials/Substrate/GLints/dict_16_192_64_0p5_0p02_0054_0012.uasset" 5363
"../../../Engine/Content/EngineMaterials/Substrate/GLints/dict_16_192_64_0p5_0p02_0054_0011.uasset" 5364
"../../../Engine/Content/EngineMaterials/Substrate/GLints/dict_16_192_64_0p5_0p02_0053_0005.uasset" 5365
"../../../Engine/Content/EngineMaterials/Substrate/GLints/dict_16_192_64_0p5_0p02_0055_0000.uasset" 5366
"../../../Engine/Content/EngineMaterials/Substrate/GLints/dict_16_192_64_0p5_0p02_0054_0014.uasset" 5367
"../../../Engine/Content/EngineMaterials/Substrate/GLints/dict_16_192_64_0p5_0p02_0053_0008.uasset" 5368
"../../../Engine/Content/EngineMaterials/Substrate/GLints/dict_16_192_64_0p5_0p02_0054_0006.uasset" 5369
"../../../Engine/Content/EngineMaterials/Substrate/GLints/dict_16_192_64_0p5_0p02_0054_0002.uasset" 5370
"C:/Users/jessi/AppData/Local/UnrealEngine/Common/DerivedDataCache/Buckets/FShaderJobCacheShaders/7d/41/0b9ed513f8e5e6d07a97bfe06665a3c1a97e.udd" 5371
"../../../Engine/Content/EngineMaterials/Substrate/GLints/dict_16_192_64_0p5_0p02_0053_0006.uasset" 5372
"C:/Users/jessi/AppData/Local/UnrealEngine/Common/DerivedDataCache/Buckets/FShaderJobCacheShaders/bf/0b/395e2eeda464a2c60819def812b123062a11.udd" 5373
"C:/Users/jessi/AppData/Local/UnrealEngine/Common/DerivedDataCache/Buckets/FShaderJobCacheShaders/ba/3a/c5cdbd6de4b077fab5cfd6994884ca1912e4.udd" 5374
"../../../Engine/Content/EngineMaterials/Substrate/GLints/dict_16_192_64_0p5_0p02_0054_0001.uasset" 5375
"../../../Engine/Content/EngineMaterials/Substrate/GLints/dict_16_192_64_0p5_0p02_0054_0005.uasset" 5376
"../../../Engine/Content/EngineMaterials/Substrate/GLints/dict_16_192_64_0p5_0p02_0053_0011.uasset" 5377
"../../../Engine/Content/EngineMaterials/Substrate/GLints/dict_16_192_64_0p5_0p02_0053_0009.uasset" 5378
"../../../Engine/Content/EngineMaterials/Substrate/GLints/dict_16_192_64_0p5_0p02_0054_0009.uasset" 5379
"C:/Users/jessi/AppData/Local/UnrealEngine/Common/DerivedDataCache/Buckets/FShaderJobCacheShaders/09/6a/8287c0ce3c47ca4edabce52405b7df102cf7.udd" 5380
"C:/Users/jessi/AppData/Local/UnrealEngine/Common/DerivedDataCache/Buckets/FShaderJobCacheShaders/db/c5/d15fec624232ceaee2f135a3c7332efb3d3b.udd" 5381
"C:/Users/jessi/AppData/Local/UnrealEngine/Common/DerivedDataCache/Buckets/FShaderJobCacheShaders/84/cb/0d330c293faeafa0beb07664bcab3838f720.udd" 5382
"C:/Users/jessi/AppData/Local/UnrealEngine/Common/DerivedDataCache/Buckets/FShaderJobCacheShaders/7f/ff/7beac34b3c4adb597ad907ff65f8cc8e3681.udd" 5383
"C:/Users/jessi/AppData/Local/UnrealEngine/Common/DerivedDataCache/Buckets/FShaderJobCacheShaders/ae/88/a15251cc6cb1af7a767809b530235657d7f3.udd" 5384
"C:/Users/jessi/AppData/Local/UnrealEngine/Common/DerivedDataCache/Buckets/FShaderJobCacheShaders/6c/37/21b6b3f9ea02e42ab67973e33aea211ca3c2.udd" 5385
"C:/Users/jessi/AppData/Local/UnrealEngine/Common/DerivedDataCache/Buckets/FShaderJobCacheShaders/9c/68/0985a68d4a4dac12bcef075185dfb32af566.udd" 5386
"C:/Users/jessi/AppData/Local/UnrealEngine/Common/DerivedDataCache/Buckets/FShaderJobCacheShaders/ce/16/f6c22e5efc96dcb7b4c1a6150a114bccea3a.udd" 5387
"C:/Users/jessi/AppData/Local/UnrealEngine/Common/DerivedDataCache/Buckets/FShaderJobCacheShaders/9f/7b/abae662d3b4bcac02d55c0ab3ae8f3d9df4b.udd" 5388
"C:/Users/jessi/AppData/Local/UnrealEngine/Common/DerivedDataCache/Buckets/FShaderJobCacheShaders/72/4f/a1272dbc8727bdc0b3113febab8e31da9220.udd" 5389
"C:/Users/jessi/AppData/Local/UnrealEngine/Common/DerivedDataCache/Buckets/FShaderJobCacheShaders/24/ba/b9ec16bdd37d6275e035734a2914d6b4188d.udd" 5390
"/Engine/EngineMaterials/Substrate/GLints/dict_16_192_64_0p5_0p02_0053_0005" 5391
"/Engine/EngineMaterials/Substrate/GLints/dict_16_192_64_0p5_0p02_0053_0006" 5392
"/Engine/EngineMaterials/Substrate/GLints/dict_16_192_64_0p5_0p02_0053_0007" 5393
"/Engine/EngineMaterials/Substrate/GLints/dict_16_192_64_0p5_0p02_0053_0008" 5394
"/Engine/EngineMaterials/Substrate/GLints/dict_16_192_64_0p5_0p02_0053_0009" 5395
"/Engine/EngineMaterials/Substrate/GLints/dict_16_192_64_0p5_0p02_0053_0010" 5396
"/Engine/EngineMaterials/Substrate/GLints/dict_16_192_64_0p5_0p02_0053_0011" 5397
"/Engine/EngineMaterials/Substrate/GLints/dict_16_192_64_0p5_0p02_0053_0012" 5398
"/Engine/EngineMaterials/Substrate/GLints/dict_16_192_64_0p5_0p02_0053_0013" 5399
"/Engine/EngineMaterials/Substrate/GLints/dict_16_192_64_0p5_0p02_0053_0014" 5400
"/Engine/EngineMaterials/Substrate/GLints/dict_16_192_64_0p5_0p02_0053_0015" 5401
"/Engine/EngineMaterials/Substrate/GLints/dict_16_192_64_0p5_0p02_0054_0000" 5402
"/Engine/EngineMaterials/Substrate/GLints/dict_16_192_64_0p5_0p02_0054_0001" 5403
"/Engine/EngineMaterials/Substrate/GLints/dict_16_192_64_0p5_0p02_0054_0002" 5404
"/Engine/EngineMaterials/Substrate/GLints/dict_16_192_64_0p5_0p02_0054_0003" 5405
"/Engine/EngineMaterials/Substrate/GLints/dict_16_192_64_0p5_0p02_0054_0004" 5406
"/Engine/EngineMaterials/Substrate/GLints/dict_16_192_64_0p5_0p02_0054_0005" 5407
"/Engine/EngineMaterials/Substrate/GLints/dict_16_192_64_0p5_0p02_0054_0006" 5408
"/Engine/EngineMaterials/Substrate/GLints/dict_16_192_64_0p5_0p02_0054_0007" 5409
"/Engine/EngineMaterials/Substrate/GLints/dict_16_192_64_0p5_0p02_0054_0008" 5410
"C:/Users/jessi/AppData/Local/UnrealEngine/Common/DerivedDataCache/Buckets/FShaderJobCacheShaders/7d/e5/eb9f379928eb2ab7ab188d7c46ffcc84ae2d.udd" 5411
"/Engine/EngineMaterials/Substrate/GLints/dict_16_192_64_0p5_0p02_0054_0009" 5412
"/Engine/EngineMaterials/Substrate/GLints/dict_16_192_64_0p5_0p02_0054_0010" 5413
"/Engine/EngineMaterials/Substrate/GLints/dict_16_192_64_0p5_0p02_0054_0011" 5414
"/Engine/EngineMaterials/Substrate/GLints/dict_16_192_64_0p5_0p02_0054_0012" 5415
"/Engine/EngineMaterials/Substrate/GLints/dict_16_192_64_0p5_0p02_0054_0013" 5416
"/Engine/EngineMaterials/Substrate/GLints/dict_16_192_64_0p5_0p02_0054_0014" 5417
"/Engine/EngineMaterials/Substrate/GLints/dict_16_192_64_0p5_0p02_0054_0015" 5418
"/Engine/EngineMaterials/Substrate/GLints/dict_16_192_64_0p5_0p02_0055_0000" 5419
"/Engine/EngineMaterials/Substrate/GLints/dict_16_192_64_0p5_0p02_0055_0001" 5420
"/Engine/EngineMaterials/Substrate/GLints/dict_16_192_64_0p5_0p02_0055_0002" 5421
"/Engine/EngineMaterials/Substrate/GLints/dict_16_192_64_0p5_0p02_0055_0003" 5422
"/Engine/EngineMaterials/Substrate/GLints/dict_16_192_64_0p5_0p02_0055_0004" 5423
"D:/github test/Gamejam/Content/Characters/Mannequins/Textures/Manny/T_Manny_02_BN.uasset" 5424
"D:/github test/Gamejam/Content/Characters/Mannequins/Textures/Manny/T_Manny_02_D.uasset" 5425
"/Game/UI/lose" 5426
"D:/github test/Gamejam/Content/Characters/Mannequins/Textures/Manny/T_Manny_02_MRA.uasset" 5427
"D:/github test/Gamejam/Content/Characters/Mannequins/Rigs/PA_Mannequin.uasset" 5428
"D:/github test/Gamejam/Content/Input/Touch/BPI_TouchInterface.uasset" 5429
"C:/Users/jessi/AppData/Local/UnrealEngine/Common/DerivedDataCache/Buckets/FShaderJobCacheShaders/b6/f4/c00fc7b04db1e94ea25d710563f80e9a4106.udd" 5430
"../../../Engine/Content/EngineMaterials/Substrate/GLints/dict_16_192_64_0p5_0p02_0053_0001.uasset" 5431
"../../../Engine/Content/EngineMaterials/Substrate/GLints/dict_16_192_64_0p5_0p02_0052_0015.uasset" 5432
"../../../Engine/Content/EngineMaterials/Substrate/GLints/dict_16_192_64_0p5_0p02_0053_0004.uasset" 5433
"/Game/UI/win" 5434
"../../../Engine/Content/EngineMaterials/Substrate/GLints/dict_16_192_64_0p5_0p02_0053_0000.uasset" 5435
"../../../Engine/Content/EngineMaterials/Substrate/GLints/dict_16_192_64_0p5_0p02_0053_0003.uasset" 5436
"../../../Engine/Content/EngineMaterials/Substrate/GLints/dict_16_192_64_0p5_0p02_0052_0010.uasset" 5437
"../../../Engine/Content/EngineMaterials/Substrate/GLints/dict_16_192_64_0p5_0p02_0052_0012.uasset" 5438
"../../../Engine/Content/EngineMaterials/Substrate/GLints/dict_16_192_64_0p5_0p02_0052_0014.uasset" 5439
"../../../Engine/Content/EngineMaterials/Substrate/GLints/dict_16_192_64_0p5_0p02_0053_0002.uasset" 5440
"../../../Engine/Content/EngineMaterials/Substrate/GLints/dict_16_192_64_0p5_0p02_0052_0004.uasset" 5441
"../../../Engine/Content/EngineMaterials/Substrate/GLints/dict_16_192_64_0p5_0p02_0052_0007.uasset" 5442
"../../../Engine/Content/EngineMaterials/Substrate/GLints/dict_16_192_64_0p5_0p02_0052_0002.uasset" 5443
"../../../Engine/Content/EngineMaterials/Substrate/GLints/dict_16_192_64_0p5_0p02_0052_0005.uasset" 5444
"../../../Engine/Content/EngineMaterials/Substrate/GLints/dict_16_192_64_0p5_0p02_0052_0009.uasset" 5445
"../../../Engine/Content/EngineMaterials/Substrate/GLints/dict_16_192_64_0p5_0p02_0052_0003.uasset" 5446
"../../../Engine/Content/EngineMaterials/Substrate/GLints/dict_16_192_64_0p5_0p02_0052_0011.uasset" 5447
"../../../Engine/Content/EngineMaterials/Substrate/GLints/dict_16_192_64_0p5_0p02_0052_0008.uasset" 5448
"../../../Engine/Content/EngineMaterials/Substrate/GLints/dict_16_192_64_0p5_0p02_0052_0013.uasset" 5449
"/Engine/EngineMaterials/Substrate/GLints/dict_16_192_64_0p5_0p02_0052_0002" 5450
"/Engine/EngineMaterials/Substrate/GLints/dict_16_192_64_0p5_0p02_0052_0003" 5451
"/Engine/EngineMaterials/Substrate/GLints/dict_16_192_64_0p5_0p02_0052_0004" 5452
"/Engine/EngineMaterials/Substrate/GLints/dict_16_192_64_0p5_0p02_0052_0005" 5453
"/Engine/EngineMaterials/Substrate/GLints/dict_16_192_64_0p5_0p02_0052_0007" 5454
"../../../Engine/Content/EngineMaterials/Substrate/GLints/dict_16_192_64_0p5_0p02_0052_0001.uasset" 5455
"../../../Engine/Content/EngineMaterials/Substrate/GLints/dict_16_192_64_0p5_0p02_0052_0006.uasset" 5456
"/Engine/EngineMaterials/Substrate/GLints/dict_16_192_64_0p5_0p02_0052_0008" 5457
"/Engine/EngineMaterials/Substrate/GLints/dict_16_192_64_0p5_0p02_0052_0009" 5458
"C:/Users/jessi/AppData/Local/UnrealEngine/Common/DerivedDataCache/Buckets/LegacyTEXTURE/75/3b/a997d4b1c429da98bce1615fa95e9c9185a1.udd" 5459
"/Engine/EngineMaterials/Substrate/GLints/dict_16_192_64_0p5_0p02_0052_0010" 5460
"/Engine/EngineMaterials/Substrate/GLints/dict_16_192_64_0p5_0p02_0052_0011" 5461
"/Engine/EngineMaterials/Substrate/GLints/dict_16_192_64_0p5_0p02_0052_0012" 5462
"/Engine/EngineMaterials/Substrate/GLints/dict_16_192_64_0p5_0p02_0052_0013" 5463
"/Engine/EngineMaterials/Substrate/GLints/dict_16_192_64_0p5_0p02_0052_0014" 5464
"/Engine/EngineMaterials/Substrate/GLints/dict_16_192_64_0p5_0p02_0052_0015" 5465
"/Engine/EngineMaterials/Substrate/GLints/dict_16_192_64_0p5_0p02_0053_0000" 5466
"/Engine/EngineMaterials/Substrate/GLints/dict_16_192_64_0p5_0p02_0053_0001" 5467
"../../../Engine/Content/EngineMaterials/Substrate/GLints/dict_16_192_64_0p5_0p02_0051_0015.uasset" 5468
"/Engine/EngineMaterials/Substrate/GLints/dict_16_192_64_0p5_0p02_0053_0002" 5469
"../../../Engine/Content/EngineMaterials/Substrate/GLints/dict_16_192_64_0p5_0p02_0052_0000.uasset" 5470
"/Engine/EngineMaterials/Substrate/GLints/dict_16_192_64_0p5_0p02_0053_0003" 5471
"/Engine/EngineMaterials/Substrate/GLints/dict_16_192_64_0p5_0p02_0053_0004" 5472
"/Engine/EngineSky/VolumetricClouds/T_CloudMask" 5473
"/Engine/EngineSky/VolumetricClouds/T_CloudPattern" 5474
"/Engine/EngineSky/VolumetricClouds/T_Profile_08" 5475
"/Engine/EngineSky/VolumetricClouds/VT_PerlinWorley_Balanced" 5476
"/Game/Input/Touch/BPI_TouchInterface" 5477
"/Game/Characters/Mannequins/Rigs/PA_Mannequin" 5478
"/Game/Characters/Mannequins/Textures/Manny/T_Manny_02_MRA" 5479
"/Game/Characters/Mannequins/Textures/Manny/T_Manny_02_D" 5480
"/Game/Characters/Mannequins/Textures/Manny/T_Manny_02_BN" 5481
"/Game/FirstPerson/Blueprints/BP_FirstPersonCameraManager" 5482
"/Engine/EngineMaterials/Substrate/GLints/dict_16_192_64_0p5_0p02_0052_0001" 5483
"/Engine/EngineMaterials/Substrate/GLints/dict_16_192_64_0p5_0p02_0052_0006" 5484
"/Engine/EngineMaterials/Substrate/GLints/dict_16_192_64_0p5_0p02_0051_0015" 5485
"/Engine/EngineMaterials/Substrate/GLints/dict_16_192_64_0p5_0p02_0052_0000" 5486
"../../../Engine/Content/EngineMaterials/Substrate/GLints/dict_16_192_64_0p5_0p02_0050_0004.uasset" 5487
"../../../Engine/Content/EngineMaterials/Substrate/GLints/dict_16_192_64_0p5_0p02_0051_0003.uasset" 5488
"../../../Engine/Content/EngineMaterials/Substrate/GLints/dict_16_192_64_0p5_0p02_0051_0001.uasset" 5489
"../../../Engine/Content/EngineMaterials/Substrate/GLints/dict_16_192_64_0p5_0p02_0051_0012.uasset" 5490
"../../../Engine/Content/EngineMaterials/Substrate/GLints/dict_16_192_64_0p5_0p02_0050_0011.uasset" 5491
"../../../Engine/Content/EngineMaterials/Substrate/GLints/dict_16_192_64_0p5_0p02_0051_0011.uasset" 5492
"../../../Engine/Content/EngineMaterials/Substrate/GLints/dict_16_192_64_0p5_0p02_0050_0008.uasset" 5493
"../../../Engine/Content/EngineMaterials/Substrate/GLints/dict_16_192_64_0p5_0p02_0051_0013.uasset" 5494
"../../../Engine/Content/EngineMaterials/Substrate/GLints/dict_16_192_64_0p5_0p02_0051_0004.uasset" 5495
"../../../Engine/Content/EngineMaterials/Substrate/GLints/dict_16_192_64_0p5_0p02_0051_0014.uasset" 5496
"../../../Engine/Content/EngineMaterials/Substrate/GLints/dict_16_192_64_0p5_0p02_0051_0005.uasset" 5497
"../../../Engine/Content/EngineMaterials/Substrate/GLints/dict_16_192_64_0p5_0p02_0050_0010.uasset" 5498
"../../../Engine/Content/EngineMaterials/Substrate/GLints/dict_16_192_64_0p5_0p02_0050_0007.uasset" 5499
"../../../Engine/Content/EngineMaterials/Substrate/GLints/dict_16_192_64_0p5_0p02_0050_0015.uasset" 5500
"../../../Engine/Content/EngineMaterials/Substrate/GLints/dict_16_192_64_0p5_0p02_0050_0012.uasset" 5501
"../../../Engine/Content/EngineMaterials/Substrate/GLints/dict_16_192_64_0p5_0p02_0050_0003.uasset" 5502
"../../../Engine/Content/EngineMaterials/Substrate/GLints/dict_16_192_64_0p5_0p02_0051_0009.uasset" 5503
"../../../Engine/Content/EngineMaterials/Substrate/GLints/dict_16_192_64_0p5_0p02_0051_0006.uasset" 5504
"../../../Engine/Content/EngineMaterials/Substrate/GLints/dict_16_192_64_0p5_0p02_0051_0000.uasset" 5505
"../../../Engine/Content/EngineMaterials/Substrate/GLints/dict_16_192_64_0p5_0p02_0050_0000.uasset" 5506
"../../../Engine/Content/EngineMaterials/Substrate/GLints/dict_16_192_64_0p5_0p02_0051_0007.uasset" 5507
"../../../Engine/Content/EngineMaterials/Substrate/GLints/dict_16_192_64_0p5_0p02_0051_0010.uasset" 5508
"../../../Engine/Content/EngineMaterials/Substrate/GLints/dict_16_192_64_0p5_0p02_0050_0001.uasset" 5509
"../../../Engine/Content/EngineMaterials/Substrate/GLints/dict_16_192_64_0p5_0p02_0050_0005.uasset" 5510
"../../../Engine/Content/EngineMaterials/Substrate/GLints/dict_16_192_64_0p5_0p02_0050_0002.uasset" 5511
"../../../Engine/Content/EngineMaterials/Substrate/GLints/dict_16_192_64_0p5_0p02_0051_0008.uasset" 5512
"../../../Engine/Content/EngineMaterials/Substrate/GLints/dict_16_192_64_0p5_0p02_0050_0006.uasset" 5513
"../../../Engine/Content/EngineMaterials/Substrate/GLints/dict_16_192_64_0p5_0p02_0050_0009.uasset" 5514
"../../../Engine/Content/EngineMaterials/Substrate/GLints/dict_16_192_64_0p5_0p02_0051_0002.uasset" 5515
"../../../Engine/Content/EngineMaterials/Substrate/GLints/dict_16_192_64_0p5_0p02_0049_0015.uasset" 5516
"../../../Engine/Content/EngineMaterials/Substrate/GLints/dict_16_192_64_0p5_0p02_0050_0014.uasset" 5517
"../../../Engine/Content/EngineMaterials/Substrate/GLints/dict_16_192_64_0p5_0p02_0050_0013.uasset" 5518
"/Engine/EngineMaterials/Substrate/GLints/dict_16_192_64_0p5_0p02_0049_0015" 5519
"/Engine/EngineMaterials/Substrate/GLints/dict_16_192_64_0p5_0p02_0050_0003" 5520
"/Engine/EngineMaterials/Substrate/GLints/dict_16_192_64_0p5_0p02_0050_0004" 5521
"/Engine/EngineMaterials/Substrate/GLints/dict_16_192_64_0p5_0p02_0050_0005" 5522
"/Engine/EngineMaterials/Substrate/GLints/dict_16_192_64_0p5_0p02_0050_0006" 5523
"/Engine/EngineMaterials/Substrate/GLints/dict_16_192_64_0p5_0p02_0050_0000" 5524
"/Engine/EngineMaterials/Substrate/GLints/dict_16_192_64_0p5_0p02_0050_0007" 5525
"/Engine/EngineMaterials/Substrate/GLints/dict_16_192_64_0p5_0p02_0050_0008" 5526
"/Engine/EngineMaterials/Substrate/GLints/dict_16_192_64_0p5_0p02_0050_0009" 5527
"/Engine/EngineMaterials/Substrate/GLints/dict_16_192_64_0p5_0p02_0050_0010" 5528
"/Engine/EngineMaterials/Substrate/GLints/dict_16_192_64_0p5_0p02_0050_0011" 5529
"/Engine/EngineMaterials/Substrate/GLints/dict_16_192_64_0p5_0p02_0050_0012" 5530
"/Engine/EngineMaterials/Substrate/GLints/dict_16_192_64_0p5_0p02_0050_0013" 5531
"/Engine/EngineMaterials/Substrate/GLints/dict_16_192_64_0p5_0p02_0050_0014" 5532
"/Engine/EngineMaterials/Substrate/GLints/dict_16_192_64_0p5_0p02_0050_0015" 5533
"/Engine/EngineMaterials/Substrate/GLints/dict_16_192_64_0p5_0p02_0051_0000" 5534
"/Engine/EngineMaterials/Substrate/GLints/dict_16_192_64_0p5_0p02_0051_0001" 5535
"/Engine/EngineMaterials/Substrate/GLints/dict_16_192_64_0p5_0p02_0051_0002" 5536
"/Engine/EngineMaterials/Substrate/GLints/dict_16_192_64_0p5_0p02_0051_0003" 5537
"/Engine/EngineMaterials/Substrate/GLints/dict_16_192_64_0p5_0p02_0051_0004" 5538
"/Engine/EngineMaterials/Substrate/GLints/dict_16_192_64_0p5_0p02_0051_0005" 5539
"/Engine/EngineMaterials/Substrate/GLints/dict_16_192_64_0p5_0p02_0051_0006" 5540
"/Engine/EngineMaterials/Substrate/GLints/dict_16_192_64_0p5_0p02_0051_0007" 5541
"/Engine/EngineMaterials/Substrate/GLints/dict_16_192_64_0p5_0p02_0051_0008" 5542
"/Engine/EngineMaterials/Substrate/GLints/dict_16_192_64_0p5_0p02_0051_0009" 5543
"/Engine/EngineMaterials/Substrate/GLints/dict_16_192_64_0p5_0p02_0051_0010" 5544
"/Engine/EngineMaterials/Substrate/GLints/dict_16_192_64_0p5_0p02_0051_0011" 5545
"/Engine/EngineMaterials/Substrate/GLints/dict_16_192_64_0p5_0p02_0051_0012" 5546
"/Engine/EngineMaterials/Substrate/GLints/dict_16_192_64_0p5_0p02_0051_0013" 5547
"/Engine/EngineMaterials/Substrate/GLints/dict_16_192_64_0p5_0p02_0051_0014" 5548
"/Engine/EngineMaterials/Substrate/GLints/dict_16_192_64_0p5_0p02_0050_0001" 5549
"/Engine/EngineMaterials/Substrate/GLints/dict_16_192_64_0p5_0p02_0050_0002" 5550
"/Engine/EngineSky/M_SimpleSkyDome" 5551
"../../../Engine/Content/EngineMaterials/Substrate/GLints/dict_16_192_64_0p5_0p02_0049_0006.uasset" 5552
"../../../Engine/Content/EngineMaterials/Substrate/GLints/dict_16_192_64_0p5_0p02_0048_0012.uasset" 5553
"../../../Engine/Content/EngineMaterials/Substrate/GLints/dict_16_192_64_0p5_0p02_0049_0011.uasset" 5554
"../../../Engine/Content/EngineMaterials/Substrate/GLints/dict_16_192_64_0p5_0p02_0048_0014.uasset" 5555
"../../../Engine/Content/EngineMaterials/Substrate/GLints/dict_16_192_64_0p5_0p02_0048_0011.uasset" 5556
"../../../Engine/Content/EngineMaterials/Substrate/GLints/dict_16_192_64_0p5_0p02_0048_0007.uasset" 5557
"../../../Engine/Content/EngineMaterials/Substrate/GLints/dict_16_192_64_0p5_0p02_0048_0003.uasset" 5558
"../../../Engine/Content/EngineMaterials/Substrate/GLints/dict_16_192_64_0p5_0p02_0049_0002.uasset" 5559
"../../../Engine/Content/EngineMaterials/Substrate/GLints/dict_16_192_64_0p5_0p02_0049_0009.uasset" 5560
"../../../Engine/Content/EngineMaterials/Substrate/GLints/dict_16_192_64_0p5_0p02_0049_0014.uasset" 5561
"../../../Engine/Content/EngineMaterials/Substrate/GLints/dict_16_192_64_0p5_0p02_0049_0005.uasset" 5562
"../../../Engine/Content/EngineMaterials/Substrate/GLints/dict_16_192_64_0p5_0p02_0049_0007.uasset" 5563
"../../../Engine/Content/EngineMaterials/Substrate/GLints/dict_16_192_64_0p5_0p02_0048_0013.uasset" 5564
"../../../Engine/Content/EngineMaterials/Substrate/GLints/dict_16_192_64_0p5_0p02_0049_0000.uasset" 5565
"../../../Engine/Content/EngineMaterials/Substrate/GLints/dict_16_192_64_0p5_0p02_0048_0010.uasset" 5566
"../../../Engine/Content/EngineMaterials/Substrate/GLints/dict_16_192_64_0p5_0p02_0047_0015.uasset" 5567
"../../../Engine/Content/EngineMaterials/Substrate/GLints/dict_16_192_64_0p5_0p02_0048_0005.uasset" 5568
"../../../Engine/Content/EngineMaterials/Substrate/GLints/dict_16_192_64_0p5_0p02_0048_0004.uasset" 5569
"../../../Engine/Content/EngineMaterials/Substrate/GLints/dict_16_192_64_0p5_0p02_0048_0002.uasset" 5570
"../../../Engine/Content/EngineMaterials/Substrate/GLints/dict_16_192_64_0p5_0p02_0048_0000.uasset" 5571
"../../../Engine/Content/EngineMaterials/Substrate/GLints/dict_16_192_64_0p5_0p02_0049_0008.uasset" 5572
"../../../Engine/Content/EngineMaterials/Substrate/GLints/dict_16_192_64_0p5_0p02_0049_0001.uasset" 5573
"../../../Engine/Content/EngineMaterials/Substrate/GLints/dict_16_192_64_0p5_0p02_0049_0004.uasset" 5574
"../../../Engine/Content/EngineMaterials/Substrate/GLints/dict_16_192_64_0p5_0p02_0049_0010.uasset" 5575
"../../../Engine/Content/EngineMaterials/Substrate/GLints/dict_16_192_64_0p5_0p02_0048_0015.uasset" 5576
"../../../Engine/Content/EngineMaterials/Substrate/GLints/dict_16_192_64_0p5_0p02_0048_0008.uasset" 5577
"../../../Engine/Content/EngineMaterials/Substrate/GLints/dict_16_192_64_0p5_0p02_0048_0006.uasset" 5578
"../../../Engine/Content/EngineMaterials/Substrate/GLints/dict_16_192_64_0p5_0p02_0049_0012.uasset" 5579
"../../../Engine/Content/EngineMaterials/Substrate/GLints/dict_16_192_64_0p5_0p02_0049_0003.uasset" 5580
"../../../Engine/Content/EngineMaterials/Substrate/GLints/dict_16_192_64_0p5_0p02_0049_0013.uasset" 5581
"../../../Engine/Content/EngineMaterials/Substrate/GLints/dict_16_192_64_0p5_0p02_0048_0001.uasset" 5582
"../../../Engine/Content/EngineMaterials/Substrate/GLints/dict_16_192_64_0p5_0p02_0048_0009.uasset" 5583
"/Engine/EngineMaterials/Substrate/GLints/dict_16_192_64_0p5_0p02_0048_0003" 5584
"/Engine/EngineMaterials/Substrate/GLints/dict_16_192_64_0p5_0p02_0048_0004" 5585
"/Engine/EngineMaterials/Substrate/GLints/dict_16_192_64_0p5_0p02_0048_0005" 5586
"/Engine/EngineMaterials/Substrate/GLints/dict_16_192_64_0p5_0p02_0048_0006" 5587
"/Engine/EngineMaterials/Substrate/GLints/dict_16_192_64_0p5_0p02_0048_0007" 5588
"/Engine/EngineMaterials/Substrate/GLints/dict_16_192_64_0p5_0p02_0048_0008" 5589
"/Engine/EngineMaterials/Substrate/GLints/dict_16_192_64_0p5_0p02_0048_0009" 5590
"/Engine/EngineMaterials/Substrate/GLints/dict_16_192_64_0p5_0p02_0048_0010" 5591
"/Engine/EngineMaterials/Substrate/GLints/dict_16_192_64_0p5_0p02_0048_0011" 5592
"/Engine/EngineMaterials/Substrate/GLints/dict_16_192_64_0p5_0p02_0048_0012" 5593
"/Engine/EngineMaterials/Substrate/GLints/dict_16_192_64_0p5_0p02_0048_0013" 5594
"/Engine/EngineMaterials/Substrate/GLints/dict_16_192_64_0p5_0p02_0048_0014" 5595
"/Engine/EngineMaterials/Substrate/GLints/dict_16_192_64_0p5_0p02_0048_0015" 5596
"/Engine/EngineMaterials/Substrate/GLints/dict_16_192_64_0p5_0p02_0049_0000" 5597
"/Engine/EngineMaterials/Substrate/GLints/dict_16_192_64_0p5_0p02_0049_0001" 5598
"/Engine/EngineMaterials/Substrate/GLints/dict_16_192_64_0p5_0p02_0049_0002" 5599
"/Engine/EngineMaterials/Substrate/GLints/dict_16_192_64_0p5_0p02_0049_0003" 5600
"/Engine/EngineMaterials/Substrate/GLints/dict_16_192_64_0p5_0p02_0049_0004" 5601
"/Engine/EngineMaterials/Substrate/GLints/dict_16_192_64_0p5_0p02_0049_0005" 5602
"/Engine/EngineMaterials/Substrate/GLints/dict_16_192_64_0p5_0p02_0049_0006" 5603
"/Engine/EngineMaterials/Substrate/GLints/dict_16_192_64_0p5_0p02_0049_0007" 5604
"/Engine/EngineMaterials/Substrate/GLints/dict_16_192_64_0p5_0p02_0049_0008" 5605
"/Engine/EngineMaterials/Substrate/GLints/dict_16_192_64_0p5_0p02_0049_0009" 5606
"/Engine/EngineMaterials/Substrate/GLints/dict_16_192_64_0p5_0p02_0049_0010" 5607
"/Engine/EngineMaterials/Substrate/GLints/dict_16_192_64_0p5_0p02_0049_0011" 5608
"/Engine/EngineMaterials/Substrate/GLints/dict_16_192_64_0p5_0p02_0049_0012" 5609
"/Engine/EngineMaterials/Substrate/GLints/dict_16_192_64_0p5_0p02_0049_0013" 5610
"/Engine/EngineMaterials/Substrate/GLints/dict_16_192_64_0p5_0p02_0049_0014" 5611
"/Engine/EngineMaterials/Substrate/GLints/dict_16_192_64_0p5_0p02_0048_0000" 5612
"/Engine/EngineMaterials/Substrate/GLints/dict_16_192_64_0p5_0p02_0047_0015" 5613
"/Engine/EngineMaterials/Substrate/GLints/dict_16_192_64_0p5_0p02_0048_0001" 5614
"/Engine/EngineMaterials/Substrate/GLints/dict_16_192_64_0p5_0p02_0048_0002" 5615
"C:/Users/jessi/AppData/Local/UnrealEngine/Common/DerivedDataCache/Buckets/FShaderJobCacheShaders/e7/90/7bb8e1aff8095043143fd1085fe075e4ca82.udd" 5616
"../../../Engine/Content/EngineMaterials/Substrate/GLints/dict_16_192_64_0p5_0p02_0046_0011.uasset" 5617
"../../../Engine/Content/EngineMaterials/Substrate/GLints/dict_16_192_64_0p5_0p02_0046_0013.uasset" 5618
"../../../Engine/Content/EngineMaterials/Substrate/GLints/dict_16_192_64_0p5_0p02_0047_0000.uasset" 5619
"../../../Engine/Content/EngineMaterials/Substrate/GLints/dict_16_192_64_0p5_0p02_0047_0004.uasset" 5620
"../../../Engine/Content/EngineMaterials/Substrate/GLints/dict_16_192_64_0p5_0p02_0046_0012.uasset" 5621
"../../../Engine/Content/EngineMaterials/Substrate/GLints/dict_16_192_64_0p5_0p02_0046_0014.uasset" 5622
"../../../Engine/Content/EngineMaterials/Substrate/GLints/dict_16_192_64_0p5_0p02_0047_0008.uasset" 5623
"../../../Engine/Content/EngineMaterials/Substrate/GLints/dict_16_192_64_0p5_0p02_0047_0007.uasset" 5624
"../../../Engine/Content/EngineMaterials/Substrate/GLints/dict_16_192_64_0p5_0p02_0047_0013.uasset" 5625
"../../../Engine/Content/EngineMaterials/Substrate/GLints/dict_16_192_64_0p5_0p02_0046_0004.uasset" 5626
"../../../Engine/Content/EngineMaterials/Substrate/GLints/dict_16_192_64_0p5_0p02_0047_0012.uasset" 5627
"../../../Engine/Content/EngineMaterials/Substrate/GLints/dict_16_192_64_0p5_0p02_0047_0003.uasset" 5628
"../../../Engine/Content/EngineMaterials/Substrate/GLints/dict_16_192_64_0p5_0p02_0047_0014.uasset" 5629
"../../../Engine/Content/EngineMaterials/Substrate/GLints/dict_16_192_64_0p5_0p02_0046_0000.uasset" 5630
"C:/Users/jessi/AppData/Local/UnrealEngine/Common/DerivedDataCache/Buckets/FShaderJobCacheShaders/18/5e/560dc1bef7501277c4106b7579e84dd7f0eb.udd" 5631
"../../../Engine/Content/EngineMaterials/Substrate/GLints/dict_16_192_64_0p5_0p02_0045_0015.uasset" 5632
"../../../Engine/Content/EngineMaterials/Substrate/GLints/dict_16_192_64_0p5_0p02_0046_0002.uasset" 5633
"../../../Engine/Content/EngineMaterials/Substrate/GLints/dict_16_192_64_0p5_0p02_0046_0008.uasset" 5634
"../../../Engine/Content/EngineMaterials/Substrate/GLints/dict_16_192_64_0p5_0p02_0047_0005.uasset" 5635
"../../../Engine/Content/EngineMaterials/Substrate/GLints/dict_16_192_64_0p5_0p02_0046_0005.uasset" 5636
"C:/Users/jessi/AppData/Local/UnrealEngine/Common/DerivedDataCache/Buckets/FShaderJobCacheShaders/ef/11/45f180d3daa1e648594c6d908bd037b4a0d6.udd" 5637
"../../../Engine/Content/EngineMaterials/Substrate/GLints/dict_16_192_64_0p5_0p02_0046_0015.uasset" 5638
"../../../Engine/Content/EngineMaterials/Substrate/GLints/dict_16_192_64_0p5_0p02_0047_0009.uasset" 5639
"../../../Engine/Content/EngineMaterials/Substrate/GLints/dict_16_192_64_0p5_0p02_0046_0007.uasset" 5640
"../../../Engine/Content/EngineMaterials/Substrate/GLints/dict_16_192_64_0p5_0p02_0047_0006.uasset" 5641
"../../../Engine/Content/EngineMaterials/Substrate/GLints/dict_16_192_64_0p5_0p02_0047_0011.uasset" 5642
"../../../Engine/Content/EngineMaterials/Substrate/GLints/dict_16_192_64_0p5_0p02_0047_0002.uasset" 5643
"../../../Engine/Content/EngineMaterials/Substrate/GLints/dict_16_192_64_0p5_0p02_0046_0009.uasset" 5644
"../../../Engine/Content/EngineMaterials/Substrate/GLints/dict_16_192_64_0p5_0p02_0047_0010.uasset" 5645
"../../../Engine/Content/EngineMaterials/Substrate/GLints/dict_16_192_64_0p5_0p02_0047_0001.uasset" 5646
"../../../Engine/Content/EngineMaterials/Substrate/GLints/dict_16_192_64_0p5_0p02_0046_0010.uasset" 5647
"../../../Engine/Content/EngineMaterials/Substrate/GLints/dict_16_192_64_0p5_0p02_0046_0006.uasset" 5648
"../../../Engine/Content/EngineMaterials/Substrate/GLints/dict_16_192_64_0p5_0p02_0046_0003.uasset" 5649
"../../../Engine/Content/EngineMaterials/Substrate/GLints/dict_16_192_64_0p5_0p02_0046_0001.uasset" 5650
"C:/Users/jessi/AppData/Local/UnrealEngine/Common/DerivedDataCache/Buckets/FShaderJobCacheShaders/a6/72/c558d66276ea8600ae7a4f1ddc00614e7dc1.udd" 5651
"C:/Users/jessi/AppData/Local/UnrealEngine/Common/DerivedDataCache/Buckets/FShaderJobCacheShaders/66/85/f2510035b0dc2e2dc75a502b43e1edd2d1ed.udd" 5652
"C:/Users/jessi/AppData/Local/UnrealEngine/Common/DerivedDataCache/Buckets/FShaderJobCacheShaders/f8/86/dd111da441bac28ef2b2ea6509820f0e89b1.udd" 5653
"C:/Users/jessi/AppData/Local/UnrealEngine/Common/DerivedDataCache/Buckets/FShaderJobCacheShaders/a0/bd/b1a1f6c12968d5cd4fbcd830adfc1d6ab9ab.udd" 5654
"C:/Users/jessi/AppData/Local/UnrealEngine/Common/DerivedDataCache/Buckets/FShaderJobCacheShaders/aa/75/8315b618ad23c76d3da0eb9f0b06fdd9a325.udd" 5655
"C:/Users/jessi/AppData/Local/UnrealEngine/Common/DerivedDataCache/Buckets/FShaderJobCacheShaders/b3/ff/8752ce46dbd1b2ed7e65f8cbed35cff01d6b.udd" 5656
"/Engine/EngineMaterials/Substrate/GLints/dict_16_192_64_0p5_0p02_0045_0015" 5657
"/Engine/EngineMaterials/Substrate/GLints/dict_16_192_64_0p5_0p02_0046_0000" 5658
"/Engine/EngineMaterials/Substrate/GLints/dict_16_192_64_0p5_0p02_0046_0001" 5659
"/Engine/EngineMaterials/Substrate/GLints/dict_16_192_64_0p5_0p02_0046_0002" 5660
"/Engine/EngineMaterials/Substrate/GLints/dict_16_192_64_0p5_0p02_0046_0003" 5661
"/Engine/EngineMaterials/Substrate/GLints/dict_16_192_64_0p5_0p02_0046_0004" 5662
"/Engine/EngineMaterials/Substrate/GLints/dict_16_192_64_0p5_0p02_0046_0005" 5663
"/Engine/EngineMaterials/Substrate/GLints/dict_16_192_64_0p5_0p02_0046_0006" 5664
"/Engine/EngineMaterials/Substrate/GLints/dict_16_192_64_0p5_0p02_0046_0007" 5665
"/Engine/EngineMaterials/Substrate/GLints/dict_16_192_64_0p5_0p02_0046_0008" 5666
"/Engine/EngineMaterials/Substrate/GLints/dict_16_192_64_0p5_0p02_0046_0009" 5667
"/Engine/EngineMaterials/Substrate/GLints/dict_16_192_64_0p5_0p02_0046_0010" 5668
"/Engine/EngineMaterials/Substrate/GLints/dict_16_192_64_0p5_0p02_0046_0011" 5669
"/Engine/EngineMaterials/Substrate/GLints/dict_16_192_64_0p5_0p02_0046_0012" 5670
"/Engine/EngineMaterials/Substrate/GLints/dict_16_192_64_0p5_0p02_0046_0013" 5671
"/Engine/EngineMaterials/Substrate/GLints/dict_16_192_64_0p5_0p02_0046_0014" 5672
"/Engine/EngineMaterials/Substrate/GLints/dict_16_192_64_0p5_0p02_0046_0015" 5673
"/Engine/EngineMaterials/Substrate/GLints/dict_16_192_64_0p5_0p02_0047_0000" 5674
"/Engine/EngineMaterials/Substrate/GLints/dict_16_192_64_0p5_0p02_0047_0001" 5675
"/Engine/EngineMaterials/Substrate/GLints/dict_16_192_64_0p5_0p02_0047_0002" 5676
"/Engine/EngineMaterials/Substrate/GLints/dict_16_192_64_0p5_0p02_0047_0003" 5677
"/Engine/EngineMaterials/Substrate/GLints/dict_16_192_64_0p5_0p02_0047_0004" 5678
"/Engine/EngineMaterials/Substrate/GLints/dict_16_192_64_0p5_0p02_0047_0005" 5679
"/Engine/EngineMaterials/Substrate/GLints/dict_16_192_64_0p5_0p02_0047_0006" 5680
"/Engine/EngineMaterials/Substrate/GLints/dict_16_192_64_0p5_0p02_0047_0007" 5681
"/Engine/EngineMaterials/Substrate/GLints/dict_16_192_64_0p5_0p02_0047_0008" 5682
"/Engine/EngineMaterials/Substrate/GLints/dict_16_192_64_0p5_0p02_0047_0009" 5683
"/Engine/EngineMaterials/Substrate/GLints/dict_16_192_64_0p5_0p02_0047_0010" 5684
"/Engine/EngineMaterials/Substrate/GLints/dict_16_192_64_0p5_0p02_0047_0011" 5685
"/Engine/EngineMaterials/Substrate/GLints/dict_16_192_64_0p5_0p02_0047_0012" 5686
"/Engine/EngineMaterials/Substrate/GLints/dict_16_192_64_0p5_0p02_0047_0013" 5687
"/Engine/EngineMaterials/Substrate/GLints/dict_16_192_64_0p5_0p02_0047_0014" 5688
"../../../Engine/Content/EngineMaterials/Substrate/GLints/dict_16_192_64_0p5_0p02_0045_0006.uasset" 5689
"../../../Engine/Content/EngineMaterials/Substrate/GLints/dict_16_192_64_0p5_0p02_0045_0011.uasset" 5690
"../../../Engine/Content/EngineMaterials/Substrate/GLints/dict_16_192_64_0p5_0p02_0045_0013.uasset" 5691
"../../../Engine/Content/EngineMaterials/Substrate/GLints/dict_16_192_64_0p5_0p02_0045_0012.uasset" 5692
"../../../Engine/Content/EngineMaterials/Substrate/GLints/dict_16_192_64_0p5_0p02_0045_0005.uasset" 5693
"../../../Engine/Content/EngineMaterials/Substrate/GLints/dict_16_192_64_0p5_0p02_0045_0009.uasset" 5694
"../../../Engine/Content/EngineMaterials/Substrate/GLints/dict_16_192_64_0p5_0p02_0045_0007.uasset" 5695
"../../../Engine/Content/EngineMaterials/Substrate/GLints/dict_16_192_64_0p5_0p02_0044_0013.uasset" 5696
"../../../Engine/Content/EngineMaterials/Substrate/GLints/dict_16_192_64_0p5_0p02_0044_0010.uasset" 5697
"../../../Engine/Content/EngineMaterials/Substrate/GLints/dict_16_192_64_0p5_0p02_0044_0009.uasset" 5698
"../../../Engine/Content/EngineMaterials/Substrate/GLints/dict_16_192_64_0p5_0p02_0044_0001.uasset" 5699
"../../../Engine/Content/EngineMaterials/Substrate/GLints/dict_16_192_64_0p5_0p02_0044_0005.uasset" 5700
"../../../Engine/Content/EngineMaterials/Substrate/GLints/dict_16_192_64_0p5_0p02_0044_0008.uasset" 5701
"../../../Engine/Content/EngineMaterials/Substrate/GLints/dict_16_192_64_0p5_0p02_0044_0006.uasset" 5702
"../../../Engine/Content/EngineMaterials/Substrate/GLints/dict_16_192_64_0p5_0p02_0044_0007.uasset" 5703
"../../../Engine/Content/EngineMaterials/Substrate/GLints/dict_16_192_64_0p5_0p02_0043_0015.uasset" 5704
"../../../Engine/Content/EngineMaterials/Substrate/GLints/dict_16_192_64_0p5_0p02_0044_0000.uasset" 5705
"../../../Engine/Content/EngineMaterials/Substrate/GLints/dict_16_192_64_0p5_0p02_0044_0004.uasset" 5706
"../../../Engine/Content/EngineMaterials/Substrate/GLints/dict_16_192_64_0p5_0p02_0044_0014.uasset" 5707
"../../../Engine/Content/EngineMaterials/Substrate/GLints/dict_16_192_64_0p5_0p02_0045_0000.uasset" 5708
"../../../Engine/Content/EngineMaterials/Substrate/GLints/dict_16_192_64_0p5_0p02_0045_0003.uasset" 5709
"../../../Engine/Content/EngineMaterials/Substrate/GLints/dict_16_192_64_0p5_0p02_0045_0008.uasset" 5710
"../../../Engine/Content/EngineMaterials/Substrate/GLints/dict_16_192_64_0p5_0p02_0045_0001.uasset" 5711
"../../../Engine/Content/EngineMaterials/Substrate/GLints/dict_16_192_64_0p5_0p02_0044_0012.uasset" 5712
"../../../Engine/Content/EngineMaterials/Substrate/GLints/dict_16_192_64_0p5_0p02_0045_0004.uasset" 5713
"../../../Engine/Content/EngineMaterials/Substrate/GLints/dict_16_192_64_0p5_0p02_0045_0010.uasset" 5714
"../../../Engine/Content/EngineMaterials/Substrate/GLints/dict_16_192_64_0p5_0p02_0045_0002.uasset" 5715
"../../../Engine/Content/EngineMaterials/Substrate/GLints/dict_16_192_64_0p5_0p02_0044_0003.uasset" 5716
"../../../Engine/Content/EngineMaterials/Substrate/GLints/dict_16_192_64_0p5_0p02_0045_0014.uasset" 5717
"../../../Engine/Content/EngineMaterials/Substrate/GLints/dict_16_192_64_0p5_0p02_0044_0015.uasset" 5718
"../../../Engine/Content/EngineMaterials/Substrate/GLints/dict_16_192_64_0p5_0p02_0044_0002.uasset" 5719
"C:/Users/jessi/AppData/Local/UnrealEngine/Common/DerivedDataCache/Buckets/LegacyAudio/82/84/585b62f0b286da548672ac23ff608961e969.udd" 5720
"../../../Engine/Content/EngineMaterials/Substrate/GLints/dict_16_192_64_0p5_0p02_0044_0011.uasset" 5721
"C:/Users/jessi/AppData/Local/UnrealEngine/Common/DerivedDataCache/Buckets/LegacySTREAMEDAUDIO/19/01/99ed2e20d9df5bce5c6a90aa939233dea2f0.udd" 5722
"C:/Users/jessi/AppData/Local/UnrealEngine/Common/DerivedDataCache/Buckets/LegacySTREAMEDAUDIO/06/5d/e3114526d04315f7231ab9bcb1823c5161c3.udd" 5723
"C:/Users/jessi/AppData/Local/UnrealEngine/Common/DerivedDataCache/Buckets/LegacyAudio/e0/ba/779702c83659238dbaf666f2d3b083673034.udd" 5724
"C:/Users/jessi/AppData/Local/UnrealEngine/Common/DerivedDataCache/Buckets/LegacySTREAMEDAUDIO/22/85/16cc9f2b1bad57c8e704dc771021bc69b4aa.udd" 5725
"C:/Users/jessi/AppData/Local/UnrealEngine/Common/DerivedDataCache/Buckets/LegacySTREAMEDAUDIO/08/d0/ea097a2bbcbfd72f102fdba8f96f96b29cf7.udd" 5726
"C:/Users/jessi/AppData/Local/UnrealEngine/Common/DerivedDataCache/Buckets/LegacySTREAMEDAUDIO/53/37/dd90a80af692d1a36c76f094214a2592273a.udd" 5727
"C:/Users/jessi/AppData/Local/UnrealEngine/Common/DerivedDataCache/Buckets/LegacySTREAMEDAUDIO/2f/9e/19724dcdcd1f77480253e983e7fcd8505fd6.udd" 5728
"C:/Users/jessi/AppData/Local/UnrealEngine/Common/DerivedDataCache/Buckets/LegacySTREAMEDAUDIO/8c/32/5a55ed635f41e56e2471b4e37837ee5df49e.udd" 5729
"C:/Users/jessi/AppData/Local/UnrealEngine/Common/DerivedDataCache/Buckets/LegacySTREAMEDAUDIO/8d/3c/df151e7888b61e54167e34a80f35124ecacd.udd" 5730
"C:/Users/jessi/AppData/Local/UnrealEngine/Common/DerivedDataCache/Buckets/LegacyAudio/a1/9b/d7d05a0d5d7afcb093acc61ca976ff90fad7.udd" 5731
"C:/Users/jessi/AppData/Local/UnrealEngine/Common/DerivedDataCache/Buckets/LegacyAudio/6d/e6/d70655dfdef349bb781c5ab6c66e75a8c65b.udd" 5732
"C:/Users/jessi/AppData/Local/UnrealEngine/Common/DerivedDataCache/Buckets/LegacyAudio/70/74/34e988e937e2f480c9eb8462813d274194cd.udd" 5733
"C:/Users/jessi/AppData/Local/UnrealEngine/Common/DerivedDataCache/Buckets/LegacyAudio/de/66/ff66dc49f76355e15c45505de913342c815e.udd" 5734
"C:/Users/jessi/AppData/Local/UnrealEngine/Common/DerivedDataCache/Buckets/LegacyAudio/22/5a/817a3eb2bee57becd558b2b2899c7523087b.udd" 5735
"C:/Users/jessi/AppData/Local/UnrealEngine/Common/DerivedDataCache/Buckets/LegacyAudio/2a/06/96d3c41b6f4ccdb66197fc025cb4447ccc64.udd" 5736
"C:/Users/jessi/AppData/Local/UnrealEngine/Common/DerivedDataCache/Buckets/LegacySTREAMEDAUDIO/24/0e/b227606c5efa5d51e15551236a1fc3cb9859.udd" 5737
"C:/Users/jessi/AppData/Local/UnrealEngine/Common/DerivedDataCache/Buckets/LegacySTREAMEDAUDIO/82/ce/af3171ace2018ef0276e42d956a393445ccc.udd" 5738
"C:/Users/jessi/AppData/Local/UnrealEngine/Common/DerivedDataCache/Buckets/LegacySTREAMEDAUDIO/d8/64/7e221a627e271e22f5519194e82ba5298c47.udd" 5739
"C:/Users/jessi/AppData/Local/UnrealEngine/Common/DerivedDataCache/Buckets/LegacySTREAMEDAUDIO/c2/1f/c56743d893907fffcd211b6f6641af139c89.udd" 5740
"C:/Users/jessi/AppData/Local/UnrealEngine/Common/DerivedDataCache/Buckets/LegacySTREAMEDAUDIO/ab/97/c59948af23239685003d7f212ad6ccfd302b.udd" 5741
"/Engine/EngineMaterials/Substrate/GLints/dict_16_192_64_0p5_0p02_0043_0015" 5742
"C:/Users/jessi/AppData/Local/UnrealEngine/Common/DerivedDataCache/Buckets/LegacySTREAMEDAUDIO/92/82/4e7b6973bef9779fd5b14e8f9f2022fa4f83.udd" 5743
"/Engine/EngineMaterials/Substrate/GLints/dict_16_192_64_0p5_0p02_0044_0000" 5744
"/Engine/EngineMaterials/Substrate/GLints/dict_16_192_64_0p5_0p02_0044_0001" 5745
"/Engine/EngineMaterials/Substrate/GLints/dict_16_192_64_0p5_0p02_0044_0002" 5746
"/Engine/EngineMaterials/Substrate/GLints/dict_16_192_64_0p5_0p02_0044_0003" 5747
"/Engine/EngineMaterials/Substrate/GLints/dict_16_192_64_0p5_0p02_0044_0004" 5748
"/Engine/EngineMaterials/Substrate/GLints/dict_16_192_64_0p5_0p02_0044_0005" 5749
"/Engine/EngineMaterials/Substrate/GLints/dict_16_192_64_0p5_0p02_0044_0006" 5750
"/Engine/EngineMaterials/Substrate/GLints/dict_16_192_64_0p5_0p02_0044_0007" 5751
"C:/Users/jessi/AppData/Local/UnrealEngine/Common/DerivedDataCache/Buckets/LegacySTREAMEDAUDIO/7c/28/77d1f46f23bae53367b607fe544250698546.udd" 5752
"C:/Users/jessi/AppData/Local/UnrealEngine/Common/DerivedDataCache/Buckets/LegacySTREAMEDAUDIO/72/5a/ded12496b8d3ca8003e762b1d022f502422b.udd" 5753
"/Engine/EngineMaterials/Substrate/GLints/dict_16_192_64_0p5_0p02_0044_0008" 5754
"/Engine/EngineMaterials/Substrate/GLints/dict_16_192_64_0p5_0p02_0044_0009" 5755
"/Engine/EngineMaterials/Substrate/GLints/dict_16_192_64_0p5_0p02_0044_0010" 5756
"/Engine/EngineMaterials/Substrate/GLints/dict_16_192_64_0p5_0p02_0044_0011" 5757
"/Engine/EngineMaterials/Substrate/GLints/dict_16_192_64_0p5_0p02_0044_0012" 5758
"/Engine/EngineMaterials/Substrate/GLints/dict_16_192_64_0p5_0p02_0044_0013" 5759
"/Engine/EngineMaterials/Substrate/GLints/dict_16_192_64_0p5_0p02_0044_0014" 5760
"/Engine/EngineMaterials/Substrate/GLints/dict_16_192_64_0p5_0p02_0044_0015" 5761
"/Engine/EngineMaterials/Substrate/GLints/dict_16_192_64_0p5_0p02_0045_0000" 5762
"/Engine/EngineMaterials/Substrate/GLints/dict_16_192_64_0p5_0p02_0045_0001" 5763
"/Engine/EngineMaterials/Substrate/GLints/dict_16_192_64_0p5_0p02_0045_0002" 5764
"/Engine/EngineMaterials/Substrate/GLints/dict_16_192_64_0p5_0p02_0045_0003" 5765
"/Engine/EngineMaterials/Substrate/GLints/dict_16_192_64_0p5_0p02_0045_0004" 5766
"C:/Users/jessi/AppData/Local/UnrealEngine/Common/DerivedDataCache/Buckets/LegacySTREAMEDAUDIO/fc/04/da3bbde64601ebb5134b87594e49c80d0cf4.udd" 5767
"/Engine/EngineMaterials/Substrate/GLints/dict_16_192_64_0p5_0p02_0045_0005" 5768
"/Engine/EngineMaterials/Substrate/GLints/dict_16_192_64_0p5_0p02_0045_0006" 5769
"/Engine/EngineMaterials/Substrate/GLints/dict_16_192_64_0p5_0p02_0045_0007" 5770
"/Engine/EngineMaterials/Substrate/GLints/dict_16_192_64_0p5_0p02_0045_0008" 5771
"/Engine/EngineMaterials/Substrate/GLints/dict_16_192_64_0p5_0p02_0045_0009" 5772
"/Engine/EngineMaterials/Substrate/GLints/dict_16_192_64_0p5_0p02_0045_0010" 5773
"/Engine/EngineMaterials/Substrate/GLints/dict_16_192_64_0p5_0p02_0045_0011" 5774
"/Engine/EngineMaterials/Substrate/GLints/dict_16_192_64_0p5_0p02_0045_0012" 5775
"/Engine/EngineMaterials/Substrate/GLints/dict_16_192_64_0p5_0p02_0045_0013" 5776
"C:/Users/jessi/AppData/Local/UnrealEngine/Common/DerivedDataCache/Buckets/LegacySTREAMEDAUDIO/66/3c/8252c82be0f73bcbc627ecd03ab4946034b3.udd" 5777
"C:/Users/jessi/AppData/Local/UnrealEngine/Common/DerivedDataCache/Buckets/LegacySTREAMEDAUDIO/de/21/d5a9376be8a1b64ae2bb453be0187d4d9b1d.udd" 5778
"/Engine/EngineMaterials/Substrate/GLints/dict_16_192_64_0p5_0p02_0045_0014" 5779
"C:/Users/jessi/AppData/Local/UnrealEngine/Common/DerivedDataCache/Buckets/LegacySTREAMEDAUDIO/f3/75/aee97d1f540a05b71e205cff7438bed2ea0d.udd" 5780
"C:/Users/jessi/AppData/Local/UnrealEngine/Common/DerivedDataCache/Buckets/LegacySTREAMEDAUDIO/34/89/6350114310e8a572c7f48185f5e25fe8684c.udd" 5781
"../../../Engine/Content/EngineMaterials/Substrate/GLints/dict_16_192_64_0p5_0p02_0043_0009.uasset" 5782
"../../../Engine/Content/EngineMaterials/Substrate/GLints/dict_16_192_64_0p5_0p02_0043_0014.uasset" 5783
"../../../Engine/Content/EngineMaterials/Substrate/GLints/dict_16_192_64_0p5_0p02_0043_0007.uasset" 5784
"../../../Engine/Content/EngineMaterials/Substrate/GLints/dict_16_192_64_0p5_0p02_0042_0014.uasset" 5785
"../../../Engine/Content/EngineMaterials/Substrate/GLints/dict_16_192_64_0p5_0p02_0042_0009.uasset" 5786
"../../../Engine/Content/EngineMaterials/Substrate/GLints/dict_16_192_64_0p5_0p02_0042_0003.uasset" 5787
"../../../Engine/Content/EngineMaterials/Substrate/GLints/dict_16_192_64_0p5_0p02_0043_0010.uasset" 5788
"../../../Engine/Content/EngineMaterials/Substrate/GLints/dict_16_192_64_0p5_0p02_0043_0013.uasset" 5789
"../../../Engine/Content/EngineMaterials/Substrate/GLints/dict_16_192_64_0p5_0p02_0043_0012.uasset" 5790
"../../../Engine/Content/EngineMaterials/Substrate/GLints/dict_16_192_64_0p5_0p02_0041_0015.uasset" 5791
"../../../Engine/Content/EngineMaterials/Substrate/GLints/dict_16_192_64_0p5_0p02_0042_0004.uasset" 5792
"../../../Engine/Content/EngineMaterials/Substrate/GLints/dict_16_192_64_0p5_0p02_0042_0002.uasset" 5793
"../../../Engine/Content/EngineMaterials/Substrate/GLints/dict_16_192_64_0p5_0p02_0043_0003.uasset" 5794
"../../../Engine/Content/EngineMaterials/Substrate/GLints/dict_16_192_64_0p5_0p02_0043_0011.uasset" 5795
"../../../Engine/Content/EngineMaterials/Substrate/GLints/dict_16_192_64_0p5_0p02_0042_0010.uasset" 5796
"../../../Engine/Content/EngineMaterials/Substrate/GLints/dict_16_192_64_0p5_0p02_0042_0012.uasset" 5797
"../../../Engine/Content/EngineMaterials/Substrate/GLints/dict_16_192_64_0p5_0p02_0042_0015.uasset" 5798
"../../../Engine/Content/EngineMaterials/Substrate/GLints/dict_16_192_64_0p5_0p02_0042_0008.uasset" 5799
"../../../Engine/Content/EngineMaterials/Substrate/GLints/dict_16_192_64_0p5_0p02_0042_0000.uasset" 5800
"C:/Users/jessi/AppData/Local/UnrealEngine/Common/DerivedDataCache/Buckets/LegacySTREAMEDAUDIO/d0/e1/40b06da8c48faeebcccc683a54560b9f07be.udd" 5801
"../../../Engine/Content/EngineMaterials/Substrate/GLints/dict_16_192_64_0p5_0p02_0043_0002.uasset" 5802
"../../../Engine/Content/EngineMaterials/Substrate/GLints/dict_16_192_64_0p5_0p02_0042_0007.uasset" 5803
"../../../Engine/Content/EngineMaterials/Substrate/GLints/dict_16_192_64_0p5_0p02_0043_0004.uasset" 5804
"../../../Engine/Content/EngineMaterials/Substrate/GLints/dict_16_192_64_0p5_0p02_0043_0001.uasset" 5805
"../../../Engine/Content/EngineMaterials/Substrate/GLints/dict_16_192_64_0p5_0p02_0043_0000.uasset" 5806
"../../../Engine/Content/EngineMaterials/Substrate/GLints/dict_16_192_64_0p5_0p02_0042_0011.uasset" 5807
"../../../Engine/Content/EngineMaterials/Substrate/GLints/dict_16_192_64_0p5_0p02_0042_0005.uasset" 5808
"../../../Engine/Content/EngineMaterials/Substrate/GLints/dict_16_192_64_0p5_0p02_0043_0006.uasset" 5809
"../../../Engine/Content/EngineMaterials/Substrate/GLints/dict_16_192_64_0p5_0p02_0042_0013.uasset" 5810
"../../../Engine/Content/EngineMaterials/Substrate/GLints/dict_16_192_64_0p5_0p02_0043_0005.uasset" 5811
"../../../Engine/Content/EngineMaterials/Substrate/GLints/dict_16_192_64_0p5_0p02_0042_0006.uasset" 5812
"../../../Engine/Content/EngineMaterials/Substrate/GLints/dict_16_192_64_0p5_0p02_0042_0001.uasset" 5813
"C:/Users/jessi/AppData/Local/UnrealEngine/Common/DerivedDataCache/Buckets/LegacySTREAMEDAUDIO/ae/88/53b45deb1e11cb9227ad695fc43904fbd1eb.udd" 5814
"C:/Users/jessi/AppData/Local/UnrealEngine/Common/DerivedDataCache/Buckets/LegacySTREAMEDAUDIO/ab/0f/1ca7c5aeb4b6e46ac3cb4f31d84d72cab478.udd" 5815
"../../../Engine/Content/EngineMaterials/Substrate/GLints/dict_16_192_64_0p5_0p02_0043_0008.uasset" 5816
"D:/github test/Gamejam/DerivedDataCache/VT/TEXTURE_7C16439390E24F1F9468894FB4D4BC55_VTCHUNKD2DAB16BFF152507817E734DBB935160EA97A322" 5817
"D:/github test/Gamejam/DerivedDataCache/VT/TEXTURE_7C16439390E24F1F9468894FB4D4BC55_VTCHUNK38740DBD4108040D6985AA56705D97D46F27920C" 5818
"D:/github test/Gamejam/DerivedDataCache/VT/TEXTURE_7C16439390E24F1F9468894FB4D4BC55_VTCHUNK84C05FFC339C0CEFE446DED1628C0AFB5362331E" 5819
"C:/Users/jessi/AppData/Local/UnrealEngine/Common/DerivedDataCache/Buckets/FShaderJobCacheShaders/6c/7d/d9f37b377fb96aa6eca82b42cfa44c1e90a1.udd" 5820
"C:/Users/jessi/AppData/Local/UnrealEngine/Common/DerivedDataCache/Buckets/FShaderJobCacheShaders/95/ff/d0d929e996c1a8678e04532a43a9b285e521.udd" 5821
"C:/Users/jessi/AppData/Local/UnrealEngine/Common/DerivedDataCache/Buckets/FShaderJobCacheShaders/5b/57/d8dd3cdbb2cada341b743ad19f78af0118fd.udd" 5822
"D:/github test/Gamejam/DerivedDataCache/VT/TEXTURE_7C16439390E24F1F9468894FB4D4BC55_VTCHUNKC0393DE8C5B4673D99D1BECB92AA8C1F72FEB491" 5823
"D:/github test/Gamejam/DerivedDataCache/VT/TEXTURE_7C16439390E24F1F9468894FB4D4BC55_VTCHUNK02D4C3BCAD7DFA48AB32B8281FB06B8B83DB6275" 5824
"/Engine/EngineMaterials/Substrate/GLints/dict_16_192_64_0p5_0p02_0041_0015" 5825
"/Engine/EngineMaterials/Substrate/GLints/dict_16_192_64_0p5_0p02_0042_0000" 5826
"/Engine/EngineMaterials/Substrate/GLints/dict_16_192_64_0p5_0p02_0042_0001" 5827
"/Engine/EngineMaterials/Substrate/GLints/dict_16_192_64_0p5_0p02_0042_0002" 5828
"/Engine/EngineMaterials/Substrate/GLints/dict_16_192_64_0p5_0p02_0042_0003" 5829
"/Engine/EngineMaterials/Substrate/GLints/dict_16_192_64_0p5_0p02_0042_0004" 5830
"/Engine/EngineMaterials/Substrate/GLints/dict_16_192_64_0p5_0p02_0042_0005" 5831
"/Engine/EngineMaterials/Substrate/GLints/dict_16_192_64_0p5_0p02_0042_0006" 5832
"/Engine/EngineMaterials/Substrate/GLints/dict_16_192_64_0p5_0p02_0042_0007" 5833
"/Engine/EngineMaterials/Substrate/GLints/dict_16_192_64_0p5_0p02_0042_0008" 5834
"/Engine/EngineMaterials/Substrate/GLints/dict_16_192_64_0p5_0p02_0042_0009" 5835
"/Engine/EngineMaterials/Substrate/GLints/dict_16_192_64_0p5_0p02_0042_0010" 5836
"/Engine/EngineMaterials/Substrate/GLints/dict_16_192_64_0p5_0p02_0042_0011" 5837
"/Engine/EngineMaterials/Substrate/GLints/dict_16_192_64_0p5_0p02_0042_0012" 5838
"/Engine/EngineMaterials/Substrate/GLints/dict_16_192_64_0p5_0p02_0042_0013" 5839
"/Engine/EngineMaterials/Substrate/GLints/dict_16_192_64_0p5_0p02_0042_0014" 5840
"/Engine/EngineMaterials/Substrate/GLints/dict_16_192_64_0p5_0p02_0042_0015" 5841
"/Engine/EngineMaterials/Substrate/GLints/dict_16_192_64_0p5_0p02_0043_0000" 5842
"/Engine/EngineMaterials/Substrate/GLints/dict_16_192_64_0p5_0p02_0043_0001" 5843
"/Engine/EngineMaterials/Substrate/GLints/dict_16_192_64_0p5_0p02_0043_0002" 5844
"/Engine/EngineMaterials/Substrate/GLints/dict_16_192_64_0p5_0p02_0043_0003" 5845
"/Engine/EngineMaterials/Substrate/GLints/dict_16_192_64_0p5_0p02_0043_0004" 5846
"/Engine/EngineMaterials/Substrate/GLints/dict_16_192_64_0p5_0p02_0043_0005" 5847
"/Engine/EngineMaterials/Substrate/GLints/dict_16_192_64_0p5_0p02_0043_0006" 5848
"/Engine/EngineMaterials/Substrate/GLints/dict_16_192_64_0p5_0p02_0043_0007" 5849
"/Engine/EngineMaterials/Substrate/GLints/dict_16_192_64_0p5_0p02_0043_0008" 5850
"/Engine/EngineMaterials/Substrate/GLints/dict_16_192_64_0p5_0p02_0043_0009" 5851
"/Engine/EngineMaterials/Substrate/GLints/dict_16_192_64_0p5_0p02_0043_0010" 5852
"/Engine/EngineMaterials/Substrate/GLints/dict_16_192_64_0p5_0p02_0043_0011" 5853
"/Engine/EngineMaterials/Substrate/GLints/dict_16_192_64_0p5_0p02_0043_0012" 5854
"/Engine/EngineMaterials/Substrate/GLints/dict_16_192_64_0p5_0p02_0043_0013" 5855
"/Engine/EngineMaterials/Substrate/GLints/dict_16_192_64_0p5_0p02_0043_0014" 5856
"../../../Engine/Content/EngineMaterials/Substrate/GLints/dict_16_192_64_0p5_0p02_0041_0010.uasset" 5857
"../../../Engine/Content/EngineMaterials/Substrate/GLints/dict_16_192_64_0p5_0p02_0041_0005.uasset" 5858
"../../../Engine/Content/EngineMaterials/Substrate/GLints/dict_16_192_64_0p5_0p02_0041_0001.uasset" 5859
"../../../Engine/Content/EngineMaterials/Substrate/GLints/dict_16_192_64_0p5_0p02_0041_0013.uasset" 5860
"../../../Engine/Content/EngineMaterials/Substrate/GLints/dict_16_192_64_0p5_0p02_0041_0009.uasset" 5861
"../../../Engine/Content/EngineMaterials/Substrate/GLints/dict_16_192_64_0p5_0p02_0041_0006.uasset" 5862
"../../../Engine/Content/EngineMaterials/Substrate/GLints/dict_16_192_64_0p5_0p02_0040_0004.uasset" 5863
"../../../Engine/Content/EngineMaterials/Substrate/GLints/dict_16_192_64_0p5_0p02_0041_0012.uasset" 5864
"../../../Engine/Content/EngineMaterials/Substrate/GLints/dict_16_192_64_0p5_0p02_0040_0002.uasset" 5865
"../../../Engine/Content/EngineMaterials/Substrate/GLints/dict_16_192_64_0p5_0p02_0041_0011.uasset" 5866
"../../../Engine/Content/EngineMaterials/Substrate/GLints/dict_16_192_64_0p5_0p02_0041_0014.uasset" 5867
"../../../Engine/Content/EngineMaterials/Substrate/GLints/dict_16_192_64_0p5_0p02_0040_0005.uasset" 5868
"../../../Engine/Content/EngineMaterials/Substrate/GLints/dict_16_192_64_0p5_0p02_0040_0012.uasset" 5869
"../../../Engine/Content/EngineMaterials/Substrate/GLints/dict_16_192_64_0p5_0p02_0041_0008.uasset" 5870
"../../../Engine/Content/EngineMaterials/Substrate/GLints/dict_16_192_64_0p5_0p02_0041_0000.uasset" 5871
"../../../Engine/Content/EngineMaterials/Substrate/GLints/dict_16_192_64_0p5_0p02_0041_0004.uasset" 5872
"../../../Engine/Content/EngineMaterials/Substrate/GLints/dict_16_192_64_0p5_0p02_0040_0015.uasset" 5873
"../../../Engine/Content/EngineMaterials/Substrate/GLints/dict_16_192_64_0p5_0p02_0040_0011.uasset" 5874
"../../../Engine/Content/EngineMaterials/Substrate/GLints/dict_16_192_64_0p5_0p02_0040_0001.uasset" 5875
"../../../Engine/Content/EngineMaterials/Substrate/GLints/dict_16_192_64_0p5_0p02_0041_0007.uasset" 5876
"../../../Engine/Content/EngineMaterials/Substrate/GLints/dict_16_192_64_0p5_0p02_0040_0007.uasset" 5877
"../../../Engine/Content/EngineMaterials/Substrate/GLints/dict_16_192_64_0p5_0p02_0041_0002.uasset" 5878
"../../../Engine/Content/EngineMaterials/Substrate/GLints/dict_16_192_64_0p5_0p02_0040_0014.uasset" 5879
"../../../Engine/Content/EngineMaterials/Substrate/GLints/dict_16_192_64_0p5_0p02_0040_0010.uasset" 5880
"../../../Engine/Content/EngineMaterials/Substrate/GLints/dict_16_192_64_0p5_0p02_0039_0015.uasset" 5881
"../../../Engine/Content/EngineMaterials/Substrate/GLints/dict_16_192_64_0p5_0p02_0040_0013.uasset" 5882
"../../../Engine/Content/EngineMaterials/Substrate/GLints/dict_16_192_64_0p5_0p02_0040_0003.uasset" 5883
"../../../Engine/Content/EngineMaterials/Substrate/GLints/dict_16_192_64_0p5_0p02_0040_0008.uasset" 5884
"../../../Engine/Content/EngineMaterials/Substrate/GLints/dict_16_192_64_0p5_0p02_0040_0009.uasset" 5885
"../../../Engine/Content/EngineMaterials/Substrate/GLints/dict_16_192_64_0p5_0p02_0041_0003.uasset" 5886
"../../../Engine/Content/EngineMaterials/Substrate/GLints/dict_16_192_64_0p5_0p02_0040_0000.uasset" 5887
"../../../Engine/Content/EngineMaterials/Substrate/GLints/dict_16_192_64_0p5_0p02_0040_0006.uasset" 5888
"/Engine/EngineMaterials/Substrate/GLints/dict_16_192_64_0p5_0p02_0039_0015" 5889
"/Engine/EngineMaterials/Substrate/GLints/dict_16_192_64_0p5_0p02_0040_0000" 5890
"/Engine/EngineMaterials/Substrate/GLints/dict_16_192_64_0p5_0p02_0040_0001" 5891
"/Engine/EngineMaterials/Substrate/GLints/dict_16_192_64_0p5_0p02_0040_0002" 5892
"/Engine/EngineMaterials/Substrate/GLints/dict_16_192_64_0p5_0p02_0040_0003" 5893
"/Engine/EngineMaterials/Substrate/GLints/dict_16_192_64_0p5_0p02_0040_0004" 5894
"/Engine/EngineMaterials/Substrate/GLints/dict_16_192_64_0p5_0p02_0040_0005" 5895
"/Engine/EngineMaterials/Substrate/GLints/dict_16_192_64_0p5_0p02_0040_0006" 5896
"/Engine/EngineMaterials/Substrate/GLints/dict_16_192_64_0p5_0p02_0040_0007" 5897
"/Engine/EngineMaterials/Substrate/GLints/dict_16_192_64_0p5_0p02_0040_0008" 5898
"/Engine/EngineMaterials/Substrate/GLints/dict_16_192_64_0p5_0p02_0040_0009" 5899
"/Engine/EngineMaterials/Substrate/GLints/dict_16_192_64_0p5_0p02_0040_0010" 5900
"/Engine/EngineMaterials/Substrate/GLints/dict_16_192_64_0p5_0p02_0040_0011" 5901
"/Engine/EngineMaterials/Substrate/GLints/dict_16_192_64_0p5_0p02_0040_0012" 5902
"/Engine/EngineMaterials/Substrate/GLints/dict_16_192_64_0p5_0p02_0040_0013" 5903
"/Engine/EngineMaterials/Substrate/GLints/dict_16_192_64_0p5_0p02_0040_0014" 5904
"/Engine/EngineMaterials/Substrate/GLints/dict_16_192_64_0p5_0p02_0040_0015" 5905
"/Engine/EngineMaterials/Substrate/GLints/dict_16_192_64_0p5_0p02_0041_0000" 5906
"/Engine/EngineMaterials/Substrate/GLints/dict_16_192_64_0p5_0p02_0041_0001" 5907
"/Engine/EngineMaterials/Substrate/GLints/dict_16_192_64_0p5_0p02_0041_0002" 5908
"/Engine/EngineMaterials/Substrate/GLints/dict_16_192_64_0p5_0p02_0041_0003" 5909
"/Engine/EngineMaterials/Substrate/GLints/dict_16_192_64_0p5_0p02_0041_0004" 5910
"/Engine/EngineMaterials/Substrate/GLints/dict_16_192_64_0p5_0p02_0041_0005" 5911
"/Engine/EngineMaterials/Substrate/GLints/dict_16_192_64_0p5_0p02_0041_0006" 5912
"/Engine/EngineMaterials/Substrate/GLints/dict_16_192_64_0p5_0p02_0041_0007" 5913
"/Engine/EngineMaterials/Substrate/GLints/dict_16_192_64_0p5_0p02_0041_0008" 5914
"/Engine/EngineMaterials/Substrate/GLints/dict_16_192_64_0p5_0p02_0041_0009" 5915
"/Engine/EngineMaterials/Substrate/GLints/dict_16_192_64_0p5_0p02_0041_0010" 5916
"/Engine/EngineMaterials/Substrate/GLints/dict_16_192_64_0p5_0p02_0041_0011" 5917
"/Engine/EngineMaterials/Substrate/GLints/dict_16_192_64_0p5_0p02_0041_0012" 5918
"/Engine/EngineMaterials/Substrate/GLints/dict_16_192_64_0p5_0p02_0041_0013" 5919
"/Engine/EngineMaterials/Substrate/GLints/dict_16_192_64_0p5_0p02_0041_0014" 5920
"../../../Engine/Content/EngineMaterials/Substrate/GLints/dict_16_192_64_0p5_0p02_0038_0013.uasset" 5921
"../../../Engine/Content/EngineMaterials/Substrate/GLints/dict_16_192_64_0p5_0p02_0039_0009.uasset" 5922
"../../../Engine/Content/EngineMaterials/Substrate/GLints/dict_16_192_64_0p5_0p02_0038_0008.uasset" 5923
"../../../Engine/Content/EngineMaterials/Substrate/GLints/dict_16_192_64_0p5_0p02_0039_0013.uasset" 5924
"../../../Engine/Content/EngineMaterials/Substrate/GLints/dict_16_192_64_0p5_0p02_0038_0007.uasset" 5925
"../../../Engine/Content/EngineMaterials/Substrate/GLints/dict_16_192_64_0p5_0p02_0038_0011.uasset" 5926
"C:/Users/jessi/AppData/Local/UnrealEngine/Common/DerivedDataCache/Buckets/MaterialShaderMap/ea/88/5a4d094d3bf68fe4fc83d45a88ddca556c0d.udd" 5927
"C:/Users/jessi/AppData/Local/UnrealEngine/Common/DerivedDataCache/Buckets/MaterialShaderMap/92/7b/ac9d51565ab48641be0069698e8e796f64cc.udd" 5928
"../../../Engine/Content/EngineMaterials/Substrate/GLints/dict_16_192_64_0p5_0p02_0038_0009.uasset" 5929
"../../../Engine/Content/EngineMaterials/Substrate/GLints/dict_16_192_64_0p5_0p02_0039_0012.uasset" 5930
"../../../Engine/Content/EngineMaterials/Substrate/GLints/dict_16_192_64_0p5_0p02_0039_0010.uasset" 5931
"../../../Engine/Content/EngineMaterials/Substrate/GLints/dict_16_192_64_0p5_0p02_0039_0014.uasset" 5932
"../../../Engine/Content/EngineMaterials/Substrate/GLints/dict_16_192_64_0p5_0p02_0039_0003.uasset" 5933
"../../../Engine/Content/EngineMaterials/Substrate/GLints/dict_16_192_64_0p5_0p02_0038_0014.uasset" 5934
"../../../Engine/Content/EngineMaterials/Substrate/GLints/dict_16_192_64_0p5_0p02_0039_0004.uasset" 5935
"../../../Engine/Content/EngineMaterials/Substrate/GLints/dict_16_192_64_0p5_0p02_0039_0011.uasset" 5936
"../../../Engine/Content/EngineMaterials/Substrate/GLints/dict_16_192_64_0p5_0p02_0038_0010.uasset" 5937
"../../../Engine/Content/EngineMaterials/Substrate/GLints/dict_16_192_64_0p5_0p02_0038_0005.uasset" 5938
"../../../Engine/Content/EngineMaterials/Substrate/GLints/dict_16_192_64_0p5_0p02_0039_0006.uasset" 5939
"../../../Engine/Content/EngineMaterials/Substrate/GLints/dict_16_192_64_0p5_0p02_0038_0001.uasset" 5940
"../../../Engine/Content/EngineMaterials/Substrate/GLints/dict_16_192_64_0p5_0p02_0039_0000.uasset" 5941
"../../../Engine/Content/EngineMaterials/Substrate/GLints/dict_16_192_64_0p5_0p02_0038_0004.uasset" 5942
"../../../Engine/Content/EngineMaterials/Substrate/GLints/dict_16_192_64_0p5_0p02_0039_0001.uasset" 5943
"../../../Engine/Content/EngineMaterials/Substrate/GLints/dict_16_192_64_0p5_0p02_0038_0012.uasset" 5944
"../../../Engine/Content/EngineMaterials/Substrate/GLints/dict_16_192_64_0p5_0p02_0039_0008.uasset" 5945
"../../../Engine/Content/EngineMaterials/Substrate/GLints/dict_16_192_64_0p5_0p02_0038_0006.uasset" 5946
"../../../Engine/Content/EngineMaterials/Substrate/GLints/dict_16_192_64_0p5_0p02_0038_0002.uasset" 5947
"../../../Engine/Content/EngineMaterials/Substrate/GLints/dict_16_192_64_0p5_0p02_0038_0015.uasset" 5948
"../../../Engine/Content/EngineMaterials/Substrate/GLints/dict_16_192_64_0p5_0p02_0039_0002.uasset" 5949
"../../../Engine/Content/EngineMaterials/Substrate/GLints/dict_16_192_64_0p5_0p02_0037_0015.uasset" 5950
"../../../Engine/Content/EngineMaterials/Substrate/GLints/dict_16_192_64_0p5_0p02_0038_0000.uasset" 5951
"../../../Engine/Content/EngineMaterials/Substrate/GLints/dict_16_192_64_0p5_0p02_0039_0005.uasset" 5952
"../../../Engine/Content/EngineMaterials/Substrate/GLints/dict_16_192_64_0p5_0p02_0038_0003.uasset" 5953
"../../../Engine/Content/EngineMaterials/Substrate/GLints/dict_16_192_64_0p5_0p02_0039_0007.uasset" 5954
"/Engine/EngineMaterials/Substrate/GLints/dict_16_192_64_0p5_0p02_0037_0015" 5955
"/Engine/EngineMaterials/Substrate/GLints/dict_16_192_64_0p5_0p02_0038_0000" 5956
"/Engine/EngineMaterials/Substrate/GLints/dict_16_192_64_0p5_0p02_0038_0001" 5957
"/Engine/EngineMaterials/Substrate/GLints/dict_16_192_64_0p5_0p02_0038_0002" 5958
"/Engine/EngineMaterials/Substrate/GLints/dict_16_192_64_0p5_0p02_0038_0003" 5959
"/Engine/EngineMaterials/Substrate/GLints/dict_16_192_64_0p5_0p02_0038_0004" 5960
"/Engine/EngineMaterials/Substrate/GLints/dict_16_192_64_0p5_0p02_0038_0005" 5961
"/Engine/EngineMaterials/Substrate/GLints/dict_16_192_64_0p5_0p02_0038_0006" 5962
"/Engine/EngineMaterials/Substrate/GLints/dict_16_192_64_0p5_0p02_0038_0007" 5963
"/Engine/EngineMaterials/Substrate/GLints/dict_16_192_64_0p5_0p02_0038_0008" 5964
"/Engine/EngineMaterials/Substrate/GLints/dict_16_192_64_0p5_0p02_0038_0009" 5965
"/Engine/EngineMaterials/Substrate/GLints/dict_16_192_64_0p5_0p02_0038_0010" 5966
"/Engine/EngineMaterials/Substrate/GLints/dict_16_192_64_0p5_0p02_0038_0011" 5967
"/Engine/EngineMaterials/Substrate/GLints/dict_16_192_64_0p5_0p02_0038_0012" 5968
"/Engine/EngineMaterials/Substrate/GLints/dict_16_192_64_0p5_0p02_0038_0013" 5969
"/Engine/EngineMaterials/Substrate/GLints/dict_16_192_64_0p5_0p02_0038_0014" 5970
"/Engine/EngineMaterials/Substrate/GLints/dict_16_192_64_0p5_0p02_0038_0015" 5971
"/Engine/EngineMaterials/Substrate/GLints/dict_16_192_64_0p5_0p02_0039_0000" 5972
"/Engine/EngineMaterials/Substrate/GLints/dict_16_192_64_0p5_0p02_0039_0001" 5973
"/Engine/EngineMaterials/Substrate/GLints/dict_16_192_64_0p5_0p02_0039_0002" 5974
"/Engine/EngineMaterials/Substrate/GLints/dict_16_192_64_0p5_0p02_0039_0003" 5975
"/Engine/EngineMaterials/Substrate/GLints/dict_16_192_64_0p5_0p02_0039_0004" 5976
"/Engine/EngineMaterials/Substrate/GLints/dict_16_192_64_0p5_0p02_0039_0005" 5977
"/Engine/EngineMaterials/Substrate/GLints/dict_16_192_64_0p5_0p02_0039_0006" 5978
"/Engine/EngineMaterials/Substrate/GLints/dict_16_192_64_0p5_0p02_0039_0007" 5979
"/Engine/EngineMaterials/Substrate/GLints/dict_16_192_64_0p5_0p02_0039_0008" 5980
"/Engine/EngineMaterials/Substrate/GLints/dict_16_192_64_0p5_0p02_0039_0009" 5981
"/Engine/EngineMaterials/Substrate/GLints/dict_16_192_64_0p5_0p02_0039_0010" 5982
"/Engine/EngineMaterials/Substrate/GLints/dict_16_192_64_0p5_0p02_0039_0011" 5983
"/Engine/EngineMaterials/Substrate/GLints/dict_16_192_64_0p5_0p02_0039_0012" 5984
"/Engine/EngineMaterials/Substrate/GLints/dict_16_192_64_0p5_0p02_0039_0013" 5985
"/Engine/EngineMaterials/Substrate/GLints/dict_16_192_64_0p5_0p02_0039_0014" 5986
"D:/github test/Gamejam/Content/Characters/Mannequins/Anims/Unarmed/BS_Idle_Walk_Run.uasset" 5987
"D:/github test/Gamejam/Content/Characters/Mannequins/Anims/Unarmed/ABP_Unarmed.uasset" 5988
"D:/github test/Gamejam/Content/Characters/Mannequins/Meshes/SKM_Manny_Simple.uasset" 5989
"D:/github test/Gamejam/Content/Characters/Mannequins/Materials/Manny/MI_Manny_01_New.uasset" 5990
"D:/github test/Gamejam/Content/Input/Touch/UI_TouchSimple.uasset" 5991
"D:/github test/Gamejam/Content/Characters/Mannequins/Materials/Manny/MI_Manny_02_New.uasset" 5992
"D:/github test/Gamejam/Content/MI_RT_Photo.uasset" 5993
"D:/github test/Gamejam/Content/A_Photo.uasset" 5994
"D:/github test/Gamejam/Content/A_Procedural_Base.uasset" 5995
"D:/github test/Gamejam/Content/A_Procedural_Physics.uasset" 5996
"D:/github test/Gamejam/Content/AC_Viewfineder.uasset" 5997
"D:/github test/Gamejam/Content/LevelPrototyping/Meshes/SM_ChamferCube.uasset" 5998
"D:/github test/Gamejam/Content/FirstPerson/MI_FirstPersonColorway.uasset" 5999
"/Game/MI_RT_Photo" 6000
"D:/github test/Gamejam/Content/Tiny/BP_Movable.uasset" 6001
"D:/github test/Gamejam/Content/FirstPerson/Blueprints/BP_FirstPersonCharacter.uasset" 6002
"D:/github test/Gamejam/Content/A_Camera.uasset" 6003
"/Game/Characters/Mannequins/Materials/Manny/MI_Manny_02_New" 6004
"/Game/Characters/Mannequins/Anims/Unarmed/ABP_Unarmed" 6005
"../../../Engine/Content/EngineMaterials/Substrate/GLints/dict_16_192_64_0p5_0p02_0037_0007.uasset" 6006
"../../../Engine/Content/EngineMaterials/Substrate/GLints/dict_16_192_64_0p5_0p02_0037_0014.uasset" 6007
"../../../Engine/Content/EngineMaterials/Substrate/GLints/dict_16_192_64_0p5_0p02_0037_0011.uasset" 6008
"../../../Engine/Content/EngineMaterials/Substrate/GLints/dict_16_192_64_0p5_0p02_0037_0010.uasset" 6009
"../../../Engine/Content/EngineMaterials/Substrate/GLints/dict_16_192_64_0p5_0p02_0037_0013.uasset" 6010
"../../../Engine/Content/EngineMaterials/Substrate/GLints/dict_16_192_64_0p5_0p02_0037_0006.uasset" 6011
"../../../Engine/Content/EngineMaterials/Substrate/GLints/dict_16_192_64_0p5_0p02_0037_0009.uasset" 6012
"../../../Engine/Content/EngineMaterials/Substrate/GLints/dict_16_192_64_0p5_0p02_0037_0005.uasset" 6013
"../../../Engine/Content/EngineMaterials/Substrate/GLints/dict_16_192_64_0p5_0p02_0037_0008.uasset" 6014
"../../../Engine/Content/EngineMaterials/Substrate/GLints/dict_16_192_64_0p5_0p02_0037_0012.uasset" 6015
"/Engine/EngineMaterials/Substrate/GLints/dict_16_192_64_0p5_0p02_0037_0005" 6016
"/Engine/EngineMaterials/Substrate/GLints/dict_16_192_64_0p5_0p02_0037_0006" 6017
"/Engine/EngineMaterials/Substrate/GLints/dict_16_192_64_0p5_0p02_0037_0007" 6018
"/Engine/EngineMaterials/Substrate/GLints/dict_16_192_64_0p5_0p02_0037_0008" 6019
"/Engine/EngineMaterials/Substrate/GLints/dict_16_192_64_0p5_0p02_0037_0009" 6020
"/Engine/EngineMaterials/Substrate/GLints/dict_16_192_64_0p5_0p02_0037_0010" 6021
"/Engine/EngineMaterials/Substrate/GLints/dict_16_192_64_0p5_0p02_0037_0011" 6022
"/Engine/EngineMaterials/Substrate/GLints/dict_16_192_64_0p5_0p02_0037_0012" 6023
"/Engine/EngineMaterials/Substrate/GLints/dict_16_192_64_0p5_0p02_0037_0013" 6024
"/Engine/EngineMaterials/Substrate/GLints/dict_16_192_64_0p5_0p02_0037_0014" 6025
"../../../Engine/Content/EngineMaterials/Substrate/GLints/dict_16_192_64_0p5_0p02_0037_0000.uasset" 6026
"/Engine/EditorBlueprintResources/StandardMacros" 6027
"../../../Engine/Content/EngineMaterials/Substrate/GLints/dict_16_192_64_0p5_0p02_0037_0002.uasset" 6028
"../../../Engine/Content/EngineMaterials/Substrate/GLints/dict_16_192_64_0p5_0p02_0037_0004.uasset" 6029
"../../../Engine/Content/EngineMaterials/Substrate/GLints/dict_16_192_64_0p5_0p02_0037_0001.uasset" 6030
"../../../Engine/Content/EngineMaterials/Substrate/GLints/dict_16_192_64_0p5_0p02_0037_0003.uasset" 6031
"/Game/Tiny/BP_Movable" 6032
"/Game/FirstPerson/Blueprints/BP_FirstPersonCharacter" 6033
"/Engine/EngineMaterials/Substrate/GLints/dict_16_192_64_0p5_0p02_0037_0000" 6034
"/Engine/EngineMaterials/Substrate/GLints/dict_16_192_64_0p5_0p02_0037_0001" 6035
"/Engine/EngineMaterials/Substrate/GLints/dict_16_192_64_0p5_0p02_0037_0002" 6036
"/Engine/EngineMaterials/Substrate/GLints/dict_16_192_64_0p5_0p02_0037_0003" 6037
"/Engine/EngineMaterials/Substrate/GLints/dict_16_192_64_0p5_0p02_0037_0004" 6038
"../../../Engine/Content/EngineMaterials/Substrate/GLints/dict_16_192_64_0p5_0p02_0036_0000.uasset" 6039
"../../../Engine/Content/EngineMaterials/Substrate/GLints/dict_16_192_64_0p5_0p02_0035_0004.uasset" 6040
"../../../Engine/Content/EngineMaterials/Substrate/GLints/dict_16_192_64_0p5_0p02_0035_0011.uasset" 6041
"../../../Engine/Content/EngineMaterials/Substrate/GLints/dict_16_192_64_0p5_0p02_0035_0008.uasset" 6042
"../../../Engine/Content/EngineMaterials/Substrate/GLints/dict_16_192_64_0p5_0p02_0035_0002.uasset" 6043
"../../../Engine/Content/EngineMaterials/Substrate/GLints/dict_16_192_64_0p5_0p02_0035_0012.uasset" 6044
"../../../Engine/Content/EngineMaterials/Substrate/GLints/dict_16_192_64_0p5_0p02_0036_0013.uasset" 6045
"../../../Engine/Content/EngineMaterials/Substrate/GLints/dict_16_192_64_0p5_0p02_0035_0000.uasset" 6046
"../../../Engine/Content/EngineMaterials/Substrate/GLints/dict_16_192_64_0p5_0p02_0036_0007.uasset" 6047
"../../../Engine/Content/EngineMaterials/Substrate/GLints/dict_16_192_64_0p5_0p02_0035_0001.uasset" 6048
"../../../Engine/Content/EngineMaterials/Substrate/GLints/dict_16_192_64_0p5_0p02_0036_0015.uasset" 6049
"../../../Engine/Content/EngineMaterials/Substrate/GLints/dict_16_192_64_0p5_0p02_0035_0013.uasset" 6050
"C:/Users/jessi/AppData/Local/UnrealEngine/Common/DerivedDataCache/Buckets/MaterialShaderMap/16/08/e331f51b38b39892be79217dbf83ea1bd8b5.udd" 6051
"../../../Engine/Content/EngineMaterials/Substrate/GLints/dict_16_192_64_0p5_0p02_0035_0014.uasset" 6052
"C:/Users/jessi/AppData/Local/UnrealEngine/Common/DerivedDataCache/Buckets/MaterialShaderMap/6f/14/e2f806d9910f1dae08bdb0faf346fe1cad95.udd" 6053
"../../../Engine/Content/EngineMaterials/Substrate/GLints/dict_16_192_64_0p5_0p02_0036_0003.uasset" 6054
"../../../Engine/Content/EngineMaterials/Substrate/GLints/dict_16_192_64_0p5_0p02_0036_0011.uasset" 6055
"C:/Users/jessi/AppData/Local/UnrealEngine/Common/DerivedDataCache/Content/df/82/c751ffd116da06f23622099bcab77400c795.udd" 6056
"C:/Users/jessi/AppData/Local/UnrealEngine/Common/DerivedDataCache/Buckets/MaterialShaderMap/6a/9b/6e322816e9d5f68572a9aef221fd2f541823.udd" 6057
"C:/Users/jessi/AppData/Local/UnrealEngine/Common/DerivedDataCache/Buckets/MaterialShaderMap/25/12/7369b91207eb14c63f9d75ea4a508064a0d5.udd" 6058
"../../../Engine/Content/EngineMaterials/Substrate/GLints/dict_16_192_64_0p5_0p02_0036_0002.uasset" 6059
"../../../Engine/Content/EngineMaterials/Substrate/GLints/dict_16_192_64_0p5_0p02_0036_0009.uasset" 6060
"../../../Engine/Content/EngineMaterials/Substrate/GLints/dict_16_192_64_0p5_0p02_0036_0006.uasset" 6061
"../../../Engine/Content/EngineMaterials/Substrate/GLints/dict_16_192_64_0p5_0p02_0036_0012.uasset" 6062
"../../../Engine/Content/EngineMaterials/Substrate/GLints/dict_16_192_64_0p5_0p02_0035_0006.uasset" 6063
"C:/Users/jessi/AppData/Local/UnrealEngine/Common/DerivedDataCache/Buckets/MaterialShaderMap/67/6e/89262f90a4dd4097fa5268c1de5d18560104.udd" 6064
"C:/Users/jessi/AppData/Local/UnrealEngine/Common/DerivedDataCache/Buckets/MaterialShaderMap/68/ca/0478d3a99d09a2dc2b85feeb76b4ab7cb6c3.udd" 6065
"/Engine/EngineMaterials/Substrate/GLints/dict_16_192_64_0p5_0p02_0035_0006" 6066
"C:/Users/jessi/AppData/Local/UnrealEngine/Common/DerivedDataCache/Buckets/MaterialShaderMap/d4/54/9e48192e2007f7e241e3e322aa5cbc68111f.udd" 6067
"../../../Engine/Content/EngineMaterials/Substrate/GLints/dict_16_192_64_0p5_0p02_0036_0005.uasset" 6068
"C:/Users/jessi/AppData/Local/UnrealEngine/Common/DerivedDataCache/Buckets/MaterialShaderMap/c7/20/35a6b408375e4500b4cc30904e98b37f1661.udd" 6069
"../../../Engine/Content/EngineMaterials/Substrate/GLints/dict_16_192_64_0p5_0p02_0036_0001.uasset" 6070
"/Engine/EngineMaterials/Substrate/GLints/dict_16_192_64_0p5_0p02_0035_0008" 6071
"../../../Engine/Content/EngineMaterials/Substrate/GLints/dict_16_192_64_0p5_0p02_0036_0014.uasset" 6072
"../../../Engine/Content/EngineMaterials/Substrate/GLints/dict_16_192_64_0p5_0p02_0036_0010.uasset" 6073
"/Engine/EngineMaterials/Substrate/GLints/dict_16_192_64_0p5_0p02_0035_0011" 6074
"../../../Engine/Content/EngineMaterials/Substrate/GLints/dict_16_192_64_0p5_0p02_0035_0009.uasset" 6075
"../../../Engine/Content/EngineMaterials/Substrate/GLints/dict_16_192_64_0p5_0p02_0035_0007.uasset" 6076
"../../../Engine/Content/EngineMaterials/Substrate/GLints/dict_16_192_64_0p5_0p02_0036_0008.uasset" 6077
"../../../Engine/Content/EngineMaterials/Substrate/GLints/dict_16_192_64_0p5_0p02_0035_0015.uasset" 6078
"/Engine/EngineMaterials/Substrate/GLints/dict_16_192_64_0p5_0p02_0035_0012" 6079
"../../../Engine/Content/EngineMaterials/Substrate/GLints/dict_16_192_64_0p5_0p02_0035_0010.uasset" 6080
"../../../Engine/Content/EngineMaterials/Substrate/GLints/dict_16_192_64_0p5_0p02_0035_0005.uasset" 6081
"/Engine/EngineMaterials/Substrate/GLints/dict_16_192_64_0p5_0p02_0035_0013" 6082
"../../../Engine/Content/EngineMaterials/Substrate/GLints/dict_16_192_64_0p5_0p02_0035_0003.uasset" 6083
"/Engine/EngineMaterials/Substrate/GLints/dict_16_192_64_0p5_0p02_0035_0014" 6084
"../../../Engine/Content/EngineMaterials/Substrate/GLints/dict_16_192_64_0p5_0p02_0036_0004.uasset" 6085
"/Engine/EngineMaterials/Substrate/GLints/dict_16_192_64_0p5_0p02_0036_0000" 6086
"/Engine/EngineMaterials/Substrate/GLints/dict_16_192_64_0p5_0p02_0036_0002" 6087
"/Engine/EngineMaterials/Substrate/GLints/dict_16_192_64_0p5_0p02_0036_0003" 6088
"/Engine/EngineMaterials/Substrate/GLints/dict_16_192_64_0p5_0p02_0036_0006" 6089
"/Engine/EngineMaterials/Substrate/GLints/dict_16_192_64_0p5_0p02_0036_0007" 6090
"/Engine/EngineMaterials/Substrate/GLints/dict_16_192_64_0p5_0p02_0036_0009" 6091
"/Engine/EngineMaterials/Substrate/GLints/dict_16_192_64_0p5_0p02_0036_0011" 6092
"/Engine/EngineMaterials/Substrate/GLints/dict_16_192_64_0p5_0p02_0036_0012" 6093
"/Engine/EngineMaterials/Substrate/GLints/dict_16_192_64_0p5_0p02_0036_0013" 6094
"/Engine/EngineMaterials/Substrate/GLints/dict_16_192_64_0p5_0p02_0035_0000" 6095
"/Engine/EngineMaterials/Substrate/GLints/dict_16_192_64_0p5_0p02_0036_0015" 6096
"/Engine/EngineMaterials/Substrate/GLints/dict_16_192_64_0p5_0p02_0035_0001" 6097
"/Engine/EngineMaterials/Substrate/GLints/dict_16_192_64_0p5_0p02_0035_0002" 6098
"/Engine/EngineMaterials/Substrate/GLints/dict_16_192_64_0p5_0p02_0035_0004" 6099
"/Engine/EngineMaterials/Substrate/GLints/dict_16_192_64_0p5_0p02_0035_0005" 6100
"/Engine/EngineMaterials/Substrate/GLints/dict_16_192_64_0p5_0p02_0035_0007" 6101
"/Engine/EngineMaterials/Substrate/GLints/dict_16_192_64_0p5_0p02_0035_0009" 6102
"/Engine/EngineMaterials/Substrate/GLints/dict_16_192_64_0p5_0p02_0035_0010" 6103
"/Engine/EngineMaterials/Substrate/GLints/dict_16_192_64_0p5_0p02_0035_0015" 6104
"/Engine/EngineMaterials/Substrate/GLints/dict_16_192_64_0p5_0p02_0036_0001" 6105
"/Engine/EngineMaterials/Substrate/GLints/dict_16_192_64_0p5_0p02_0036_0004" 6106
"/Engine/EngineMaterials/Substrate/GLints/dict_16_192_64_0p5_0p02_0036_0005" 6107
"/Engine/EngineMaterials/Substrate/GLints/dict_16_192_64_0p5_0p02_0036_0008" 6108
"/Engine/EngineMaterials/Substrate/GLints/dict_16_192_64_0p5_0p02_0036_0010" 6109
"/Engine/EngineMaterials/Substrate/GLints/dict_16_192_64_0p5_0p02_0036_0014" 6110
"/Engine/EngineMaterials/Substrate/GLints/dict_16_192_64_0p5_0p02_0035_0003" 6111
"../../../Engine/Content/EngineMaterials/Substrate/GLints/dict_16_192_64_0p5_0p02_0033_0009.uasset" 6112
"../../../Engine/Content/EngineMaterials/Substrate/GLints/dict_16_192_64_0p5_0p02_0033_0011.uasset" 6113
"../../../Engine/Content/EngineMaterials/Substrate/GLints/dict_16_192_64_0p5_0p02_0033_0010.uasset" 6114
"../../../Engine/Content/EngineMaterials/Substrate/GLints/dict_16_192_64_0p5_0p02_0034_0013.uasset" 6115
"/Engine/EngineMaterials/Substrate/GLints/dict_16_192_64_0p5_0p02_0033_0009" 6116
"/Engine/EngineMaterials/Substrate/GLints/dict_16_192_64_0p5_0p02_0033_0010" 6117
"../../../Engine/Content/EngineMaterials/Substrate/GLints/dict_16_192_64_0p5_0p02_0034_0008.uasset" 6118
"/Engine/EngineMaterials/Substrate/GLints/dict_16_192_64_0p5_0p02_0034_0013" 6119
"../../../Engine/Content/EngineMaterials/Substrate/GLints/dict_16_192_64_0p5_0p02_0033_0013.uasset" 6120
"../../../Engine/Content/EngineMaterials/Substrate/GLints/dict_16_192_64_0p5_0p02_0033_0003.uasset" 6121
"../../../Engine/Content/EngineMaterials/Substrate/GLints/dict_16_192_64_0p5_0p02_0033_0004.uasset" 6122
"../../../Engine/Content/EngineMaterials/Substrate/GLints/dict_16_192_64_0p5_0p02_0034_0003.uasset" 6123
"/Engine/EngineMaterials/Substrate/GLints/dict_16_192_64_0p5_0p02_0033_0011" 6124
"../../../Engine/Content/EngineMaterials/Substrate/GLints/dict_16_192_64_0p5_0p02_0034_0005.uasset" 6125
"../../../Engine/Content/EngineMaterials/Substrate/GLints/dict_16_192_64_0p5_0p02_0033_0015.uasset" 6126
"../../../Engine/Content/EngineMaterials/Substrate/GLints/dict_16_192_64_0p5_0p02_0034_0010.uasset" 6127
"/Engine/EngineMaterials/Substrate/GLints/dict_16_192_64_0p5_0p02_0033_0013" 6128
"../../../Engine/Content/EngineMaterials/Substrate/GLints/dict_16_192_64_0p5_0p02_0033_0000.uasset" 6129
"../../../Engine/Content/EngineMaterials/Substrate/GLints/dict_16_192_64_0p5_0p02_0033_0012.uasset" 6130
"../../../Engine/Content/EngineMaterials/Substrate/GLints/dict_16_192_64_0p5_0p02_0033_0001.uasset" 6131
"../../../Engine/Content/EngineMaterials/Substrate/GLints/dict_16_192_64_0p5_0p02_0033_0002.uasset" 6132
"../../../Engine/Content/EngineMaterials/Substrate/GLints/dict_16_192_64_0p5_0p02_0034_0002.uasset" 6133
"../../../Engine/Content/EngineMaterials/Substrate/GLints/dict_16_192_64_0p5_0p02_0034_0004.uasset" 6134
"../../../Engine/Content/EngineMaterials/Substrate/GLints/dict_16_192_64_0p5_0p02_0034_0000.uasset" 6135
"/Engine/EngineMaterials/Substrate/GLints/dict_16_192_64_0p5_0p02_0033_0003" 6136
"../../../Engine/Content/EngineMaterials/Substrate/GLints/dict_16_192_64_0p5_0p02_0034_0012.uasset" 6137
"/Engine/EngineMaterials/Substrate/GLints/dict_16_192_64_0p5_0p02_0033_0015" 6138
"/Engine/EngineMaterials/Substrate/GLints/dict_16_192_64_0p5_0p02_0033_0004" 6139
"../../../Engine/Content/EngineMaterials/Substrate/GLints/dict_16_192_64_0p5_0p02_0033_0014.uasset" 6140
"../../../Engine/Content/EngineMaterials/Substrate/GLints/dict_16_192_64_0p5_0p02_0033_0006.uasset" 6141
"../../../Engine/Content/EngineMaterials/Substrate/GLints/dict_16_192_64_0p5_0p02_0033_0007.uasset" 6142
"/Engine/EngineMaterials/Substrate/GLints/dict_16_192_64_0p5_0p02_0034_0003" 6143
"../../../Engine/Content/EngineMaterials/Substrate/GLints/dict_16_192_64_0p5_0p02_0034_0007.uasset" 6144
"/Engine/EngineMaterials/Substrate/GLints/dict_16_192_64_0p5_0p02_0034_0005" 6145
"/Engine/EngineMaterials/Substrate/GLints/dict_16_192_64_0p5_0p02_0034_0008" 6146
"/Engine/EngineMaterials/Substrate/GLints/dict_16_192_64_0p5_0p02_0033_0000" 6147
"/Engine/EngineMaterials/Substrate/GLints/dict_16_192_64_0p5_0p02_0033_0012" 6148
"/Engine/EngineMaterials/Substrate/GLints/dict_16_192_64_0p5_0p02_0033_0001" 6149
"/Engine/EngineMaterials/Substrate/GLints/dict_16_192_64_0p5_0p02_0033_0002" 6150
"../../../Engine/Content/EngineMaterials/Substrate/GLints/dict_16_192_64_0p5_0p02_0034_0009.uasset" 6151
"/Engine/EngineMaterials/Substrate/GLints/dict_16_192_64_0p5_0p02_0033_0014" 6152
"/Engine/EngineMaterials/Substrate/GLints/dict_16_192_64_0p5_0p02_0034_0000" 6153
"/Engine/EngineMaterials/Substrate/GLints/dict_16_192_64_0p5_0p02_0034_0002" 6154
"/Engine/EngineMaterials/Substrate/GLints/dict_16_192_64_0p5_0p02_0034_0004" 6155
"../../../Engine/Content/EngineMaterials/Substrate/GLints/dict_16_192_64_0p5_0p02_0032_0015.uasset" 6156
"../../../Engine/Content/EngineMaterials/Substrate/GLints/dict_16_192_64_0p5_0p02_0032_0014.uasset" 6157
"/Engine/EngineMaterials/Substrate/GLints/dict_16_192_64_0p5_0p02_0033_0006" 6158
"/Engine/EngineMaterials/Substrate/GLints/dict_16_192_64_0p5_0p02_0033_0007" 6159
"/Engine/EngineMaterials/Substrate/GLints/dict_16_192_64_0p5_0p02_0034_0007" 6160
"/Engine/EngineMaterials/Substrate/GLints/dict_16_192_64_0p5_0p02_0034_0010" 6161
"/Engine/EngineMaterials/Substrate/GLints/dict_16_192_64_0p5_0p02_0034_0012" 6162
"/Engine/EngineMaterials/Substrate/GLints/dict_16_192_64_0p5_0p02_0034_0009" 6163
"/Engine/EngineMaterials/Substrate/GLints/dict_16_192_64_0p5_0p02_0032_0014" 6164
"../../../Engine/Content/EngineMaterials/Substrate/GLints/dict_16_192_64_0p5_0p02_0033_0008.uasset" 6165
"/Engine/EngineMaterials/Substrate/GLints/dict_16_192_64_0p5_0p02_0032_0015" 6166
"/Engine/EngineMaterials/Substrate/GLints/dict_16_192_64_0p5_0p02_0033_0008" 6167
"../../../Engine/Content/EngineMaterials/Substrate/GLints/dict_16_192_64_0p5_0p02_0034_0001.uasset" 6168
"/Engine/EngineMaterials/Substrate/GLints/dict_16_192_64_0p5_0p02_0034_0001" 6169
"../../../Engine/Content/EngineMaterials/Substrate/GLints/dict_16_192_64_0p5_0p02_0032_0008.uasset" 6170
"../../../Engine/Content/EngineMaterials/Substrate/GLints/dict_16_192_64_0p5_0p02_0032_0006.uasset" 6171
"../../../Engine/Content/EngineMaterials/Substrate/GLints/dict_16_192_64_0p5_0p02_0032_0007.uasset" 6172
"../../../Engine/Content/EngineMaterials/Substrate/GLints/dict_16_192_64_0p5_0p02_0032_0009.uasset" 6173
"../../../Engine/Content/EngineMaterials/Substrate/GLints/dict_16_192_64_0p5_0p02_0032_0010.uasset" 6174
"../../../Engine/Content/EngineMaterials/Substrate/GLints/dict_16_192_64_0p5_0p02_0033_0005.uasset" 6175
"../../../Engine/Content/EngineMaterials/Substrate/GLints/dict_16_192_64_0p5_0p02_0034_0006.uasset" 6176
"../../../Engine/Content/EngineMaterials/Substrate/GLints/dict_16_192_64_0p5_0p02_0032_0005.uasset" 6177
"../../../Engine/Content/EngineMaterials/Substrate/GLints/dict_16_192_64_0p5_0p02_0034_0011.uasset" 6178
"../../../Engine/Content/EngineMaterials/Substrate/GLints/dict_16_192_64_0p5_0p02_0034_0015.uasset" 6179
"../../../Engine/Content/EngineMaterials/Substrate/GLints/dict_16_192_64_0p5_0p02_0034_0014.uasset" 6180
"../../../Engine/Content/EngineMaterials/Substrate/GLints/dict_16_192_64_0p5_0p02_0031_0004.uasset" 6181
"../../../Engine/Content/EngineMaterials/Substrate/GLints/dict_16_192_64_0p5_0p02_0031_0015.uasset" 6182
"../../../Engine/Content/EngineMaterials/Substrate/GLints/dict_16_192_64_0p5_0p02_0032_0012.uasset" 6183
"../../../Engine/Content/EngineMaterials/Substrate/GLints/dict_16_192_64_0p5_0p02_0032_0001.uasset" 6184
"../../../Engine/Content/EngineMaterials/Substrate/GLints/dict_16_192_64_0p5_0p02_0032_0003.uasset" 6185
"../../../Engine/Content/EngineMaterials/Substrate/GLints/dict_16_192_64_0p5_0p02_0032_0004.uasset" 6186
"../../../Engine/Content/EngineMaterials/Substrate/GLints/dict_16_192_64_0p5_0p02_0031_0005.uasset" 6187
"../../../Engine/Content/EngineMaterials/Substrate/GLints/dict_16_192_64_0p5_0p02_0031_0007.uasset" 6188
"../../../Engine/Content/EngineMaterials/Substrate/GLints/dict_16_192_64_0p5_0p02_0032_0013.uasset" 6189
"../../../Engine/Content/EngineMaterials/Substrate/GLints/dict_16_192_64_0p5_0p02_0031_0003.uasset" 6190
"../../../Engine/Content/EngineMaterials/Substrate/GLints/dict_16_192_64_0p5_0p02_0031_0014.uasset" 6191
"../../../Engine/Content/EngineMaterials/Substrate/GLints/dict_16_192_64_0p5_0p02_0031_0011.uasset" 6192
"../../../Engine/Content/EngineMaterials/Substrate/GLints/dict_16_192_64_0p5_0p02_0031_0009.uasset" 6193
"../../../Engine/Content/EngineMaterials/Substrate/GLints/dict_16_192_64_0p5_0p02_0032_0002.uasset" 6194
"../../../Engine/Content/EngineMaterials/Substrate/GLints/dict_16_192_64_0p5_0p02_0032_0000.uasset" 6195
"../../../Engine/Content/EngineMaterials/Substrate/GLints/dict_16_192_64_0p5_0p02_0032_0011.uasset" 6196
"../../../Engine/Content/EngineMaterials/Substrate/GLints/dict_16_192_64_0p5_0p02_0031_0012.uasset" 6197
"../../../Engine/Content/EngineMaterials/Substrate/GLints/dict_16_192_64_0p5_0p02_0031_0013.uasset" 6198
"../../../Engine/Content/EngineMaterials/Substrate/GLints/dict_16_192_64_0p5_0p02_0031_0006.uasset" 6199
"../../../Engine/Content/EngineMaterials/Substrate/GLints/dict_16_192_64_0p5_0p02_0031_0008.uasset" 6200
"../../../Engine/Content/EngineMaterials/Substrate/GLints/dict_16_192_64_0p5_0p02_0031_0010.uasset" 6201
"/Engine/EngineMaterials/Substrate/GLints/dict_16_192_64_0p5_0p02_0031_0008" 6202
"/Engine/EngineMaterials/Substrate/GLints/dict_16_192_64_0p5_0p02_0031_0009" 6203
"/Engine/EngineMaterials/Substrate/GLints/dict_16_192_64_0p5_0p02_0031_0010" 6204
"/Engine/EngineMaterials/Substrate/GLints/dict_16_192_64_0p5_0p02_0032_0005" 6205
"/Engine/EngineMaterials/Substrate/GLints/dict_16_192_64_0p5_0p02_0031_0011" 6206
"/Engine/EngineMaterials/Substrate/GLints/dict_16_192_64_0p5_0p02_0032_0006" 6207
"/Engine/EngineMaterials/Substrate/GLints/dict_16_192_64_0p5_0p02_0031_0012" 6208
"/Engine/EngineMaterials/Substrate/GLints/dict_16_192_64_0p5_0p02_0032_0007" 6209
"/Engine/EngineMaterials/Substrate/GLints/dict_16_192_64_0p5_0p02_0031_0013" 6210
"/Engine/EngineMaterials/Substrate/GLints/dict_16_192_64_0p5_0p02_0031_0003" 6211
"/Engine/EngineMaterials/Substrate/GLints/dict_16_192_64_0p5_0p02_0032_0008" 6212
"/Engine/EngineMaterials/Substrate/GLints/dict_16_192_64_0p5_0p02_0031_0014" 6213
"/Engine/EngineMaterials/Substrate/GLints/dict_16_192_64_0p5_0p02_0033_0005" 6214
"/Engine/EngineMaterials/Substrate/GLints/dict_16_192_64_0p5_0p02_0032_0009" 6215
"/Engine/EngineMaterials/Substrate/GLints/dict_16_192_64_0p5_0p02_0031_0015" 6216
"/Engine/EngineMaterials/Substrate/GLints/dict_16_192_64_0p5_0p02_0032_0000" 6217
"/Engine/EngineMaterials/Substrate/GLints/dict_16_192_64_0p5_0p02_0032_0001" 6218
"/Engine/EngineMaterials/Substrate/GLints/dict_16_192_64_0p5_0p02_0032_0010" 6219
"/Engine/EngineMaterials/Substrate/GLints/dict_16_192_64_0p5_0p02_0034_0006" 6220
"/Engine/EngineMaterials/Substrate/GLints/dict_16_192_64_0p5_0p02_0031_0004" 6221
"/Engine/EngineMaterials/Substrate/GLints/dict_16_192_64_0p5_0p02_0032_0002" 6222
"/Engine/EngineMaterials/Substrate/GLints/dict_16_192_64_0p5_0p02_0032_0012" 6223
"/Engine/EngineMaterials/Substrate/GLints/dict_16_192_64_0p5_0p02_0032_0011" 6224
"/Engine/EngineMaterials/Substrate/GLints/dict_16_192_64_0p5_0p02_0031_0005" 6225
"/Engine/EngineMaterials/Substrate/GLints/dict_16_192_64_0p5_0p02_0032_0003" 6226
"/Engine/EngineMaterials/Substrate/GLints/dict_16_192_64_0p5_0p02_0034_0011" 6227
"/Engine/EngineMaterials/Substrate/GLints/dict_16_192_64_0p5_0p02_0032_0013" 6228
"/Engine/EngineMaterials/Substrate/GLints/dict_16_192_64_0p5_0p02_0032_0004" 6229
"/Engine/EngineMaterials/Substrate/GLints/dict_16_192_64_0p5_0p02_0031_0006" 6230
"/Engine/EngineMaterials/Substrate/GLints/dict_16_192_64_0p5_0p02_0034_0014" 6231
"/Engine/EngineMaterials/Substrate/GLints/dict_16_192_64_0p5_0p02_0031_0007" 6232
"/Engine/EngineMaterials/Substrate/GLints/dict_16_192_64_0p5_0p02_0034_0015" 6233
"../../../Engine/Content/EngineMaterials/Substrate/GLints/dict_16_192_64_0p5_0p02_0030_0005.uasset" 6234
"../../../Engine/Content/EngineMaterials/Substrate/GLints/dict_16_192_64_0p5_0p02_0030_0009.uasset" 6235
"../../../Engine/Content/EngineMaterials/Substrate/GLints/dict_16_192_64_0p5_0p02_0030_0000.uasset" 6236
"../../../Engine/Content/EngineMaterials/Substrate/GLints/dict_16_192_64_0p5_0p02_0030_0003.uasset" 6237
"../../../Engine/Content/EngineMaterials/Substrate/GLints/dict_16_192_64_0p5_0p02_0029_0011.uasset" 6238
"../../../Engine/Content/EngineMaterials/Substrate/GLints/dict_16_192_64_0p5_0p02_0029_0014.uasset" 6239
"../../../Engine/Content/EngineMaterials/Substrate/GLints/dict_16_192_64_0p5_0p02_0029_0012.uasset" 6240
"../../../Engine/Content/EngineMaterials/Substrate/GLints/dict_16_192_64_0p5_0p02_0031_0001.uasset" 6241
"/Engine/EngineMaterials/Substrate/GLints/dict_16_192_64_0p5_0p02_0029_0011" 6242
"../../../Engine/Content/EngineMaterials/Substrate/GLints/dict_16_192_64_0p5_0p02_0031_0002.uasset" 6243
"../../../Engine/Content/EngineMaterials/Substrate/GLints/dict_16_192_64_0p5_0p02_0029_0013.uasset" 6244
"/Engine/EngineMaterials/Substrate/GLints/dict_16_192_64_0p5_0p02_0029_0012" 6245
"/Engine/EngineMaterials/Substrate/GLints/dict_16_192_64_0p5_0p02_0029_0014" 6246
"../../../Engine/Content/EngineMaterials/Substrate/GLints/dict_16_192_64_0p5_0p02_0029_0010.uasset" 6247
"../../../Engine/Content/EngineMaterials/Substrate/GLints/dict_16_192_64_0p5_0p02_0030_0002.uasset" 6248
"../../../Engine/Content/EngineMaterials/Substrate/GLints/dict_16_192_64_0p5_0p02_0030_0011.uasset" 6249
"/Engine/EngineMaterials/Substrate/GLints/dict_16_192_64_0p5_0p02_0030_0000" 6250
"/Engine/EngineMaterials/Substrate/GLints/dict_16_192_64_0p5_0p02_0030_0003" 6251
"/Engine/EngineMaterials/Substrate/GLints/dict_16_192_64_0p5_0p02_0030_0005" 6252
"/Engine/EngineMaterials/Substrate/GLints/dict_16_192_64_0p5_0p02_0030_0009" 6253
"/Engine/EngineMaterials/Substrate/GLints/dict_16_192_64_0p5_0p02_0031_0001" 6254
"../../../Engine/Content/EngineMaterials/Substrate/GLints/dict_16_192_64_0p5_0p02_0030_0008.uasset" 6255
"/Engine/EngineMaterials/Substrate/GLints/dict_16_192_64_0p5_0p02_0029_0010" 6256
"../../../Engine/Content/EngineMaterials/Substrate/GLints/dict_16_192_64_0p5_0p02_0030_0001.uasset" 6257
"/Engine/EngineMaterials/Substrate/GLints/dict_16_192_64_0p5_0p02_0029_0013" 6258
"../../../Engine/Content/EngineMaterials/Substrate/GLints/dict_16_192_64_0p5_0p02_0029_0015.uasset" 6259
"../../../Engine/Content/EngineMaterials/Substrate/GLints/dict_16_192_64_0p5_0p02_0029_0007.uasset" 6260
"/Engine/EngineMaterials/Substrate/GLints/dict_16_192_64_0p5_0p02_0030_0002" 6261
"/Engine/EngineMaterials/Substrate/GLints/dict_16_192_64_0p5_0p02_0030_0008" 6262
"../../../Engine/Content/EngineMaterials/Substrate/GLints/dict_16_192_64_0p5_0p02_0029_0005.uasset" 6263
"/Engine/EngineMaterials/Substrate/GLints/dict_16_192_64_0p5_0p02_0030_0011" 6264
"../../../Engine/Content/EngineMaterials/Substrate/GLints/dict_16_192_64_0p5_0p02_0030_0013.uasset" 6265
"../../../Engine/Content/EngineMaterials/Substrate/GLints/dict_16_192_64_0p5_0p02_0029_0009.uasset" 6266
"/Engine/EngineMaterials/Substrate/GLints/dict_16_192_64_0p5_0p02_0031_0002" 6267
"/Engine/EngineMaterials/Substrate/GLints/dict_16_192_64_0p5_0p02_0029_0005" 6268
"/Engine/EngineMaterials/Substrate/GLints/dict_16_192_64_0p5_0p02_0029_0007" 6269
"../../../Engine/Content/EngineMaterials/Substrate/GLints/dict_16_192_64_0p5_0p02_0030_0006.uasset" 6270
"/Engine/EngineMaterials/Substrate/GLints/dict_16_192_64_0p5_0p02_0029_0009" 6271
"../../../Engine/Content/EngineMaterials/Substrate/GLints/dict_16_192_64_0p5_0p02_0029_0008.uasset" 6272
"/Engine/EngineMaterials/Substrate/GLints/dict_16_192_64_0p5_0p02_0029_0015" 6273
"../../../Engine/Content/EngineMaterials/Substrate/GLints/dict_16_192_64_0p5_0p02_0030_0010.uasset" 6274
"/Engine/EngineMaterials/Substrate/GLints/dict_16_192_64_0p5_0p02_0030_0001" 6275
"/Engine/EngineMaterials/Substrate/GLints/dict_16_192_64_0p5_0p02_0030_0013" 6276
"../../../Engine/Content/EngineMaterials/Substrate/GLints/dict_16_192_64_0p5_0p02_0029_0006.uasset" 6277
"/Engine/EngineMaterials/Substrate/GLints/dict_16_192_64_0p5_0p02_0029_0006" 6278
"/Engine/EngineMaterials/Substrate/GLints/dict_16_192_64_0p5_0p02_0029_0008" 6279
"/Engine/EngineMaterials/Substrate/GLints/dict_16_192_64_0p5_0p02_0030_0006" 6280
"/Engine/EngineMaterials/Substrate/GLints/dict_16_192_64_0p5_0p02_0030_0010" 6281
"../../../Engine/Content/EngineMaterials/Substrate/GLints/dict_16_192_64_0p5_0p02_0030_0012.uasset" 6282
"../../../Engine/Content/EngineMaterials/Substrate/GLints/dict_16_192_64_0p5_0p02_0029_0001.uasset" 6283
"/Engine/EngineMaterials/Substrate/GLints/dict_16_192_64_0p5_0p02_0029_0001" 6284
"/Engine/EngineMaterials/Substrate/GLints/dict_16_192_64_0p5_0p02_0030_0012" 6285
"../../../Engine/Content/EngineMaterials/Substrate/GLints/dict_16_192_64_0p5_0p02_0031_0000.uasset" 6286
"../../../Engine/Content/EngineMaterials/Substrate/GLints/dict_16_192_64_0p5_0p02_0030_0015.uasset" 6287
"/Engine/EngineMaterials/Substrate/GLints/dict_16_192_64_0p5_0p02_0031_0000" 6288
"../../../Engine/Content/EngineMaterials/Substrate/GLints/dict_16_192_64_0p5_0p02_0028_0012.uasset" 6289
"/Engine/EngineMaterials/Substrate/GLints/dict_16_192_64_0p5_0p02_0028_0012" 6290
"../../../Engine/Content/EngineMaterials/Substrate/GLints/dict_16_192_64_0p5_0p02_0028_0013.uasset" 6291
"/Engine/EngineMaterials/Substrate/GLints/dict_16_192_64_0p5_0p02_0030_0015" 6292
"/Engine/EngineMaterials/Substrate/GLints/dict_16_192_64_0p5_0p02_0028_0013" 6293
"../../../Engine/Content/EngineMaterials/Substrate/GLints/dict_16_192_64_0p5_0p02_0030_0004.uasset" 6294
"../../../Engine/Content/EngineMaterials/Substrate/GLints/dict_16_192_64_0p5_0p02_0030_0014.uasset" 6295
"../../../Engine/Content/EngineMaterials/Substrate/GLints/dict_16_192_64_0p5_0p02_0029_0004.uasset" 6296
"../../../Engine/Content/EngineMaterials/Substrate/GLints/dict_16_192_64_0p5_0p02_0029_0002.uasset" 6297
"../../../Engine/Content/EngineMaterials/Substrate/GLints/dict_16_192_64_0p5_0p02_0030_0007.uasset" 6298
"../../../Engine/Content/EngineMaterials/Substrate/GLints/dict_16_192_64_0p5_0p02_0029_0000.uasset" 6299
"/Engine/EngineMaterials/Substrate/GLints/dict_16_192_64_0p5_0p02_0029_0004" 6300
"/Engine/EngineMaterials/Substrate/GLints/dict_16_192_64_0p5_0p02_0030_0004" 6301
"/Engine/EngineMaterials/Substrate/GLints/dict_16_192_64_0p5_0p02_0029_0000" 6302
"/Engine/EngineMaterials/Substrate/GLints/dict_16_192_64_0p5_0p02_0030_0007" 6303
"../../../Engine/Content/EngineMaterials/Substrate/GLints/dict_16_192_64_0p5_0p02_0028_0006.uasset" 6304
"../../../Engine/Content/EngineMaterials/Substrate/GLints/dict_16_192_64_0p5_0p02_0028_0005.uasset" 6305
"../../../Engine/Content/EngineMaterials/Substrate/GLints/dict_16_192_64_0p5_0p02_0028_0009.uasset" 6306
"../../../Engine/Content/EngineMaterials/Substrate/GLints/dict_16_192_64_0p5_0p02_0028_0007.uasset" 6307
"/Engine/EngineMaterials/Substrate/GLints/dict_16_192_64_0p5_0p02_0030_0014" 6308
"../../../Engine/Content/EngineMaterials/Substrate/GLints/dict_16_192_64_0p5_0p02_0028_0002.uasset" 6309
"../../../Engine/Content/EngineMaterials/Substrate/GLints/dict_16_192_64_0p5_0p02_0028_0003.uasset" 6310
"../../../Engine/Content/EngineMaterials/Substrate/GLints/dict_16_192_64_0p5_0p02_0028_0010.uasset" 6311
"/Engine/EngineMaterials/Substrate/GLints/dict_16_192_64_0p5_0p02_0029_0002" 6312
"../../../Engine/Content/EngineMaterials/Substrate/GLints/dict_16_192_64_0p5_0p02_0028_0014.uasset" 6313
"/Engine/EngineMaterials/Substrate/GLints/dict_16_192_64_0p5_0p02_0028_0005" 6314
"../../../Engine/Content/EngineMaterials/Substrate/GLints/dict_16_192_64_0p5_0p02_0028_0000.uasset" 6315
"/Engine/EngineMaterials/Substrate/GLints/dict_16_192_64_0p5_0p02_0028_0006" 6316
"/Engine/EngineMaterials/Substrate/GLints/dict_16_192_64_0p5_0p02_0028_0002" 6317
"../../../Engine/Content/EngineMaterials/Substrate/GLints/dict_16_192_64_0p5_0p02_0028_0011.uasset" 6318
"/Engine/EngineMaterials/Substrate/GLints/dict_16_192_64_0p5_0p02_0028_0014" 6319
"../../../Engine/Content/EngineMaterials/Substrate/GLints/dict_16_192_64_0p5_0p02_0027_0015.uasset" 6320
"/Engine/EngineMaterials/Substrate/GLints/dict_16_192_64_0p5_0p02_0028_0003" 6321
"/Engine/EngineMaterials/Substrate/GLints/dict_16_192_64_0p5_0p02_0028_0007" 6322
"/Engine/EngineMaterials/Substrate/GLints/dict_16_192_64_0p5_0p02_0028_0009" 6323
"../../../Engine/Content/EngineMaterials/Substrate/GLints/dict_16_192_64_0p5_0p02_0027_0012.uasset" 6324
"/Engine/EngineMaterials/Substrate/GLints/dict_16_192_64_0p5_0p02_0028_0010" 6325
"../../../Engine/Content/EngineMaterials/Substrate/GLints/dict_16_192_64_0p5_0p02_0029_0003.uasset" 6326
"/Engine/EngineMaterials/Substrate/GLints/dict_16_192_64_0p5_0p02_0029_0003" 6327
"/Engine/EngineMaterials/Substrate/GLints/dict_16_192_64_0p5_0p02_0027_0015" 6328
"../../../Engine/Content/EngineMaterials/Substrate/GLints/dict_16_192_64_0p5_0p02_0028_0015.uasset" 6329
"/Engine/EngineMaterials/Substrate/GLints/dict_16_192_64_0p5_0p02_0028_0000" 6330
"/Engine/EngineMaterials/Substrate/GLints/dict_16_192_64_0p5_0p02_0027_0012" 6331
"../../../Engine/Content/EngineMaterials/Substrate/GLints/dict_16_192_64_0p5_0p02_0027_0013.uasset" 6332
"/Engine/EngineMaterials/Substrate/GLints/dict_16_192_64_0p5_0p02_0028_0011" 6333
"/Engine/EngineMaterials/Substrate/GLints/dict_16_192_64_0p5_0p02_0028_0015" 6334
"/Engine/EngineMaterials/Substrate/GLints/dict_16_192_64_0p5_0p02_0027_0013" 6335
"../../../Engine/Content/EngineMaterials/Substrate/GLints/dict_16_192_64_0p5_0p02_0028_0001.uasset" 6336
"../../../Engine/Content/EngineMaterials/Substrate/GLints/dict_16_192_64_0p5_0p02_0026_0012.uasset" 6337
"/Engine/EngineMaterials/Substrate/GLints/dict_16_192_64_0p5_0p02_0028_0001" 6338
"../../../Engine/Content/EngineMaterials/Substrate/GLints/dict_16_192_64_0p5_0p02_0026_0014.uasset" 6339
"../../../Engine/Content/EngineMaterials/Substrate/GLints/dict_16_192_64_0p5_0p02_0026_0008.uasset" 6340
"../../../Engine/Content/EngineMaterials/Substrate/GLints/dict_16_192_64_0p5_0p02_0027_0003.uasset" 6341
"/Engine/EngineMaterials/Substrate/GLints/dict_16_192_64_0p5_0p02_0026_0008" 6342
"../../../Engine/Content/EngineMaterials/Substrate/GLints/dict_16_192_64_0p5_0p02_0028_0008.uasset" 6343
"/Engine/EngineMaterials/Substrate/GLints/dict_16_192_64_0p5_0p02_0026_0012" 6344
"/Engine/EngineMaterials/Substrate/GLints/dict_16_192_64_0p5_0p02_0026_0014" 6345
"/Engine/EngineMaterials/Substrate/GLints/dict_16_192_64_0p5_0p02_0028_0008" 6346
"/Engine/EngineMaterials/Substrate/GLints/dict_16_192_64_0p5_0p02_0027_0003" 6347
"../../../Engine/Content/EngineMaterials/Substrate/GLints/dict_16_192_64_0p5_0p02_0026_0010.uasset" 6348
"../../../Engine/Content/EngineMaterials/Substrate/GLints/dict_16_192_64_0p5_0p02_0026_0015.uasset" 6349
"/Engine/EngineMaterials/Substrate/GLints/dict_16_192_64_0p5_0p02_0026_0015" 6350
"../../../Engine/Content/EngineMaterials/Substrate/GLints/dict_16_192_64_0p5_0p02_0026_0005.uasset" 6351
"/Engine/EngineMaterials/Substrate/GLints/dict_16_192_64_0p5_0p02_0026_0010" 6352
"../../../Engine/Content/EngineMaterials/Substrate/GLints/dict_16_192_64_0p5_0p02_0027_0001.uasset" 6353
"../../../Engine/Content/EngineMaterials/Substrate/GLints/dict_16_192_64_0p5_0p02_0027_0002.uasset" 6354
"../../../Engine/Content/EngineMaterials/Substrate/GLints/dict_16_192_64_0p5_0p02_0027_0011.uasset" 6355
"/Engine/EngineMaterials/Substrate/GLints/dict_16_192_64_0p5_0p02_0026_0005" 6356
"/Engine/EngineMaterials/Substrate/GLints/dict_16_192_64_0p5_0p02_0027_0001" 6357
"../../../Engine/Content/EngineMaterials/Substrate/GLints/dict_16_192_64_0p5_0p02_0026_0002.uasset" 6358
"/Engine/EngineMaterials/Substrate/GLints/dict_16_192_64_0p5_0p02_0027_0002" 6359
"/Engine/EngineMaterials/Substrate/GLints/dict_16_192_64_0p5_0p02_0026_0002" 6360
"../../../Engine/Content/EngineMaterials/Substrate/GLints/dict_16_192_64_0p5_0p02_0026_0011.uasset" 6361
"../../../Engine/Content/EngineMaterials/Substrate/GLints/dict_16_192_64_0p5_0p02_0027_0005.uasset" 6362
"../../../Engine/Content/EngineMaterials/Substrate/GLints/dict_16_192_64_0p5_0p02_0026_0009.uasset" 6363
"/Engine/EngineMaterials/Substrate/GLints/dict_16_192_64_0p5_0p02_0027_0011" 6364
"/Engine/EngineMaterials/Substrate/GLints/dict_16_192_64_0p5_0p02_0027_0005" 6365
"../../../Engine/Content/EngineMaterials/Substrate/GLints/dict_16_192_64_0p5_0p02_0026_0006.uasset" 6366
"/Engine/EngineMaterials/Substrate/GLints/dict_16_192_64_0p5_0p02_0026_0009" 6367
"/Engine/EngineMaterials/Substrate/GLints/dict_16_192_64_0p5_0p02_0026_0011" 6368
"/Engine/EngineMaterials/Substrate/GLints/dict_16_192_64_0p5_0p02_0026_0006" 6369
"../../../Engine/Content/EngineMaterials/Substrate/GLints/dict_16_192_64_0p5_0p02_0026_0004.uasset" 6370
"/Engine/EngineMaterials/Substrate/GLints/dict_16_192_64_0p5_0p02_0026_0004" 6371
"../../../Engine/Content/EngineMaterials/Substrate/GLints/dict_16_192_64_0p5_0p02_0027_0004.uasset" 6372
"../../../Engine/Content/EngineMaterials/Substrate/GLints/dict_16_192_64_0p5_0p02_0025_0010.uasset" 6373
"../../../Engine/Content/EngineMaterials/Substrate/GLints/dict_16_192_64_0p5_0p02_0026_0007.uasset" 6374
"../../../Engine/Content/EngineMaterials/Substrate/GLints/dict_16_192_64_0p5_0p02_0025_0008.uasset" 6375
"../../../Engine/Content/EngineMaterials/Substrate/GLints/dict_16_192_64_0p5_0p02_0026_0013.uasset" 6376
"../../../Engine/Content/EngineMaterials/Substrate/GLints/dict_16_192_64_0p5_0p02_0025_0009.uasset" 6377
"../../../Engine/Content/EngineMaterials/Substrate/GLints/dict_16_192_64_0p5_0p02_0027_0000.uasset" 6378
"../../../Engine/Content/EngineMaterials/Substrate/GLints/dict_16_192_64_0p5_0p02_0026_0003.uasset" 6379
"../../../Engine/Content/EngineMaterials/Substrate/GLints/dict_16_192_64_0p5_0p02_0025_0015.uasset" 6380
"../../../Engine/Content/EngineMaterials/Substrate/GLints/dict_16_192_64_0p5_0p02_0025_0012.uasset" 6381
"../../../Engine/Content/EngineMaterials/Substrate/GLints/dict_16_192_64_0p5_0p02_0026_0001.uasset" 6382
"/Engine/EngineMaterials/Substrate/GLints/dict_16_192_64_0p5_0p02_0025_0008" 6383
"/Engine/EngineMaterials/Substrate/GLints/dict_16_192_64_0p5_0p02_0026_0003" 6384
"/Engine/EngineMaterials/Substrate/GLints/dict_16_192_64_0p5_0p02_0025_0015" 6385
"/Engine/EngineMaterials/Substrate/GLints/dict_16_192_64_0p5_0p02_0026_0007" 6386
"/Engine/EngineMaterials/Substrate/GLints/dict_16_192_64_0p5_0p02_0025_0012" 6387
"../../../Engine/Content/EngineMaterials/Substrate/GLints/dict_16_192_64_0p5_0p02_0025_0006.uasset" 6388
"/Engine/EngineMaterials/Substrate/GLints/dict_16_192_64_0p5_0p02_0025_0009" 6389
"../../../Engine/Content/EngineMaterials/Substrate/GLints/dict_16_192_64_0p5_0p02_0025_0013.uasset" 6390
"/Engine/EngineMaterials/Substrate/GLints/dict_16_192_64_0p5_0p02_0027_0000" 6391
"/Engine/EngineMaterials/Substrate/GLints/dict_16_192_64_0p5_0p02_0026_0001" 6392
"/Engine/EngineMaterials/Substrate/GLints/dict_16_192_64_0p5_0p02_0025_0010" 6393
"/Engine/EngineMaterials/Substrate/GLints/dict_16_192_64_0p5_0p02_0026_0013" 6394
"/Engine/EngineMaterials/Substrate/GLints/dict_16_192_64_0p5_0p02_0027_0004" 6395
"/Engine/EngineMaterials/Substrate/GLints/dict_16_192_64_0p5_0p02_0025_0013" 6396
"/Engine/EngineMaterials/Substrate/GLints/dict_16_192_64_0p5_0p02_0025_0006" 6397
"../../../Engine/Content/EngineMaterials/Substrate/GLints/dict_16_192_64_0p5_0p02_0025_0005.uasset" 6398
"/Engine/EngineMaterials/Substrate/GLints/dict_16_192_64_0p5_0p02_0025_0005" 6399
"../../../Engine/Content/EngineMaterials/Substrate/GLints/dict_16_192_64_0p5_0p02_0025_0007.uasset" 6400
"../../../Engine/Content/EngineMaterials/Substrate/GLints/dict_16_192_64_0p5_0p02_0024_0015.uasset" 6401
"../../../Engine/Content/EngineMaterials/Substrate/GLints/dict_16_192_64_0p5_0p02_0026_0000.uasset" 6402
"../../../Engine/Content/EngineMaterials/Substrate/GLints/dict_16_192_64_0p5_0p02_0025_0003.uasset" 6403
"/Engine/EngineMaterials/Substrate/GLints/dict_16_192_64_0p5_0p02_0025_0003" 6404
"/Engine/EngineMaterials/Substrate/GLints/dict_16_192_64_0p5_0p02_0024_0015" 6405
"/Engine/EngineMaterials/Substrate/GLints/dict_16_192_64_0p5_0p02_0026_0000" 6406
"/Engine/EngineMaterials/Substrate/GLints/dict_16_192_64_0p5_0p02_0025_0007" 6407
"../../../Engine/Content/EngineMaterials/Substrate/GLints/dict_16_192_64_0p5_0p02_0024_0013.uasset" 6408
"/Engine/EngineMaterials/Substrate/GLints/dict_16_192_64_0p5_0p02_0024_0013" 6409
"../../../Engine/Content/EngineMaterials/Substrate/GLints/dict_16_192_64_0p5_0p02_0024_0009.uasset" 6410
"../../../Engine/Content/EngineMaterials/Substrate/GLints/dict_16_192_64_0p5_0p02_0024_0007.uasset" 6411
"../../../Engine/Content/EngineMaterials/Substrate/GLints/dict_16_192_64_0p5_0p02_0024_0008.uasset" 6412
"../../../Engine/Content/EngineMaterials/Substrate/GLints/dict_16_192_64_0p5_0p02_0024_0014.uasset" 6413
"../../../Engine/Content/EngineMaterials/Substrate/GLints/dict_16_192_64_0p5_0p02_0024_0012.uasset" 6414
"/Engine/EngineMaterials/Substrate/GLints/dict_16_192_64_0p5_0p02_0024_0014" 6415
"/Engine/EngineMaterials/Substrate/GLints/dict_16_192_64_0p5_0p02_0024_0007" 6416
"../../../Engine/Content/EngineMaterials/Substrate/GLints/dict_16_192_64_0p5_0p02_0023_0015.uasset" 6417
"../../../Engine/Content/EngineMaterials/Substrate/GLints/dict_16_192_64_0p5_0p02_0024_0003.uasset" 6418
"/Engine/EngineMaterials/Substrate/GLints/dict_16_192_64_0p5_0p02_0024_0008" 6419
"../../../Engine/Content/EngineMaterials/Substrate/GLints/dict_16_192_64_0p5_0p02_0024_0004.uasset" 6420
"../../../Engine/Content/EngineMaterials/Substrate/GLints/dict_16_192_64_0p5_0p02_0024_0010.uasset" 6421
"/Engine/EngineMaterials/Substrate/GLints/dict_16_192_64_0p5_0p02_0024_0009" 6422
"../../../Engine/Content/EngineMaterials/Substrate/GLints/dict_16_192_64_0p5_0p02_0023_0013.uasset" 6423
"../../../Engine/Content/EngineMaterials/Substrate/GLints/dict_16_192_64_0p5_0p02_0024_0011.uasset" 6424
"../../../Engine/Content/EngineMaterials/Substrate/GLints/dict_16_192_64_0p5_0p02_0025_0004.uasset" 6425
"../../../Engine/Content/EngineMaterials/Substrate/GLints/dict_16_192_64_0p5_0p02_0023_0011.uasset" 6426
"/Engine/EngineMaterials/Substrate/GLints/dict_16_192_64_0p5_0p02_0024_0012" 6427
"/Engine/EngineMaterials/Substrate/GLints/dict_16_192_64_0p5_0p02_0024_0003" 6428
"../../../Engine/Content/EngineMaterials/Substrate/GLints/dict_16_192_64_0p5_0p02_0024_0005.uasset" 6429
"../../../Engine/Content/EngineMaterials/Substrate/GLints/dict_16_192_64_0p5_0p02_0024_0006.uasset" 6430
"../../../Engine/Content/EngineMaterials/Substrate/GLints/dict_16_192_64_0p5_0p02_0023_0014.uasset" 6431
"/Engine/EngineMaterials/Substrate/GLints/dict_16_192_64_0p5_0p02_0024_0004" 6432
"/Engine/EngineMaterials/Substrate/GLints/dict_16_192_64_0p5_0p02_0025_0004" 6433
"/Engine/EngineMaterials/Substrate/GLints/dict_16_192_64_0p5_0p02_0023_0013" 6434
"/Engine/EngineMaterials/Substrate/GLints/dict_16_192_64_0p5_0p02_0024_0010" 6435
"../../../Engine/Content/EngineMaterials/Substrate/GLints/dict_16_192_64_0p5_0p02_0023_0012.uasset" 6436
"/Engine/EngineMaterials/Substrate/GLints/dict_16_192_64_0p5_0p02_0023_0015" 6437
"../../../Engine/Content/EngineMaterials/Substrate/GLints/dict_16_192_64_0p5_0p02_0024_0000.uasset" 6438
"/Engine/EngineMaterials/Substrate/GLints/dict_16_192_64_0p5_0p02_0024_0011" 6439
"/Engine/EngineMaterials/Substrate/GLints/dict_16_192_64_0p5_0p02_0023_0011" 6440
"/Engine/EngineMaterials/Substrate/GLints/dict_16_192_64_0p5_0p02_0023_0012" 6441
"/Engine/EngineMaterials/Substrate/GLints/dict_16_192_64_0p5_0p02_0024_0000" 6442
"/Engine/EngineMaterials/Substrate/GLints/dict_16_192_64_0p5_0p02_0024_0005" 6443
"/Engine/EngineMaterials/Substrate/GLints/dict_16_192_64_0p5_0p02_0024_0006" 6444
"/Engine/EngineMaterials/Substrate/GLints/dict_16_192_64_0p5_0p02_0023_0014" 6445
"../../../Engine/Content/EngineMaterials/Substrate/GLints/dict_16_192_64_0p5_0p02_0023_0008.uasset" 6446
"/Engine/EngineMaterials/Substrate/GLints/dict_16_192_64_0p5_0p02_0023_0008" 6447
"../../../Engine/Content/EngineMaterials/Substrate/GLints/dict_16_192_64_0p5_0p02_0023_0007.uasset" 6448
"../../../Engine/Content/EngineMaterials/Substrate/GLints/dict_16_192_64_0p5_0p02_0023_0006.uasset" 6449
"../../../Engine/Content/EngineMaterials/Substrate/GLints/dict_16_192_64_0p5_0p02_0023_0010.uasset" 6450
"../../../Engine/Content/EngineMaterials/Substrate/GLints/dict_16_192_64_0p5_0p02_0022_0013.uasset" 6451
"../../../Engine/Content/EngineMaterials/Substrate/GLints/dict_16_192_64_0p5_0p02_0022_0015.uasset" 6452
"../../../Engine/Content/EngineMaterials/Substrate/GLints/dict_16_192_64_0p5_0p02_0022_0010.uasset" 6453
"../../../Engine/Content/EngineMaterials/Substrate/GLints/dict_16_192_64_0p5_0p02_0023_0001.uasset" 6454
"../../../Engine/Content/EngineMaterials/Substrate/GLints/dict_16_192_64_0p5_0p02_0022_0014.uasset" 6455
"../../../Engine/Content/EngineMaterials/Substrate/GLints/dict_16_192_64_0p5_0p02_0023_0009.uasset" 6456
"../../../Engine/Content/EngineMaterials/Substrate/GLints/dict_16_192_64_0p5_0p02_0023_0000.uasset" 6457
"/Engine/EngineMaterials/Substrate/GLints/dict_16_192_64_0p5_0p02_0022_0015" 6458
"../../../Engine/Content/EngineMaterials/Substrate/GLints/dict_16_192_64_0p5_0p02_0023_0002.uasset" 6459
"/Engine/EngineMaterials/Substrate/GLints/dict_16_192_64_0p5_0p02_0023_0006" 6460
"../../../Engine/Content/EngineMaterials/Substrate/GLints/dict_16_192_64_0p5_0p02_0022_0009.uasset" 6461
"/Engine/EngineMaterials/Substrate/GLints/dict_16_192_64_0p5_0p02_0022_0010" 6462
"../../../Engine/Content/EngineMaterials/Substrate/GLints/dict_16_192_64_0p5_0p02_0023_0004.uasset" 6463
"/Engine/EngineMaterials/Substrate/GLints/dict_16_192_64_0p5_0p02_0023_0001" 6464
"/Engine/EngineMaterials/Substrate/GLints/dict_16_192_64_0p5_0p02_0023_0007" 6465
"/Engine/EngineMaterials/Substrate/GLints/dict_16_192_64_0p5_0p02_0022_0013" 6466
"../../../Engine/Content/EngineMaterials/Substrate/GLints/dict_16_192_64_0p5_0p02_0023_0005.uasset" 6467
"/Engine/EngineMaterials/Substrate/GLints/dict_16_192_64_0p5_0p02_0023_0010" 6468
"../../../Engine/Content/EngineMaterials/Substrate/GLints/dict_16_192_64_0p5_0p02_0022_0012.uasset" 6469
"../../../Engine/Content/EngineMaterials/Substrate/GLints/dict_16_192_64_0p5_0p02_0023_0003.uasset" 6470
"/Engine/EngineMaterials/Substrate/GLints/dict_16_192_64_0p5_0p02_0022_0009" 6471
"/Engine/EngineMaterials/Substrate/GLints/dict_16_192_64_0p5_0p02_0022_0014" 6472
"/Engine/EngineMaterials/Substrate/GLints/dict_16_192_64_0p5_0p02_0023_0000" 6473
"/Engine/EngineMaterials/Substrate/GLints/dict_16_192_64_0p5_0p02_0022_0012" 6474
"/Engine/EngineMaterials/Substrate/GLints/dict_16_192_64_0p5_0p02_0023_0009" 6475
"../../../Engine/Content/EngineMaterials/Substrate/GLints/dict_16_192_64_0p5_0p02_0022_0008.uasset" 6476
"/Engine/EngineMaterials/Substrate/GLints/dict_16_192_64_0p5_0p02_0023_0002" 6477
"/Engine/EngineMaterials/Substrate/GLints/dict_16_192_64_0p5_0p02_0023_0003" 6478
"/Engine/EngineMaterials/Substrate/GLints/dict_16_192_64_0p5_0p02_0023_0004" 6479
"../../../Engine/Content/EngineMaterials/Substrate/GLints/dict_16_192_64_0p5_0p02_0022_0011.uasset" 6480
"/Engine/EngineMaterials/Substrate/GLints/dict_16_192_64_0p5_0p02_0023_0005" 6481
"/Engine/EngineMaterials/Substrate/GLints/dict_16_192_64_0p5_0p02_0022_0011" 6482
"/Engine/EngineMaterials/Substrate/GLints/dict_16_192_64_0p5_0p02_0022_0008" 6483
"../../../Engine/Content/EngineMaterials/Substrate/GLints/dict_16_192_64_0p5_0p02_0022_0007.uasset" 6484
"../../../Engine/Content/EngineMaterials/Substrate/GLints/dict_16_192_64_0p5_0p02_0022_0004.uasset" 6485
"../../../Engine/Content/EngineMaterials/Substrate/GLints/dict_16_192_64_0p5_0p02_0022_0003.uasset" 6486
"../../../Engine/Content/EngineMaterials/Substrate/GLints/dict_16_192_64_0p5_0p02_0022_0002.uasset" 6487
"../../../Engine/Content/EngineMaterials/Substrate/GLints/dict_16_192_64_0p5_0p02_0021_0015.uasset" 6488
"../../../Engine/Content/EngineMaterials/Substrate/GLints/dict_16_192_64_0p5_0p02_0021_0013.uasset" 6489
"../../../Engine/Content/EngineMaterials/Substrate/GLints/dict_16_192_64_0p5_0p02_0021_0011.uasset" 6490
"../../../Engine/Content/EngineMaterials/Substrate/GLints/dict_16_192_64_0p5_0p02_0021_0010.uasset" 6491
"../../../Engine/Content/EngineMaterials/Substrate/GLints/dict_16_192_64_0p5_0p02_0021_0012.uasset" 6492
"../../../Engine/Content/EngineMaterials/Substrate/GLints/dict_16_192_64_0p5_0p02_0021_0008.uasset" 6493
"/Engine/EngineMaterials/Substrate/GLints/dict_16_192_64_0p5_0p02_0021_0008" 6494
"../../../Engine/Content/EngineMaterials/Substrate/GLints/dict_16_192_64_0p5_0p02_0022_0005.uasset" 6495
"/Engine/EngineMaterials/Substrate/GLints/dict_16_192_64_0p5_0p02_0021_0010" 6496
"/Engine/EngineMaterials/Substrate/GLints/dict_16_192_64_0p5_0p02_0022_0002" 6497
"../../../Engine/Content/EngineMaterials/Substrate/GLints/dict_16_192_64_0p5_0p02_0021_0007.uasset" 6498
"../../../Engine/Content/EngineMaterials/Substrate/GLints/dict_16_192_64_0p5_0p02_0021_0006.uasset" 6499
"/Engine/EngineMaterials/Substrate/GLints/dict_16_192_64_0p5_0p02_0022_0003" 6500
"/Engine/EngineMaterials/Substrate/GLints/dict_16_192_64_0p5_0p02_0021_0011" 6501
"/Engine/EngineMaterials/Substrate/GLints/dict_16_192_64_0p5_0p02_0022_0004" 6502
"/Engine/EngineMaterials/Substrate/GLints/dict_16_192_64_0p5_0p02_0021_0012" 6503
"../../../Engine/Content/EngineMaterials/Substrate/GLints/dict_16_192_64_0p5_0p02_0022_0000.uasset" 6504
"../../../Engine/Content/EngineMaterials/Substrate/GLints/dict_16_192_64_0p5_0p02_0022_0001.uasset" 6505
"/Engine/EngineMaterials/Substrate/GLints/dict_16_192_64_0p5_0p02_0021_0013" 6506
"../../../Engine/Content/EngineMaterials/Substrate/GLints/dict_16_192_64_0p5_0p02_0021_0014.uasset" 6507
"../../../Engine/Content/EngineMaterials/Substrate/GLints/dict_16_192_64_0p5_0p02_0027_0008.uasset" 6508
"../../../Engine/Content/EngineMaterials/Substrate/GLints/dict_16_192_64_0p5_0p02_0027_0007.uasset" 6509
"../../../Engine/Content/EngineMaterials/Substrate/GLints/dict_16_192_64_0p5_0p02_0027_0010.uasset" 6510
"../../../Engine/Content/EngineMaterials/Substrate/GLints/dict_16_192_64_0p5_0p02_0022_0006.uasset" 6511
"../../../Engine/Content/EngineMaterials/Substrate/GLints/dict_16_192_64_0p5_0p02_0021_0009.uasset" 6512
"../../../Engine/Content/EngineMaterials/Substrate/GLints/dict_16_192_64_0p5_0p02_0028_0004.uasset" 6513
"/Engine/EngineMaterials/Substrate/GLints/dict_16_192_64_0p5_0p02_0021_0015" 6514
"/Engine/EngineMaterials/Substrate/GLints/dict_16_192_64_0p5_0p02_0022_0007" 6515
"/Engine/EngineMaterials/Substrate/GLints/dict_16_192_64_0p5_0p02_0021_0009" 6516
"/Engine/EngineMaterials/Substrate/GLints/dict_16_192_64_0p5_0p02_0022_0001" 6517
"../../../Engine/Content/EngineMaterials/Substrate/GLints/dict_16_192_64_0p5_0p02_0027_0009.uasset" 6518
"/Engine/EngineMaterials/Substrate/GLints/dict_16_192_64_0p5_0p02_0021_0006" 6519
"/Engine/EngineMaterials/Substrate/GLints/dict_16_192_64_0p5_0p02_0022_0005" 6520
"/Engine/EngineMaterials/Substrate/GLints/dict_16_192_64_0p5_0p02_0021_0007" 6521
"/Engine/EngineMaterials/Substrate/GLints/dict_16_192_64_0p5_0p02_0022_0006" 6522
"/Engine/EngineMaterials/Substrate/GLints/dict_16_192_64_0p5_0p02_0021_0014" 6523
"../../../Engine/Content/EngineMaterials/Substrate/GLints/dict_16_192_64_0p5_0p02_0021_0004.uasset" 6524
"/Engine/EngineMaterials/Substrate/GLints/dict_16_192_64_0p5_0p02_0027_0010" 6525
"/Engine/EngineMaterials/Substrate/GLints/dict_16_192_64_0p5_0p02_0028_0004" 6526
"../../../Engine/Content/EngineMaterials/Substrate/GLints/dict_16_192_64_0p5_0p02_0021_0002.uasset" 6527
"../../../Engine/Content/EngineMaterials/Substrate/GLints/dict_16_192_64_0p5_0p02_0020_0014.uasset" 6528
"/Engine/EngineMaterials/Substrate/GLints/dict_16_192_64_0p5_0p02_0027_0007" 6529
"../../../Engine/Content/EngineMaterials/Substrate/GLints/dict_16_192_64_0p5_0p02_0024_0001.uasset" 6530
"../../../Engine/Content/EngineMaterials/Substrate/GLints/dict_16_192_64_0p5_0p02_0025_0001.uasset" 6531
"../../../Engine/Content/EngineMaterials/Substrate/GLints/dict_16_192_64_0p5_0p02_0021_0005.uasset" 6532
"/Engine/EngineMaterials/Substrate/GLints/dict_16_192_64_0p5_0p02_0027_0008" 6533
"../../../Engine/Content/EngineMaterials/Substrate/GLints/dict_16_192_64_0p5_0p02_0020_0012.uasset" 6534
"/Engine/EngineMaterials/Substrate/GLints/dict_16_192_64_0p5_0p02_0022_0000" 6535
"/Engine/EngineMaterials/Substrate/GLints/dict_16_192_64_0p5_0p02_0020_0012" 6536
"../../../Engine/Content/EngineMaterials/Substrate/GLints/dict_16_192_64_0p5_0p02_0025_0000.uasset" 6537
"/Engine/EngineMaterials/Substrate/GLints/dict_16_192_64_0p5_0p02_0020_0014" 6538
"../../../Engine/Content/EngineMaterials/Substrate/GLints/dict_16_192_64_0p5_0p02_0021_0001.uasset" 6539
"../../../Engine/Content/EngineMaterials/Substrate/GLints/dict_16_192_64_0p5_0p02_0020_0013.uasset" 6540
"/Engine/EngineMaterials/Substrate/GLints/dict_16_192_64_0p5_0p02_0025_0001" 6541
"../../../Engine/Content/EngineMaterials/Substrate/GLints/dict_16_192_64_0p5_0p02_0021_0000.uasset" 6542
"/Engine/EngineMaterials/Substrate/GLints/dict_16_192_64_0p5_0p02_0024_0001" 6543
"/Engine/EngineMaterials/Substrate/GLints/dict_16_192_64_0p5_0p02_0021_0002" 6544
"/Engine/EngineMaterials/Substrate/GLints/dict_16_192_64_0p5_0p02_0021_0004" 6545
"../../../Engine/Content/EngineMaterials/Substrate/GLints/dict_16_192_64_0p5_0p02_0021_0003.uasset" 6546
"/Engine/EngineMaterials/Substrate/GLints/dict_16_192_64_0p5_0p02_0027_0009" 6547
"/Engine/EngineMaterials/Substrate/GLints/dict_16_192_64_0p5_0p02_0021_0005" 6548
"/Engine/EngineMaterials/Substrate/GLints/dict_16_192_64_0p5_0p02_0020_0013" 6549
"/Engine/EngineMaterials/Substrate/GLints/dict_16_192_64_0p5_0p02_0021_0000" 6550
"/Engine/EngineMaterials/Substrate/GLints/dict_16_192_64_0p5_0p02_0021_0001" 6551
"../../../Engine/Content/EngineMaterials/Substrate/GLints/dict_16_192_64_0p5_0p02_0020_0015.uasset" 6552
"/Engine/EngineMaterials/Substrate/GLints/dict_16_192_64_0p5_0p02_0025_0000" 6553
"/Engine/EngineMaterials/Substrate/GLints/dict_16_192_64_0p5_0p02_0021_0003" 6554
"../../../Engine/Content/EngineMaterials/Substrate/GLints/dict_16_192_64_0p5_0p02_0027_0014.uasset" 6555
"/Engine/EngineMaterials/Substrate/GLints/dict_16_192_64_0p5_0p02_0020_0015" 6556
"/Engine/EngineMaterials/Substrate/GLints/dict_16_192_64_0p5_0p02_0027_0014" 6557
"../../../Engine/Content/EngineMaterials/Substrate/GLints/dict_16_192_64_0p5_0p02_0020_0011.uasset" 6558
"../../../Engine/Content/EngineMaterials/Substrate/GLints/dict_16_192_64_0p5_0p02_0020_0010.uasset" 6559
"../../../Engine/Content/EngineMaterials/Substrate/GLints/dict_16_192_64_0p5_0p02_0020_0005.uasset" 6560
"../../../Engine/Content/EngineMaterials/Substrate/GLints/dict_16_192_64_0p5_0p02_0020_0002.uasset" 6561
"../../../Engine/Content/EngineMaterials/Substrate/GLints/dict_16_192_64_0p5_0p02_0020_0004.uasset" 6562
"/Engine/EngineMaterials/Substrate/GLints/dict_16_192_64_0p5_0p02_0020_0002" 6563
"../../../Engine/Content/EngineMaterials/Substrate/GLints/dict_16_192_64_0p5_0p02_0019_0007.uasset" 6564
"../../../Engine/Content/EngineMaterials/Substrate/GLints/dict_16_192_64_0p5_0p02_0019_0012.uasset" 6565
"../../../Engine/Content/EngineMaterials/Substrate/GLints/dict_16_192_64_0p5_0p02_0019_0010.uasset" 6566
"/Engine/EngineMaterials/Substrate/GLints/dict_16_192_64_0p5_0p02_0020_0004" 6567
"../../../Engine/Content/EngineMaterials/Substrate/GLints/dict_16_192_64_0p5_0p02_0020_0001.uasset" 6568
"../../../Engine/Content/EngineMaterials/Substrate/GLints/dict_16_192_64_0p5_0p02_0019_0009.uasset" 6569
"/Engine/EngineMaterials/Substrate/GLints/dict_16_192_64_0p5_0p02_0020_0005" 6570
"../../../Engine/Content/EngineMaterials/Substrate/GLints/dict_16_192_64_0p5_0p02_0019_0008.uasset" 6571
"../../../Engine/Content/EngineMaterials/Substrate/GLints/dict_16_192_64_0p5_0p02_0019_0004.uasset" 6572
"../../../Engine/Content/EngineMaterials/Substrate/GLints/dict_16_192_64_0p5_0p02_0019_0015.uasset" 6573
"/Engine/EngineMaterials/Substrate/GLints/dict_16_192_64_0p5_0p02_0020_0010" 6574
"/Engine/EngineMaterials/Substrate/GLints/dict_16_192_64_0p5_0p02_0020_0011" 6575
"../../../Engine/Content/EngineMaterials/Substrate/GLints/dict_16_192_64_0p5_0p02_0020_0007.uasset" 6576
"../../../Engine/Content/EngineMaterials/Substrate/GLints/dict_16_192_64_0p5_0p02_0020_0008.uasset" 6577
"/Engine/EngineMaterials/Substrate/GLints/dict_16_192_64_0p5_0p02_0019_0008" 6578
"../../../Engine/Content/EngineMaterials/Substrate/GLints/dict_16_192_64_0p5_0p02_0019_0011.uasset" 6579
"../../../Engine/Content/EngineMaterials/Substrate/GLints/dict_16_192_64_0p5_0p02_0019_0013.uasset" 6580
"/Engine/EngineMaterials/Substrate/GLints/dict_16_192_64_0p5_0p02_0020_0001" 6581
"/Engine/EngineMaterials/Substrate/GLints/dict_16_192_64_0p5_0p02_0019_0009" 6582
"../../../Engine/Content/EngineMaterials/Substrate/GLints/dict_16_192_64_0p5_0p02_0019_0003.uasset" 6583
"/Engine/EngineMaterials/Substrate/GLints/dict_16_192_64_0p5_0p02_0019_0004" 6584
"/Engine/EngineMaterials/Substrate/GLints/dict_16_192_64_0p5_0p02_0019_0010" 6585
"../../../Engine/Content/EngineMaterials/Substrate/GLints/dict_16_192_64_0p5_0p02_0020_0006.uasset" 6586
"../../../Engine/Content/EngineMaterials/Substrate/GLints/dict_16_192_64_0p5_0p02_0019_0002.uasset" 6587
"/Engine/EngineMaterials/Substrate/GLints/dict_16_192_64_0p5_0p02_0019_0012" 6588
"../../../Engine/Content/EngineMaterials/Substrate/GLints/dict_16_192_64_0p5_0p02_0019_0014.uasset" 6589
"../../../Engine/Content/EngineMaterials/Substrate/GLints/dict_16_192_64_0p5_0p02_0019_0006.uasset" 6590
"/Engine/EngineMaterials/Substrate/GLints/dict_16_192_64_0p5_0p02_0019_0007" 6591
"../../../Engine/Content/EngineMaterials/Substrate/GLints/dict_16_192_64_0p5_0p02_0020_0009.uasset" 6592
"/Engine/EngineMaterials/Substrate/GLints/dict_16_192_64_0p5_0p02_0019_0015" 6593
"../../../Engine/Content/EngineMaterials/Substrate/GLints/dict_16_192_64_0p5_0p02_0025_0011.uasset" 6594
"/Engine/EngineMaterials/Substrate/GLints/dict_16_192_64_0p5_0p02_0020_0007" 6595
"/Engine/EngineMaterials/Substrate/GLints/dict_16_192_64_0p5_0p02_0020_0008" 6596
"../../../Engine/Content/EngineMaterials/Substrate/GLints/dict_16_192_64_0p5_0p02_0019_0001.uasset" 6597
"/Engine/EngineMaterials/Substrate/GLints/dict_16_192_64_0p5_0p02_0019_0003" 6598
"/Engine/EngineMaterials/Substrate/GLints/dict_16_192_64_0p5_0p02_0019_0006" 6599
"/Engine/EngineMaterials/Substrate/GLints/dict_16_192_64_0p5_0p02_0019_0011" 6600
"/Engine/EngineMaterials/Substrate/GLints/dict_16_192_64_0p5_0p02_0020_0006" 6601
"../../../Engine/Content/EngineMaterials/Substrate/GLints/dict_16_192_64_0p5_0p02_0018_0014.uasset" 6602
"../../../Engine/Content/EngineMaterials/Substrate/GLints/dict_16_192_64_0p5_0p02_0018_0015.uasset" 6603
"/Engine/EngineMaterials/Substrate/GLints/dict_16_192_64_0p5_0p02_0019_0013" 6604
"/Engine/EngineMaterials/Substrate/GLints/dict_16_192_64_0p5_0p02_0019_0014" 6605
"/Engine/EngineMaterials/Substrate/GLints/dict_16_192_64_0p5_0p02_0019_0002" 6606
"../../../Engine/Content/EngineMaterials/Substrate/GLints/dict_16_192_64_0p5_0p02_0020_0000.uasset" 6607
"/Engine/EngineMaterials/Substrate/GLints/dict_16_192_64_0p5_0p02_0025_0011" 6608
"../../../Engine/Content/EngineMaterials/Substrate/GLints/dict_16_192_64_0p5_0p02_0018_0013.uasset" 6609
"/Engine/EngineMaterials/Substrate/GLints/dict_16_192_64_0p5_0p02_0020_0009" 6610
"/Engine/EngineMaterials/Substrate/GLints/dict_16_192_64_0p5_0p02_0020_0000" 6611
"../../../Engine/Content/EngineMaterials/Substrate/GLints/dict_16_192_64_0p5_0p02_0018_0012.uasset" 6612
"../../../Engine/Content/EngineMaterials/Substrate/GLints/dict_16_192_64_0p5_0p02_0018_0002.uasset" 6613
"/Engine/EngineMaterials/Substrate/GLints/dict_16_192_64_0p5_0p02_0019_0001" 6614
"../../../Engine/Content/EngineMaterials/Substrate/GLints/dict_16_192_64_0p5_0p02_0018_0008.uasset" 6615
"../../../Engine/Content/EngineMaterials/Substrate/GLints/dict_16_192_64_0p5_0p02_0018_0009.uasset" 6616
"/Engine/EngineMaterials/Substrate/GLints/dict_16_192_64_0p5_0p02_0018_0013" 6617
"/Engine/EngineMaterials/Substrate/GLints/dict_16_192_64_0p5_0p02_0018_0014" 6618
"/Engine/EngineMaterials/Substrate/GLints/dict_16_192_64_0p5_0p02_0018_0015" 6619
"/Engine/EngineMaterials/Substrate/GLints/dict_16_192_64_0p5_0p02_0018_0002" 6620
"/Engine/EngineMaterials/Substrate/GLints/dict_16_192_64_0p5_0p02_0018_0012" 6621
"/Engine/EngineMaterials/Substrate/GLints/dict_16_192_64_0p5_0p02_0018_0008" 6622
"../../../Engine/Content/EngineMaterials/Substrate/GLints/dict_16_192_64_0p5_0p02_0019_0000.uasset" 6623
"/Engine/EngineMaterials/Substrate/GLints/dict_16_192_64_0p5_0p02_0018_0009" 6624
"../../../Engine/Content/EngineMaterials/Substrate/GLints/dict_16_192_64_0p5_0p02_0018_0005.uasset" 6625
"/Engine/EngineMaterials/Substrate/GLints/dict_16_192_64_0p5_0p02_0019_0000" 6626
"../../../Engine/Content/EngineMaterials/Substrate/GLints/dict_16_192_64_0p5_0p02_0018_0004.uasset" 6627
"/Engine/EngineMaterials/Substrate/GLints/dict_16_192_64_0p5_0p02_0018_0004" 6628
"/Engine/EngineMaterials/Substrate/GLints/dict_16_192_64_0p5_0p02_0018_0005" 6629
"../../../Engine/Content/EngineMaterials/Substrate/GLints/dict_16_192_64_0p5_0p02_0018_0011.uasset" 6630
"/Engine/EngineMaterials/Substrate/GLints/dict_16_192_64_0p5_0p02_0018_0011" 6631
"../../../Engine/Content/EngineMaterials/Substrate/GLints/dict_16_192_64_0p5_0p02_0018_0007.uasset" 6632
"/Engine/EngineMaterials/Substrate/GLints/dict_16_192_64_0p5_0p02_0018_0007" 6633
"../../../Engine/Content/EngineMaterials/Substrate/GLints/dict_16_192_64_0p5_0p02_0018_0010.uasset" 6634
"../../../Engine/Content/EngineMaterials/Substrate/GLints/dict_16_192_64_0p5_0p02_0027_0006.uasset" 6635
"../../../Engine/Content/EngineMaterials/Substrate/GLints/dict_16_192_64_0p5_0p02_0025_0002.uasset" 6636
"../../../Engine/Content/EngineMaterials/Substrate/GLints/dict_16_192_64_0p5_0p02_0020_0003.uasset" 6637
"../../../Engine/Content/EngineMaterials/Substrate/GLints/dict_16_192_64_0p5_0p02_0018_0006.uasset" 6638
"../../../Engine/Content/EngineMaterials/Substrate/GLints/dict_16_192_64_0p5_0p02_0018_0003.uasset" 6639
"../../../Engine/Content/EngineMaterials/Substrate/GLints/dict_16_192_64_0p5_0p02_0018_0001.uasset" 6640
"../../../Engine/Content/EngineMaterials/Substrate/GLints/dict_16_192_64_0p5_0p02_0016_0012.uasset" 6641
"../../../Engine/Content/EngineMaterials/Substrate/GLints/dict_16_192_64_0p5_0p02_0016_0014.uasset" 6642
"../../../Engine/Content/EngineMaterials/Substrate/GLints/dict_16_192_64_0p5_0p02_0017_0001.uasset" 6643
"../../../Engine/Content/EngineMaterials/Substrate/GLints/dict_16_192_64_0p5_0p02_0017_0009.uasset" 6644
"../../../Engine/Content/EngineMaterials/Substrate/GLints/dict_16_192_64_0p5_0p02_0016_0013.uasset" 6645
"../../../Engine/Content/EngineMaterials/Substrate/GLints/dict_16_192_64_0p5_0p02_0017_0004.uasset" 6646
"../../../Engine/Content/EngineMaterials/Substrate/GLints/dict_16_192_64_0p5_0p02_0017_0002.uasset" 6647
"../../../Engine/Content/EngineMaterials/Substrate/GLints/dict_16_192_64_0p5_0p02_0017_0000.uasset" 6648
"../../../Engine/Content/EngineMaterials/Substrate/GLints/dict_16_192_64_0p5_0p02_0016_0015.uasset" 6649
"../../../Engine/Content/EngineMaterials/Substrate/GLints/dict_16_192_64_0p5_0p02_0017_0006.uasset" 6650
"../../../Engine/Content/EngineMaterials/Substrate/GLints/dict_16_192_64_0p5_0p02_0025_0014.uasset" 6651
"../../../Engine/Content/EngineMaterials/Substrate/GLints/dict_16_192_64_0p5_0p02_0017_0015.uasset" 6652
"../../../Engine/Content/EngineMaterials/Substrate/GLints/dict_16_192_64_0p5_0p02_0017_0014.uasset" 6653
"../../../Engine/Content/EngineMaterials/Substrate/GLints/dict_16_192_64_0p5_0p02_0019_0005.uasset" 6654
"../../../Engine/Content/EngineMaterials/Substrate/GLints/dict_16_192_64_0p5_0p02_0017_0008.uasset" 6655
"../../../Engine/Content/EngineMaterials/Substrate/GLints/dict_16_192_64_0p5_0p02_0017_0012.uasset" 6656
"../../../Engine/Content/EngineMaterials/Substrate/GLints/dict_16_192_64_0p5_0p02_0017_0011.uasset" 6657
"../../../Engine/Content/EngineMaterials/Substrate/GLints/dict_16_192_64_0p5_0p02_0017_0007.uasset" 6658
"../../../Engine/Content/EngineMaterials/Substrate/GLints/dict_16_192_64_0p5_0p02_0017_0013.uasset" 6659
"../../../Engine/Content/EngineMaterials/Substrate/GLints/dict_16_192_64_0p5_0p02_0017_0005.uasset" 6660
"../../../Engine/Content/EngineMaterials/Substrate/GLints/dict_16_192_64_0p5_0p02_0017_0010.uasset" 6661
"../../../Engine/Content/EngineMaterials/Substrate/GLints/dict_16_192_64_0p5_0p02_0017_0003.uasset" 6662
"../../../Engine/Content/EngineMaterials/Substrate/GLints/dict_16_192_64_0p5_0p02_0018_0000.uasset" 6663
"../../../Engine/Content/EngineMaterials/Substrate/GLints/dict_16_192_64_0p5_0p02_0024_0002.uasset" 6664
"../../../Engine/Content/EngineMaterials/Substrate/GLints/dict_16_192_64_0p5_0p02_0016_0011.uasset" 6665
"/Engine/EngineMaterials/Substrate/GLints/dict_16_192_64_0p5_0p02_0017_0000" 6666
"/Engine/EngineMaterials/Substrate/GLints/dict_16_192_64_0p5_0p02_0017_0004" 6667
"/Engine/EngineMaterials/Substrate/GLints/dict_16_192_64_0p5_0p02_0018_0003" 6668
"/Engine/EngineMaterials/Substrate/GLints/dict_16_192_64_0p5_0p02_0017_0009" 6669
"/Engine/EngineMaterials/Substrate/GLints/dict_16_192_64_0p5_0p02_0016_0013" 6670
"/Engine/EngineMaterials/Substrate/GLints/dict_16_192_64_0p5_0p02_0017_0005" 6671
"/Engine/EngineMaterials/Substrate/GLints/dict_16_192_64_0p5_0p02_0017_0001" 6672
"/Engine/EngineMaterials/Substrate/GLints/dict_16_192_64_0p5_0p02_0016_0014" 6673
"/Engine/EngineMaterials/Substrate/GLints/dict_16_192_64_0p5_0p02_0019_0005" 6674
"/Engine/EngineMaterials/Substrate/GLints/dict_16_192_64_0p5_0p02_0027_0006" 6675
"/Engine/EngineMaterials/Substrate/GLints/dict_16_192_64_0p5_0p02_0020_0003" 6676
"/Engine/EngineMaterials/Substrate/GLints/dict_16_192_64_0p5_0p02_0017_0010" 6677
"/Engine/EngineMaterials/Substrate/GLints/dict_16_192_64_0p5_0p02_0018_0006" 6678
"/Engine/EngineMaterials/Substrate/GLints/dict_16_192_64_0p5_0p02_0017_0006" 6679
"/Engine/EngineMaterials/Substrate/GLints/dict_16_192_64_0p5_0p02_0025_0002" 6680
"/Engine/EngineMaterials/Substrate/GLints/dict_16_192_64_0p5_0p02_0017_0011" 6681
"/Engine/EngineMaterials/Substrate/GLints/dict_16_192_64_0p5_0p02_0017_0007" 6682
"/Engine/EngineMaterials/Substrate/GLints/dict_16_192_64_0p5_0p02_0016_0011" 6683
"/Engine/EngineMaterials/Substrate/GLints/dict_16_192_64_0p5_0p02_0024_0002" 6684
"/Engine/EngineMaterials/Substrate/GLints/dict_16_192_64_0p5_0p02_0017_0002" 6685
"/Engine/EngineMaterials/Substrate/GLints/dict_16_192_64_0p5_0p02_0017_0012" 6686
"/Engine/EngineMaterials/Substrate/GLints/dict_16_192_64_0p5_0p02_0017_0013" 6687
"/Engine/EngineMaterials/Substrate/GLints/dict_16_192_64_0p5_0p02_0017_0014" 6688
"/Engine/EngineMaterials/Substrate/GLints/dict_16_192_64_0p5_0p02_0017_0015" 6689
"/Engine/EngineMaterials/Substrate/GLints/dict_16_192_64_0p5_0p02_0017_0003" 6690
"/Engine/EngineMaterials/Substrate/GLints/dict_16_192_64_0p5_0p02_0018_0010" 6691
"/Engine/EngineMaterials/Substrate/GLints/dict_16_192_64_0p5_0p02_0016_0012" 6692
"/Engine/EngineMaterials/Substrate/GLints/dict_16_192_64_0p5_0p02_0018_0000" 6693
"/Engine/EngineMaterials/Substrate/GLints/dict_16_192_64_0p5_0p02_0018_0001" 6694
"/Engine/EngineMaterials/Substrate/GLints/dict_16_192_64_0p5_0p02_0017_0008" 6695
"/Engine/EngineMaterials/Substrate/GLints/dict_16_192_64_0p5_0p02_0016_0015" 6696
"/Engine/EngineMaterials/Substrate/GLints/dict_16_192_64_0p5_0p02_0025_0014" 6697
"../../../Engine/Content/EngineMaterials/Substrate/GLints/dict_16_192_64_0p5_0p02_0016_0009.uasset" 6698
"../../../Engine/Content/EngineMaterials/Substrate/GLints/dict_16_192_64_0p5_0p02_0016_0008.uasset" 6699
"../../../Engine/Content/EngineMaterials/Substrate/GLints/dict_16_192_64_0p5_0p02_0016_0005.uasset" 6700
"../../../Engine/Content/EngineMaterials/Substrate/GLints/dict_16_192_64_0p5_0p02_0016_0010.uasset" 6701
"../../../Engine/Content/EngineMaterials/Substrate/GLints/dict_16_192_64_0p5_0p02_0016_0002.uasset" 6702
"../../../Engine/Content/EngineMaterials/Substrate/GLints/dict_16_192_64_0p5_0p02_0016_0006.uasset" 6703
"../../../Engine/Content/EngineMaterials/Substrate/GLints/dict_16_192_64_0p5_0p02_0016_0007.uasset" 6704
"../../../Engine/Content/EngineMaterials/Substrate/GLints/dict_16_192_64_0p5_0p02_0016_0000.uasset" 6705
"../../../Engine/Content/EngineMaterials/Substrate/GLints/dict_16_192_64_0p5_0p02_0015_0011.uasset" 6706
"../../../Engine/Content/EngineMaterials/Substrate/GLints/dict_16_192_64_0p5_0p02_0015_0008.uasset" 6707
"../../../Engine/Content/EngineMaterials/Substrate/GLints/dict_16_192_64_0p5_0p02_0016_0001.uasset" 6708
"/Engine/EngineMaterials/Substrate/GLints/dict_16_192_64_0p5_0p02_0015_0008" 6709
"../../../Engine/Content/EngineMaterials/Substrate/GLints/dict_16_192_64_0p5_0p02_0015_0015.uasset" 6710
"/Engine/EngineMaterials/Substrate/GLints/dict_16_192_64_0p5_0p02_0015_0011" 6711
"/Engine/EngineMaterials/Substrate/GLints/dict_16_192_64_0p5_0p02_0016_0000" 6712
"/Engine/EngineMaterials/Substrate/GLints/dict_16_192_64_0p5_0p02_0016_0001" 6713
"/Engine/EngineMaterials/Substrate/GLints/dict_16_192_64_0p5_0p02_0016_0002" 6714
"../../../Engine/Content/EngineMaterials/Substrate/GLints/dict_16_192_64_0p5_0p02_0014_0011.uasset" 6715
"../../../Engine/Content/EngineMaterials/Substrate/GLints/dict_16_192_64_0p5_0p02_0014_0014.uasset" 6716
"../../../Engine/Content/EngineMaterials/Substrate/GLints/dict_16_192_64_0p5_0p02_0015_0009.uasset" 6717
"../../../Engine/Content/EngineMaterials/Substrate/GLints/dict_16_192_64_0p5_0p02_0015_0010.uasset" 6718
"/Engine/EngineMaterials/Substrate/GLints/dict_16_192_64_0p5_0p02_0016_0005" 6719
"../../../Engine/Content/EngineMaterials/Substrate/GLints/dict_16_192_64_0p5_0p02_0016_0003.uasset" 6720
"../../../Engine/Content/EngineMaterials/Substrate/GLints/dict_16_192_64_0p5_0p02_0015_0001.uasset" 6721
"/Engine/EngineMaterials/Substrate/GLints/dict_16_192_64_0p5_0p02_0016_0006" 6722
"../../../Engine/Content/EngineMaterials/Substrate/GLints/dict_16_192_64_0p5_0p02_0015_0006.uasset" 6723
"../../../Engine/Content/EngineMaterials/Substrate/GLints/dict_16_192_64_0p5_0p02_0015_0014.uasset" 6724
"../../../Engine/Content/EngineMaterials/Substrate/GLints/dict_16_192_64_0p5_0p02_0015_0007.uasset" 6725
"../../../Engine/Content/EngineMaterials/Substrate/GLints/dict_16_192_64_0p5_0p02_0015_0005.uasset" 6726
"/Engine/EngineMaterials/Substrate/GLints/dict_16_192_64_0p5_0p02_0016_0007" 6727
"../../../Engine/Content/EngineMaterials/Substrate/GLints/dict_16_192_64_0p5_0p02_0014_0015.uasset" 6728
"../../../Engine/Content/EngineMaterials/Substrate/GLints/dict_16_192_64_0p5_0p02_0014_0012.uasset" 6729
"../../../Engine/Content/EngineMaterials/Substrate/GLints/dict_16_192_64_0p5_0p02_0015_0004.uasset" 6730
"/Engine/EngineMaterials/Substrate/GLints/dict_16_192_64_0p5_0p02_0016_0008" 6731
"../../../Engine/Content/EngineMaterials/Substrate/GLints/dict_16_192_64_0p5_0p02_0015_0002.uasset" 6732
"/Engine/EngineMaterials/Substrate/GLints/dict_16_192_64_0p5_0p02_0016_0009" 6733
"/Engine/EngineMaterials/Substrate/GLints/dict_16_192_64_0p5_0p02_0016_0010" 6734
"/Engine/EngineMaterials/Substrate/GLints/dict_16_192_64_0p5_0p02_0014_0011" 6735
"../../../Engine/Content/EngineMaterials/Substrate/GLints/dict_16_192_64_0p5_0p02_0014_0013.uasset" 6736
"../../../Engine/Content/EngineMaterials/Substrate/GLints/dict_16_192_64_0p5_0p02_0015_0003.uasset" 6737
"/Engine/EngineMaterials/Substrate/GLints/dict_16_192_64_0p5_0p02_0014_0012" 6738
"/Engine/EngineMaterials/Substrate/GLints/dict_16_192_64_0p5_0p02_0014_0014" 6739
"/Engine/EngineMaterials/Substrate/GLints/dict_16_192_64_0p5_0p02_0014_0015" 6740
"/Engine/EngineMaterials/Substrate/GLints/dict_16_192_64_0p5_0p02_0015_0001" 6741
"/Engine/EngineMaterials/Substrate/GLints/dict_16_192_64_0p5_0p02_0015_0002" 6742
"/Engine/EngineMaterials/Substrate/GLints/dict_16_192_64_0p5_0p02_0015_0004" 6743
"/Engine/EngineMaterials/Substrate/GLints/dict_16_192_64_0p5_0p02_0015_0005" 6744
"/Engine/EngineMaterials/Substrate/GLints/dict_16_192_64_0p5_0p02_0015_0006" 6745
"/Engine/EngineMaterials/Substrate/GLints/dict_16_192_64_0p5_0p02_0015_0007" 6746
"/Engine/EngineMaterials/Substrate/GLints/dict_16_192_64_0p5_0p02_0015_0009" 6747
"/Engine/EngineMaterials/Substrate/GLints/dict_16_192_64_0p5_0p02_0015_0010" 6748
"/Engine/EngineMaterials/Substrate/GLints/dict_16_192_64_0p5_0p02_0015_0014" 6749
"/Engine/EngineMaterials/Substrate/GLints/dict_16_192_64_0p5_0p02_0015_0015" 6750
"/Engine/EngineMaterials/Substrate/GLints/dict_16_192_64_0p5_0p02_0016_0003" 6751
"/Engine/EngineMaterials/Substrate/GLints/dict_16_192_64_0p5_0p02_0014_0013" 6752
"/Engine/EngineMaterials/Substrate/GLints/dict_16_192_64_0p5_0p02_0015_0003" 6753
"../../../Engine/Content/EngineMaterials/Substrate/GLints/dict_16_192_64_0p5_0p02_0014_0006.uasset" 6754
"../../../Engine/Content/EngineMaterials/Substrate/GLints/dict_16_192_64_0p5_0p02_0014_0005.uasset" 6755
"../../../Engine/Content/EngineMaterials/Substrate/GLints/dict_16_192_64_0p5_0p02_0014_0000.uasset" 6756
"../../../Engine/Content/EngineMaterials/Substrate/GLints/dict_16_192_64_0p5_0p02_0014_0008.uasset" 6757
"../../../Engine/Content/EngineMaterials/Substrate/GLints/dict_16_192_64_0p5_0p02_0014_0003.uasset" 6758
"../../../Engine/Content/EngineMaterials/Substrate/GLints/dict_16_192_64_0p5_0p02_0014_0004.uasset" 6759
"../../../Engine/Content/EngineMaterials/Substrate/GLints/dict_16_192_64_0p5_0p02_0014_0007.uasset" 6760
"../../../Engine/Content/EngineMaterials/Substrate/GLints/dict_16_192_64_0p5_0p02_0014_0001.uasset" 6761
"../../../Engine/Content/EngineMaterials/Substrate/GLints/dict_16_192_64_0p5_0p02_0014_0010.uasset" 6762
"/Engine/EngineMaterials/Substrate/GLints/dict_16_192_64_0p5_0p02_0014_0000" 6763
"/Engine/EngineMaterials/Substrate/GLints/dict_16_192_64_0p5_0p02_0014_0001" 6764
"/Engine/EngineMaterials/Substrate/GLints/dict_16_192_64_0p5_0p02_0014_0003" 6765
"/Engine/EngineMaterials/Substrate/GLints/dict_16_192_64_0p5_0p02_0014_0004" 6766
"/Engine/EngineMaterials/Substrate/GLints/dict_16_192_64_0p5_0p02_0014_0005" 6767
"../../../Engine/Content/EngineMaterials/Substrate/GLints/dict_16_192_64_0p5_0p02_0013_0010.uasset" 6768
"../../../Engine/Content/EngineMaterials/Substrate/GLints/dict_16_192_64_0p5_0p02_0013_0007.uasset" 6769
"../../../Engine/Content/EngineMaterials/Substrate/GLints/dict_16_192_64_0p5_0p02_0013_0008.uasset" 6770
"/Engine/EngineMaterials/Substrate/GLints/dict_16_192_64_0p5_0p02_0014_0006" 6771
"../../../Engine/Content/EngineMaterials/Substrate/GLints/dict_16_192_64_0p5_0p02_0013_0004.uasset" 6772
"../../../Engine/Content/EngineMaterials/Substrate/GLints/dict_16_192_64_0p5_0p02_0013_0015.uasset" 6773
"/Engine/EngineMaterials/Substrate/GLints/dict_16_192_64_0p5_0p02_0014_0007" 6774
"../../../Engine/Content/EngineMaterials/Substrate/GLints/dict_16_192_64_0p5_0p02_0013_0005.uasset" 6775
"/Engine/EngineMaterials/Substrate/GLints/dict_16_192_64_0p5_0p02_0014_0008" 6776
"/Engine/EngineMaterials/Substrate/GLints/dict_16_192_64_0p5_0p02_0014_0010" 6777
"../../../Engine/Content/EngineMaterials/Substrate/GLints/dict_16_192_64_0p5_0p02_0013_0009.uasset" 6778
"/Engine/EngineMaterials/Substrate/GLints/dict_16_192_64_0p5_0p02_0013_0004" 6779
"../../../Engine/Content/EngineMaterials/Substrate/GLints/dict_16_192_64_0p5_0p02_0013_0011.uasset" 6780
"../../../Engine/Content/EngineMaterials/Substrate/GLints/dict_16_192_64_0p5_0p02_0013_0013.uasset" 6781
"../../../Engine/Content/EngineMaterials/Substrate/GLints/dict_16_192_64_0p5_0p02_0013_0006.uasset" 6782
"../../../Engine/Content/EngineMaterials/Substrate/GLints/dict_16_192_64_0p5_0p02_0013_0014.uasset" 6783
"/Engine/EngineMaterials/Substrate/GLints/dict_16_192_64_0p5_0p02_0013_0005" 6784
"/Engine/EngineMaterials/Substrate/GLints/dict_16_192_64_0p5_0p02_0013_0007" 6785
"../../../Engine/Content/EngineMaterials/Substrate/GLints/dict_16_192_64_0p5_0p02_0013_0001.uasset" 6786
"/Engine/EngineMaterials/Substrate/GLints/dict_16_192_64_0p5_0p02_0013_0008" 6787
"/Engine/EngineMaterials/Substrate/GLints/dict_16_192_64_0p5_0p02_0013_0009" 6788
"/Engine/EngineMaterials/Substrate/GLints/dict_16_192_64_0p5_0p02_0013_0010" 6789
"/Engine/EngineMaterials/Substrate/GLints/dict_16_192_64_0p5_0p02_0013_0015" 6790
"../../../Engine/Content/EngineMaterials/Substrate/GLints/dict_16_192_64_0p5_0p02_0015_0012.uasset" 6791
"/Engine/EngineMaterials/Substrate/GLints/dict_16_192_64_0p5_0p02_0013_0001" 6792
"../../../Engine/Content/EngineMaterials/Substrate/GLints/dict_16_192_64_0p5_0p02_0013_0000.uasset" 6793
"../../../Engine/Content/EngineMaterials/Substrate/GLints/dict_16_192_64_0p5_0p02_0014_0009.uasset" 6794
"/Engine/EngineMaterials/Substrate/GLints/dict_16_192_64_0p5_0p02_0013_0006" 6795
"/Engine/EngineMaterials/Substrate/GLints/dict_16_192_64_0p5_0p02_0013_0011" 6796
"/Engine/EngineMaterials/Substrate/GLints/dict_16_192_64_0p5_0p02_0015_0012" 6797
"/Engine/EngineMaterials/Substrate/GLints/dict_16_192_64_0p5_0p02_0013_0013" 6798
"../../../Engine/Content/EngineMaterials/Substrate/GLints/dict_16_192_64_0p5_0p02_0013_0012.uasset" 6799
"../../../Engine/Content/EngineMaterials/Substrate/GLints/dict_16_192_64_0p5_0p02_0015_0000.uasset" 6800
"/Engine/EngineMaterials/Substrate/GLints/dict_16_192_64_0p5_0p02_0013_0014" 6801
"/Engine/EngineMaterials/Substrate/GLints/dict_16_192_64_0p5_0p02_0015_0000" 6802
"../../../Engine/Content/EngineMaterials/Substrate/GLints/dict_16_192_64_0p5_0p02_0012_0010.uasset" 6803
"/Engine/EngineMaterials/Substrate/GLints/dict_16_192_64_0p5_0p02_0013_0000" 6804
"../../../Engine/Content/EngineMaterials/Substrate/GLints/dict_16_192_64_0p5_0p02_0012_0011.uasset" 6805
"../../../Engine/Content/EngineMaterials/Substrate/GLints/dict_16_192_64_0p5_0p02_0012_0001.uasset" 6806
"../../../Engine/Content/EngineMaterials/Substrate/GLints/dict_16_192_64_0p5_0p02_0012_0007.uasset" 6807
"/Engine/EngineMaterials/Substrate/GLints/dict_16_192_64_0p5_0p02_0013_0012" 6808
"../../../Engine/Content/EngineMaterials/Substrate/GLints/dict_16_192_64_0p5_0p02_0012_0005.uasset" 6809
"../../../Engine/Content/EngineMaterials/Substrate/GLints/dict_16_192_64_0p5_0p02_0012_0008.uasset" 6810
"../../../Engine/Content/EngineMaterials/Substrate/GLints/dict_16_192_64_0p5_0p02_0012_0013.uasset" 6811
"/Engine/EngineMaterials/Substrate/GLints/dict_16_192_64_0p5_0p02_0014_0009" 6812
"../../../Engine/Content/EngineMaterials/Substrate/GLints/dict_16_192_64_0p5_0p02_0012_0014.uasset" 6813
"/Engine/EngineMaterials/Substrate/GLints/dict_16_192_64_0p5_0p02_0012_0001" 6814
"../../../Engine/Content/EngineMaterials/Substrate/GLints/dict_16_192_64_0p5_0p02_0011_0011.uasset" 6815
"../../../Engine/Content/EngineMaterials/Substrate/GLints/dict_16_192_64_0p5_0p02_0011_0009.uasset" 6816
"../../../Engine/Content/EngineMaterials/Substrate/GLints/dict_16_192_64_0p5_0p02_0011_0015.uasset" 6817
"../../../Engine/Content/EngineMaterials/Substrate/GLints/dict_16_192_64_0p5_0p02_0012_0006.uasset" 6818
"../../../Engine/Content/EngineMaterials/Substrate/GLints/dict_16_192_64_0p5_0p02_0012_0012.uasset" 6819
"../../../Engine/Content/EngineMaterials/Substrate/GLints/dict_16_192_64_0p5_0p02_0012_0000.uasset" 6820
"../../../Engine/Content/EngineMaterials/Substrate/GLints/dict_16_192_64_0p5_0p02_0011_0010.uasset" 6821
"../../../Engine/Content/EngineMaterials/Substrate/GLints/dict_16_192_64_0p5_0p02_0012_0009.uasset" 6822
"/Engine/EngineMaterials/Substrate/GLints/dict_16_192_64_0p5_0p02_0012_0007" 6823
"../../../Engine/Content/EngineMaterials/Substrate/GLints/dict_16_192_64_0p5_0p02_0012_0002.uasset" 6824
"../../../Engine/Content/EngineMaterials/Substrate/GLints/dict_16_192_64_0p5_0p02_0013_0002.uasset" 6825
"../../../Engine/Content/EngineMaterials/Substrate/GLints/dict_16_192_64_0p5_0p02_0012_0003.uasset" 6826
"../../../Engine/Content/EngineMaterials/Substrate/GLints/dict_16_192_64_0p5_0p02_0012_0015.uasset" 6827
"/Engine/EngineMaterials/Substrate/GLints/dict_16_192_64_0p5_0p02_0012_0008" 6828
"/Engine/EngineMaterials/Substrate/GLints/dict_16_192_64_0p5_0p02_0012_0005" 6829
"../../../Engine/Content/EngineMaterials/Substrate/GLints/dict_16_192_64_0p5_0p02_0015_0013.uasset" 6830
"../../../Engine/Content/EngineMaterials/Substrate/GLints/dict_16_192_64_0p5_0p02_0016_0004.uasset" 6831
"/Engine/EngineMaterials/Substrate/GLints/dict_16_192_64_0p5_0p02_0012_0010" 6832
"/Engine/EngineMaterials/Substrate/GLints/dict_16_192_64_0p5_0p02_0012_0011" 6833
"../../../Engine/Content/EngineMaterials/Substrate/GLints/dict_16_192_64_0p5_0p02_0014_0002.uasset" 6834
"/Engine/EngineMaterials/Substrate/GLints/dict_16_192_64_0p5_0p02_0012_0013" 6835
"/Engine/EngineMaterials/Substrate/GLints/dict_16_192_64_0p5_0p02_0012_0014" 6836
"../../../Engine/Content/EngineMaterials/Substrate/GLints/dict_16_192_64_0p5_0p02_0011_0008.uasset" 6837
"../../../Engine/Content/EngineMaterials/Substrate/GLints/dict_16_192_64_0p5_0p02_0011_0006.uasset" 6838
"../../../Engine/Content/EngineMaterials/Substrate/GLints/dict_16_192_64_0p5_0p02_0011_0013.uasset" 6839
"/Engine/EngineMaterials/Substrate/GLints/dict_16_192_64_0p5_0p02_0011_0009" 6840
"/Engine/EngineMaterials/Substrate/GLints/dict_16_192_64_0p5_0p02_0013_0002" 6841
"../../../Engine/Content/EngineMaterials/Substrate/GLints/dict_16_192_64_0p5_0p02_0011_0014.uasset" 6842
"../../../Engine/Content/EngineMaterials/Substrate/GLints/dict_16_192_64_0p5_0p02_0011_0007.uasset" 6843
"../../../Engine/Content/EngineMaterials/Substrate/GLints/dict_16_192_64_0p5_0p02_0011_0012.uasset" 6844
"../../../Engine/Content/EngineMaterials/Substrate/GLints/dict_16_192_64_0p5_0p02_0011_0005.uasset" 6845
"../../../Engine/Content/EngineMaterials/Substrate/GLints/dict_16_192_64_0p5_0p02_0011_0001.uasset" 6846
"../../../Engine/Content/EngineMaterials/Substrate/GLints/dict_16_192_64_0p5_0p02_0011_0000.uasset" 6847
"../../../Engine/Content/EngineMaterials/Substrate/GLints/dict_16_192_64_0p5_0p02_0010_0014.uasset" 6848
"../../../Engine/Content/EngineMaterials/Substrate/GLints/dict_16_192_64_0p5_0p02_0011_0004.uasset" 6849
"../../../Engine/Content/EngineMaterials/Substrate/GLints/dict_16_192_64_0p5_0p02_0010_0013.uasset" 6850
"/Engine/EngineMaterials/Substrate/GLints/dict_16_192_64_0p5_0p02_0012_0015" 6851
"../../../Engine/Content/EngineMaterials/Substrate/GLints/dict_16_192_64_0p5_0p02_0011_0002.uasset" 6852
"/Engine/EngineMaterials/Substrate/GLints/dict_16_192_64_0p5_0p02_0011_0015" 6853
"/Engine/EngineMaterials/Substrate/GLints/dict_16_192_64_0p5_0p02_0012_0000" 6854
"/Engine/EngineMaterials/Substrate/GLints/dict_16_192_64_0p5_0p02_0011_0010" 6855
"/Engine/EngineMaterials/Substrate/GLints/dict_16_192_64_0p5_0p02_0011_0006" 6856
"../../../Engine/Content/EngineMaterials/Substrate/GLints/dict_16_192_64_0p5_0p02_0011_0003.uasset" 6857
"/Engine/EngineMaterials/Substrate/GLints/dict_16_192_64_0p5_0p02_0012_0002" 6858
"../../../Engine/Content/EngineMaterials/Substrate/GLints/dict_16_192_64_0p5_0p02_0010_0015.uasset" 6859
"/Engine/EngineMaterials/Substrate/GLints/dict_16_192_64_0p5_0p02_0012_0003" 6860
"/Engine/EngineMaterials/Substrate/GLints/dict_16_192_64_0p5_0p02_0012_0006" 6861
"/Engine/EngineMaterials/Substrate/GLints/dict_16_192_64_0p5_0p02_0011_0011" 6862
"/Engine/EngineMaterials/Substrate/GLints/dict_16_192_64_0p5_0p02_0015_0013" 6863
"/Engine/EngineMaterials/Substrate/GLints/dict_16_192_64_0p5_0p02_0011_0013" 6864
"/Engine/EngineMaterials/Substrate/GLints/dict_16_192_64_0p5_0p02_0014_0002" 6865
"/Engine/EngineMaterials/Substrate/GLints/dict_16_192_64_0p5_0p02_0012_0009" 6866
"../../../Engine/Content/EngineMaterials/Substrate/GLints/dict_16_192_64_0p5_0p02_0012_0004.uasset" 6867
"/Engine/EngineMaterials/Substrate/GLints/dict_16_192_64_0p5_0p02_0016_0004" 6868
"/Engine/EngineMaterials/Substrate/GLints/dict_16_192_64_0p5_0p02_0012_0012" 6869
"/Engine/EngineMaterials/Substrate/GLints/dict_16_192_64_0p5_0p02_0011_0008" 6870
"/Engine/EngineMaterials/Substrate/GLints/dict_16_192_64_0p5_0p02_0011_0005" 6871
"/Engine/EngineMaterials/Substrate/GLints/dict_16_192_64_0p5_0p02_0010_0013" 6872
"../../../Engine/Content/EngineMaterials/Substrate/GLints/dict_16_192_64_0p5_0p02_0013_0003.uasset" 6873
"/Engine/EngineMaterials/Substrate/GLints/dict_16_192_64_0p5_0p02_0012_0004" 6874
"/Engine/EngineMaterials/Substrate/GLints/dict_16_192_64_0p5_0p02_0011_0007" 6875
"/Engine/EngineMaterials/Substrate/GLints/dict_16_192_64_0p5_0p02_0010_0014" 6876
"/Engine/EngineMaterials/Substrate/GLints/dict_16_192_64_0p5_0p02_0011_0012" 6877
"/Engine/EngineMaterials/Substrate/GLints/dict_16_192_64_0p5_0p02_0011_0014" 6878
"/Engine/EngineMaterials/Substrate/GLints/dict_16_192_64_0p5_0p02_0010_0015" 6879
"/Engine/EngineMaterials/Substrate/GLints/dict_16_192_64_0p5_0p02_0011_0000" 6880
"/Engine/EngineMaterials/Substrate/GLints/dict_16_192_64_0p5_0p02_0011_0001" 6881
"../../../Engine/Content/EngineMaterials/Substrate/GLints/dict_16_192_64_0p5_0p02_0010_0001.uasset" 6882
"../../../Engine/Content/EngineMaterials/Substrate/GLints/dict_16_192_64_0p5_0p02_0010_0009.uasset" 6883
"../../../Engine/Content/EngineMaterials/Substrate/GLints/dict_16_192_64_0p5_0p02_0010_0007.uasset" 6884
"../../../Engine/Content/EngineMaterials/Substrate/GLints/dict_16_192_64_0p5_0p02_0010_0012.uasset" 6885
"../../../Engine/Content/EngineMaterials/Substrate/GLints/dict_16_192_64_0p5_0p02_0010_0002.uasset" 6886
"../../../Engine/Content/EngineMaterials/Substrate/GLints/dict_16_192_64_0p5_0p02_0010_0008.uasset" 6887
"/Engine/EngineMaterials/Substrate/GLints/dict_16_192_64_0p5_0p02_0011_0002" 6888
"/Engine/EngineMaterials/Substrate/GLints/dict_16_192_64_0p5_0p02_0011_0003" 6889
"../../../Engine/Content/EngineMaterials/Substrate/GLints/dict_16_192_64_0p5_0p02_0010_0010.uasset" 6890
"/Engine/EngineMaterials/Substrate/GLints/dict_16_192_64_0p5_0p02_0011_0004" 6891
"/Engine/EngineMaterials/Substrate/GLints/dict_16_192_64_0p5_0p02_0013_0003" 6892
"../../../Engine/Content/EngineMaterials/Substrate/GLints/dict_16_192_64_0p5_0p02_0010_0006.uasset" 6893
"/Engine/EngineMaterials/Substrate/GLints/dict_16_192_64_0p5_0p02_0010_0001" 6894
"../../../Engine/Content/EngineMaterials/Substrate/GLints/dict_16_192_64_0p5_0p02_0009_0012.uasset" 6895
"/Engine/EngineMaterials/Substrate/GLints/dict_16_192_64_0p5_0p02_0010_0002" 6896
"../../../Engine/Content/EngineMaterials/Substrate/GLints/dict_16_192_64_0p5_0p02_0009_0013.uasset" 6897
"/Engine/EngineMaterials/Substrate/GLints/dict_16_192_64_0p5_0p02_0010_0007" 6898
"../../../Engine/Content/EngineMaterials/Substrate/GLints/dict_16_192_64_0p5_0p02_0009_0011.uasset" 6899
"../../../Engine/Content/EngineMaterials/Substrate/GLints/dict_16_192_64_0p5_0p02_0009_0014.uasset" 6900
"/Engine/EngineMaterials/Substrate/GLints/dict_16_192_64_0p5_0p02_0010_0008" 6901
"/Engine/EngineMaterials/Substrate/GLints/dict_16_192_64_0p5_0p02_0010_0009" 6902
"/Engine/EngineMaterials/Substrate/GLints/dict_16_192_64_0p5_0p02_0010_0010" 6903
"/Engine/EngineMaterials/Substrate/GLints/dict_16_192_64_0p5_0p02_0010_0012" 6904
"/Engine/EngineMaterials/Substrate/GLints/dict_16_192_64_0p5_0p02_0009_0011" 6905
"../../../Engine/Content/EngineMaterials/Substrate/GLints/dict_16_192_64_0p5_0p02_0010_0000.uasset" 6906
"/Engine/EngineMaterials/Substrate/GLints/dict_16_192_64_0p5_0p02_0009_0012" 6907
"/Engine/EngineMaterials/Substrate/GLints/dict_16_192_64_0p5_0p02_0009_0013" 6908
"/Engine/EngineMaterials/Substrate/GLints/dict_16_192_64_0p5_0p02_0009_0014" 6909
"/Engine/EngineMaterials/Substrate/GLints/dict_16_192_64_0p5_0p02_0010_0006" 6910
"../../../Engine/Content/EngineMaterials/Substrate/GLints/dict_16_192_64_0p5_0p02_0010_0011.uasset" 6911
"../../../Engine/Content/EngineMaterials/Substrate/GLints/dict_16_192_64_0p5_0p02_0010_0004.uasset" 6912
"../../../Engine/Content/EngineMaterials/Substrate/GLints/dict_16_192_64_0p5_0p02_0009_0015.uasset" 6913
"/Engine/EngineMaterials/Substrate/GLints/dict_16_192_64_0p5_0p02_0009_0015" 6914
"../../../Engine/Content/EngineMaterials/Substrate/GLints/dict_16_192_64_0p5_0p02_0010_0005.uasset" 6915
"/Engine/EngineMaterials/Substrate/GLints/dict_16_192_64_0p5_0p02_0010_0000" 6916
"/Engine/EngineMaterials/Substrate/GLints/dict_16_192_64_0p5_0p02_0010_0004" 6917
"/Engine/EngineMaterials/Substrate/GLints/dict_16_192_64_0p5_0p02_0010_0011" 6918
"../../../Engine/Content/EngineMaterials/Substrate/GLints/dict_16_192_64_0p5_0p02_0010_0003.uasset" 6919
"/Engine/EngineMaterials/Substrate/GLints/dict_16_192_64_0p5_0p02_0010_0003" 6920
"/Engine/EngineMaterials/Substrate/GLints/dict_16_192_64_0p5_0p02_0010_0005" 6921
"../../../Engine/Content/EngineMaterials/Substrate/GLints/dict_16_192_64_0p5_0p02_0008_0000.uasset" 6922
"../../../Engine/Content/EngineMaterials/Substrate/GLints/dict_16_192_64_0p5_0p02_0009_0002.uasset" 6923
"../../../Engine/Content/EngineMaterials/Substrate/GLints/dict_16_192_64_0p5_0p02_0008_0007.uasset" 6924
"../../../Engine/Content/EngineMaterials/Substrate/GLints/dict_16_192_64_0p5_0p02_0009_0008.uasset" 6925
"../../../Engine/Content/EngineMaterials/Substrate/GLints/dict_16_192_64_0p5_0p02_0008_0001.uasset" 6926
"../../../Engine/Content/EngineMaterials/Substrate/GLints/dict_16_192_64_0p5_0p02_0008_0003.uasset" 6927
"../../../Engine/Content/EngineMaterials/Substrate/GLints/dict_16_192_64_0p5_0p02_0008_0009.uasset" 6928
"../../../Engine/Content/EngineMaterials/Substrate/GLints/dict_16_192_64_0p5_0p02_0009_0010.uasset" 6929
"../../../Engine/Content/EngineMaterials/Substrate/GLints/dict_16_192_64_0p5_0p02_0009_0006.uasset" 6930
"/Engine/EngineMaterials/Substrate/GLints/dict_16_192_64_0p5_0p02_0008_0001" 6931
"../../../Engine/Content/EngineMaterials/Substrate/GLints/dict_16_192_64_0p5_0p02_0008_0002.uasset" 6932
"../../../Engine/Content/EngineMaterials/Substrate/GLints/dict_16_192_64_0p5_0p02_0009_0005.uasset" 6933
"../../../Engine/Content/EngineMaterials/Substrate/GLints/dict_16_192_64_0p5_0p02_0009_0007.uasset" 6934
"../../../Engine/Content/EngineMaterials/Substrate/GLints/dict_16_192_64_0p5_0p02_0008_0008.uasset" 6935
"../../../Engine/Content/EngineMaterials/Substrate/GLints/dict_16_192_64_0p5_0p02_0008_0012.uasset" 6936
"../../../Engine/Content/EngineMaterials/Substrate/GLints/dict_16_192_64_0p5_0p02_0008_0013.uasset" 6937
"../../../Engine/Content/EngineMaterials/Substrate/GLints/dict_16_192_64_0p5_0p02_0007_0015.uasset" 6938
"../../../Engine/Content/EngineMaterials/Substrate/GLints/dict_16_192_64_0p5_0p02_0008_0004.uasset" 6939
"../../../Engine/Content/EngineMaterials/Substrate/GLints/dict_16_192_64_0p5_0p02_0009_0004.uasset" 6940
"../../../Engine/Content/EngineMaterials/Substrate/GLints/dict_16_192_64_0p5_0p02_0009_0003.uasset" 6941
"../../../Engine/Content/EngineMaterials/Substrate/GLints/dict_16_192_64_0p5_0p02_0009_0001.uasset" 6942
"../../../Engine/Content/EngineMaterials/Substrate/GLints/dict_16_192_64_0p5_0p02_0007_0013.uasset" 6943
"/Engine/EngineMaterials/Substrate/GLints/dict_16_192_64_0p5_0p02_0008_0003" 6944
"../../../Engine/Content/EngineMaterials/Substrate/GLints/dict_16_192_64_0p5_0p02_0009_0009.uasset" 6945
"../../../Engine/Content/EngineMaterials/Substrate/GLints/dict_16_192_64_0p5_0p02_0007_0011.uasset" 6946
"../../../Engine/Content/EngineMaterials/Substrate/GLints/dict_16_192_64_0p5_0p02_0008_0011.uasset" 6947
"/Engine/EngineMaterials/Substrate/GLints/dict_16_192_64_0p5_0p02_0008_0007" 6948
"/Engine/EngineMaterials/Substrate/GLints/dict_16_192_64_0p5_0p02_0009_0002" 6949
"../../../Engine/Content/EngineMaterials/Substrate/GLints/dict_16_192_64_0p5_0p02_0007_0014.uasset" 6950
"../../../Engine/Content/EngineMaterials/Substrate/GLints/dict_16_192_64_0p5_0p02_0008_0010.uasset" 6951
"../../../Engine/Content/EngineMaterials/Substrate/GLints/dict_16_192_64_0p5_0p02_0008_0015.uasset" 6952
"/Engine/EngineMaterials/Substrate/GLints/dict_16_192_64_0p5_0p02_0008_0009" 6953
"/Engine/EngineMaterials/Substrate/GLints/dict_16_192_64_0p5_0p02_0009_0008" 6954
"../../../Engine/Content/EngineMaterials/Substrate/GLints/dict_16_192_64_0p5_0p02_0007_0012.uasset" 6955
"../../../Engine/Content/EngineMaterials/Substrate/GLints/dict_16_192_64_0p5_0p02_0008_0014.uasset" 6956
"/Engine/EngineMaterials/Substrate/GLints/dict_16_192_64_0p5_0p02_0008_0000" 6957
"/Engine/EngineMaterials/Substrate/GLints/dict_16_192_64_0p5_0p02_0009_0010" 6958
"../../../Engine/Content/EngineMaterials/Substrate/GLints/dict_16_192_64_0p5_0p02_0008_0006.uasset" 6959
"/Engine/EngineMaterials/Substrate/GLints/dict_16_192_64_0p5_0p02_0008_0002" 6960
"/Engine/EngineMaterials/Substrate/GLints/dict_16_192_64_0p5_0p02_0008_0004" 6961
"/Engine/EngineMaterials/Substrate/GLints/dict_16_192_64_0p5_0p02_0008_0014" 6962
"/Engine/EngineMaterials/Substrate/GLints/dict_16_192_64_0p5_0p02_0007_0013" 6963
"/Engine/EngineMaterials/Substrate/GLints/dict_16_192_64_0p5_0p02_0007_0014" 6964
"/Engine/EngineMaterials/Substrate/GLints/dict_16_192_64_0p5_0p02_0008_0015" 6965
"../../../Engine/Content/EngineMaterials/Substrate/GLints/dict_16_192_64_0p5_0p02_0009_0000.uasset" 6966
"../../../Engine/Content/EngineMaterials/Substrate/GLints/dict_16_192_64_0p5_0p02_0008_0005.uasset" 6967
"/Engine/EngineMaterials/Substrate/GLints/dict_16_192_64_0p5_0p02_0008_0008" 6968
"/Engine/EngineMaterials/Substrate/GLints/dict_16_192_64_0p5_0p02_0007_0011" 6969
"/Engine/EngineMaterials/Substrate/GLints/dict_16_192_64_0p5_0p02_0007_0015" 6970
"/Engine/EngineMaterials/Substrate/GLints/dict_16_192_64_0p5_0p02_0007_0012" 6971
"/Engine/EngineMaterials/Substrate/GLints/dict_16_192_64_0p5_0p02_0009_0001" 6972
"/Engine/EngineMaterials/Substrate/GLints/dict_16_192_64_0p5_0p02_0009_0003" 6973
"/Engine/EngineMaterials/Substrate/GLints/dict_16_192_64_0p5_0p02_0009_0004" 6974
"/Engine/EngineMaterials/Substrate/GLints/dict_16_192_64_0p5_0p02_0008_0010" 6975
"/Engine/EngineMaterials/Substrate/GLints/dict_16_192_64_0p5_0p02_0009_0005" 6976
"../../../Engine/Content/EngineMaterials/Substrate/GLints/dict_16_192_64_0p5_0p02_0007_0010.uasset" 6977
"/Engine/EngineMaterials/Substrate/GLints/dict_16_192_64_0p5_0p02_0008_0011" 6978
"../../../Engine/Content/EngineMaterials/Substrate/GLints/dict_16_192_64_0p5_0p02_0007_0004.uasset" 6979
"/Engine/EngineMaterials/Substrate/GLints/dict_16_192_64_0p5_0p02_0009_0006" 6980
"/Engine/EngineMaterials/Substrate/GLints/dict_16_192_64_0p5_0p02_0008_0012" 6981
"/Engine/EngineMaterials/Substrate/GLints/dict_16_192_64_0p5_0p02_0009_0007" 6982
"/Engine/EngineMaterials/Substrate/GLints/dict_16_192_64_0p5_0p02_0009_0009" 6983
"../../../Engine/Content/EngineMaterials/Substrate/GLints/dict_16_192_64_0p5_0p02_0007_0006.uasset" 6984
"../../../Engine/Content/EngineMaterials/Substrate/GLints/dict_16_192_64_0p5_0p02_0007_0009.uasset" 6985
"/Engine/EngineMaterials/Substrate/GLints/dict_16_192_64_0p5_0p02_0008_0013" 6986
"../../../Engine/Content/EngineMaterials/Substrate/GLints/dict_16_192_64_0p5_0p02_0007_0005.uasset" 6987
"../../../Engine/Content/EngineMaterials/Substrate/GLints/dict_16_192_64_0p5_0p02_0007_0008.uasset" 6988
"../../../Engine/Content/EngineMaterials/Substrate/GLints/dict_16_192_64_0p5_0p02_0007_0003.uasset" 6989
"/Engine/EngineMaterials/Substrate/GLints/dict_16_192_64_0p5_0p02_0007_0004" 6990
"../../../Engine/Content/EngineMaterials/Substrate/GLints/dict_16_192_64_0p5_0p02_0007_0007.uasset" 6991
"/Engine/EngineMaterials/Substrate/GLints/dict_16_192_64_0p5_0p02_0008_0006" 6992
"/Engine/EngineMaterials/Substrate/GLints/dict_16_192_64_0p5_0p02_0007_0005" 6993
"/Engine/EngineMaterials/Substrate/GLints/dict_16_192_64_0p5_0p02_0009_0000" 6994
"/Engine/EngineMaterials/Substrate/GLints/dict_16_192_64_0p5_0p02_0007_0006" 6995
"/Engine/EngineMaterials/Substrate/GLints/dict_16_192_64_0p5_0p02_0008_0005" 6996
"/Engine/EngineMaterials/Substrate/GLints/dict_16_192_64_0p5_0p02_0007_0008" 6997
"/Engine/EngineMaterials/Substrate/GLints/dict_16_192_64_0p5_0p02_0007_0009" 6998
"/Engine/EngineMaterials/Substrate/GLints/dict_16_192_64_0p5_0p02_0007_0010" 6999
"../../../Engine/Content/EngineMaterials/Substrate/GLints/dict_16_192_64_0p5_0p02_0006_0006.uasset" 7000
"../../../Engine/Content/EngineMaterials/Substrate/GLints/dict_16_192_64_0p5_0p02_0006_0000.uasset" 7001
"../../../Engine/Content/EngineMaterials/Substrate/GLints/dict_16_192_64_0p5_0p02_0006_0007.uasset" 7002
"../../../Engine/Content/EngineMaterials/Substrate/GLints/dict_16_192_64_0p5_0p02_0006_0001.uasset" 7003
"../../../Engine/Content/EngineMaterials/Substrate/GLints/dict_16_192_64_0p5_0p02_0006_0005.uasset" 7004
"/Engine/EngineMaterials/Substrate/GLints/dict_16_192_64_0p5_0p02_0007_0003" 7005
"../../../Engine/Content/EngineMaterials/Substrate/GLints/dict_16_192_64_0p5_0p02_0007_0000.uasset" 7006
"../../../Engine/Content/EngineMaterials/Substrate/GLints/dict_16_192_64_0p5_0p02_0006_0003.uasset" 7007
"../../../Engine/Content/EngineMaterials/Substrate/GLints/dict_16_192_64_0p5_0p02_0007_0001.uasset" 7008
"../../../Engine/Content/EngineMaterials/Substrate/GLints/dict_16_192_64_0p5_0p02_0006_0004.uasset" 7009
"../../../Engine/Content/EngineMaterials/Substrate/GLints/dict_16_192_64_0p5_0p02_0006_0015.uasset" 7010
"/Engine/EngineMaterials/Substrate/GLints/dict_16_192_64_0p5_0p02_0006_0000" 7011
"../../../Engine/Content/EngineMaterials/Substrate/GLints/dict_16_192_64_0p5_0p02_0005_0015.uasset" 7012
"/Engine/EngineMaterials/Substrate/GLints/dict_16_192_64_0p5_0p02_0006_0001" 7013
"../../../Engine/Content/EngineMaterials/Substrate/GLints/dict_16_192_64_0p5_0p02_0006_0010.uasset" 7014
"/Engine/EngineMaterials/Substrate/GLints/dict_16_192_64_0p5_0p02_0006_0006" 7015
"../../../Engine/Content/EngineMaterials/Substrate/GLints/dict_16_192_64_0p5_0p02_0006_0008.uasset" 7016
"/Engine/EngineMaterials/Substrate/GLints/dict_16_192_64_0p5_0p02_0006_0007" 7017
"../../../Engine/Content/EngineMaterials/Substrate/GLints/dict_16_192_64_0p5_0p02_0006_0009.uasset" 7018
"/Engine/EngineMaterials/Substrate/GLints/dict_16_192_64_0p5_0p02_0007_0007" 7019
"../../../Engine/Content/EngineMaterials/Substrate/GLints/dict_16_192_64_0p5_0p02_0006_0014.uasset" 7020
"../../../Engine/Content/EngineMaterials/Substrate/GLints/dict_16_192_64_0p5_0p02_0006_0002.uasset" 7021
"/Engine/EngineMaterials/Substrate/GLints/dict_16_192_64_0p5_0p02_0005_0015" 7022
"../../../Engine/Content/EngineMaterials/Substrate/GLints/dict_16_192_64_0p5_0p02_0007_0002.uasset" 7023
"/Engine/EngineMaterials/Substrate/GLints/dict_16_192_64_0p5_0p02_0006_0003" 7024
"/Engine/EngineMaterials/Substrate/GLints/dict_16_192_64_0p5_0p02_0006_0004" 7025
"../../../Engine/Content/EngineMaterials/Substrate/GLints/dict_16_192_64_0p5_0p02_0005_0014.uasset" 7026
"../../../Engine/Content/EngineMaterials/Substrate/GLints/dict_16_192_64_0p5_0p02_0006_0012.uasset" 7027
"/Engine/EngineMaterials/Substrate/GLints/dict_16_192_64_0p5_0p02_0006_0005" 7028
"../../../Engine/Content/EngineMaterials/Substrate/GLints/dict_16_192_64_0p5_0p02_0005_0011.uasset" 7029
"/Engine/EngineMaterials/Substrate/GLints/dict_16_192_64_0p5_0p02_0006_0008" 7030
"/Engine/EngineMaterials/Substrate/GLints/dict_16_192_64_0p5_0p02_0006_0009" 7031
"../../../Engine/Content/EngineMaterials/Substrate/GLints/dict_16_192_64_0p5_0p02_0005_0013.uasset" 7032
"/Engine/EngineMaterials/Substrate/GLints/dict_16_192_64_0p5_0p02_0006_0010" 7033
"/Engine/EngineMaterials/Substrate/GLints/dict_16_192_64_0p5_0p02_0006_0014" 7034
"/Engine/EngineMaterials/Substrate/GLints/dict_16_192_64_0p5_0p02_0006_0015" 7035
"../../../Engine/Content/EngineMaterials/Substrate/GLints/dict_16_192_64_0p5_0p02_0006_0011.uasset" 7036
"/Engine/EngineMaterials/Substrate/GLints/dict_16_192_64_0p5_0p02_0007_0000" 7037
"/Engine/EngineMaterials/Substrate/GLints/dict_16_192_64_0p5_0p02_0007_0001" 7038
"/Engine/EngineMaterials/Substrate/GLints/dict_16_192_64_0p5_0p02_0005_0014" 7039
"/Engine/EngineMaterials/Substrate/GLints/dict_16_192_64_0p5_0p02_0006_0002" 7040
"/Engine/EngineMaterials/Substrate/GLints/dict_16_192_64_0p5_0p02_0006_0011" 7041
"/Engine/EngineMaterials/Substrate/GLints/dict_16_192_64_0p5_0p02_0006_0012" 7042
"../../../Engine/Content/EngineMaterials/Substrate/GLints/dict_16_192_64_0p5_0p02_0005_0010.uasset" 7043
"../../../Engine/Content/EngineMaterials/Substrate/GLints/dict_16_192_64_0p5_0p02_0005_0009.uasset" 7044
"/Engine/EngineMaterials/Substrate/GLints/dict_16_192_64_0p5_0p02_0005_0011" 7045
"../../../Engine/Content/EngineMaterials/Substrate/GLints/dict_16_192_64_0p5_0p02_0005_0007.uasset" 7046
"../../../Engine/Content/EngineMaterials/Substrate/GLints/dict_16_192_64_0p5_0p02_0005_0008.uasset" 7047
"../../../Engine/Content/EngineMaterials/Substrate/GLints/dict_16_192_64_0p5_0p02_0005_0005.uasset" 7048
"../../../Engine/Content/EngineMaterials/Substrate/GLints/dict_16_192_64_0p5_0p02_0006_0013.uasset" 7049
"../../../Engine/Content/EngineMaterials/Substrate/GLints/dict_16_192_64_0p5_0p02_0005_0012.uasset" 7050
"../../../Engine/Content/EngineMaterials/Substrate/GLints/dict_16_192_64_0p5_0p02_0004_0013.uasset" 7051
"../../../Engine/Content/EngineMaterials/Substrate/GLints/dict_16_192_64_0p5_0p02_0005_0004.uasset" 7052
"../../../Engine/Content/EngineMaterials/Substrate/GLints/dict_16_192_64_0p5_0p02_0004_0012.uasset" 7053
"../../../Engine/Content/EngineMaterials/Substrate/GLints/dict_16_192_64_0p5_0p02_0004_0004.uasset" 7054
"/Engine/EngineMaterials/Substrate/GLints/dict_16_192_64_0p5_0p02_0007_0002" 7055
"/Engine/EngineMaterials/Substrate/GLints/dict_16_192_64_0p5_0p02_0005_0013" 7056
"/Engine/EngineMaterials/Substrate/GLints/dict_16_192_64_0p5_0p02_0005_0005" 7057
"/Engine/EngineMaterials/Substrate/GLints/dict_16_192_64_0p5_0p02_0004_0004" 7058
"../../../Engine/Content/EngineMaterials/Substrate/GLints/dict_16_192_64_0p5_0p02_0005_0000.uasset" 7059
"../../../Engine/Content/EngineMaterials/Substrate/GLints/dict_16_192_64_0p5_0p02_0004_0011.uasset" 7060
"/Engine/EngineMaterials/Substrate/GLints/dict_16_192_64_0p5_0p02_0005_0007" 7061
"../../../Engine/Content/EngineMaterials/Substrate/GLints/dict_16_192_64_0p5_0p02_0004_0006.uasset" 7062
"/Engine/EngineMaterials/Substrate/GLints/dict_16_192_64_0p5_0p02_0005_0008" 7063
"../../../Engine/Content/EngineMaterials/Substrate/GLints/dict_16_192_64_0p5_0p02_0005_0003.uasset" 7064
"/Engine/EngineMaterials/Substrate/GLints/dict_16_192_64_0p5_0p02_0005_0009" 7065
"/Engine/EngineMaterials/Substrate/GLints/dict_16_192_64_0p5_0p02_0005_0010" 7066
"/Engine/EngineMaterials/Substrate/GLints/dict_16_192_64_0p5_0p02_0005_0004" 7067
"/Engine/EngineMaterials/Substrate/GLints/dict_16_192_64_0p5_0p02_0006_0013" 7068
"../../../Engine/Content/EngineMaterials/Substrate/GLints/dict_16_192_64_0p5_0p02_0005_0002.uasset" 7069
"/Engine/EngineMaterials/Substrate/GLints/dict_16_192_64_0p5_0p02_0004_0012" 7070
"/Engine/EngineMaterials/Substrate/GLints/dict_16_192_64_0p5_0p02_0004_0013" 7071
"../../../Engine/Content/EngineMaterials/Substrate/GLints/dict_16_192_64_0p5_0p02_0005_0001.uasset" 7072
"/Engine/EngineMaterials/Substrate/GLints/dict_16_192_64_0p5_0p02_0005_0012" 7073
"../../../Engine/Content/EngineMaterials/Substrate/GLints/dict_16_192_64_0p5_0p02_0004_0005.uasset" 7074
"/Engine/EngineMaterials/Substrate/GLints/dict_16_192_64_0p5_0p02_0005_0000" 7075
"../../../Engine/Content/EngineMaterials/Substrate/GLints/dict_16_192_64_0p5_0p02_0004_0002.uasset" 7076
"../../../Engine/Content/EngineMaterials/Substrate/GLints/dict_16_192_64_0p5_0p02_0004_0001.uasset" 7077
"/Engine/EngineMaterials/Substrate/GLints/dict_16_192_64_0p5_0p02_0005_0001" 7078
"../../../Engine/Content/EngineMaterials/Substrate/GLints/dict_16_192_64_0p5_0p02_0004_0007.uasset" 7079
"../../../Engine/Content/EngineMaterials/Substrate/GLints/dict_16_192_64_0p5_0p02_0004_0015.uasset" 7080
"/Engine/EngineMaterials/Substrate/GLints/dict_16_192_64_0p5_0p02_0004_0005" 7081
"/Engine/EngineMaterials/Substrate/GLints/dict_16_192_64_0p5_0p02_0004_0006" 7082
"../../../Engine/Content/EngineMaterials/Substrate/GLints/dict_16_192_64_0p5_0p02_0004_0000.uasset" 7083
"/Engine/EngineMaterials/Substrate/GLints/dict_16_192_64_0p5_0p02_0005_0002" 7084
"../../../Engine/Content/EngineMaterials/Substrate/GLints/dict_16_192_64_0p5_0p02_0004_0009.uasset" 7085
"../../../Engine/Content/EngineMaterials/Substrate/GLints/dict_16_192_64_0p5_0p02_0004_0014.uasset" 7086
"../../../Engine/Content/EngineMaterials/Substrate/GLints/dict_16_192_64_0p5_0p02_0004_0010.uasset" 7087
"../../../Engine/Content/EngineMaterials/Substrate/GLints/dict_16_192_64_0p5_0p02_0004_0003.uasset" 7088
"../../../Engine/Content/EngineMaterials/Substrate/GLints/dict_16_192_64_0p5_0p02_0003_0013.uasset" 7089
"/Engine/EngineMaterials/Substrate/GLints/dict_16_192_64_0p5_0p02_0005_0003" 7090
"../../../Engine/Content/EngineMaterials/Substrate/GLints/dict_16_192_64_0p5_0p02_0003_0007.uasset" 7091
"../../../Engine/Content/EngineMaterials/Substrate/GLints/dict_16_192_64_0p5_0p02_0003_0010.uasset" 7092
"../../../Engine/Content/EngineMaterials/Substrate/GLints/dict_16_192_64_0p5_0p02_0003_0003.uasset" 7093
"/Engine/EngineMaterials/Substrate/GLints/dict_16_192_64_0p5_0p02_0004_0011" 7094
"../../../Engine/Content/EngineMaterials/Substrate/GLints/dict_16_192_64_0p5_0p02_0003_0012.uasset" 7095
"../../../Engine/Content/EngineMaterials/Substrate/GLints/dict_16_192_64_0p5_0p02_0003_0008.uasset" 7096
"../../../Engine/Content/EngineMaterials/Substrate/GLints/dict_16_192_64_0p5_0p02_0003_0014.uasset" 7097
"../../../Engine/Content/EngineMaterials/Substrate/GLints/dict_16_192_64_0p5_0p02_0003_0005.uasset" 7098
"../../../Engine/Content/EngineMaterials/Substrate/GLints/dict_16_192_64_0p5_0p02_0003_0015.uasset" 7099
"/Engine/EngineMaterials/Substrate/GLints/dict_16_192_64_0p5_0p02_0004_0015" 7100
"../../../Engine/Content/EngineMaterials/Substrate/GLints/dict_16_192_64_0p5_0p02_0003_0006.uasset" 7101
"../../../Engine/Content/EngineMaterials/Substrate/GLints/dict_16_192_64_0p5_0p02_0003_0002.uasset" 7102
"../../../Engine/Content/EngineMaterials/Substrate/GLints/dict_16_192_64_0p5_0p02_0005_0006.uasset" 7103
"/Engine/EngineMaterials/Substrate/GLints/dict_16_192_64_0p5_0p02_0003_0013" 7104
"../../../Engine/Content/EngineMaterials/Substrate/GLints/dict_16_192_64_0p5_0p02_0004_0008.uasset" 7105
"/Engine/EngineMaterials/Substrate/GLints/dict_16_192_64_0p5_0p02_0003_0003" 7106
"/Engine/EngineMaterials/Substrate/GLints/dict_16_192_64_0p5_0p02_0003_0014" 7107
"/Engine/EngineMaterials/Substrate/GLints/dict_16_192_64_0p5_0p02_0004_0007" 7108
"../../../Engine/Content/EngineMaterials/Substrate/GLints/dict_16_192_64_0p5_0p02_0003_0011.uasset" 7109
"/Engine/EngineMaterials/Substrate/GLints/dict_16_192_64_0p5_0p02_0003_0005" 7110
"../../../Engine/Content/EngineMaterials/Substrate/GLints/dict_16_192_64_0p5_0p02_0003_0009.uasset" 7111
"/Engine/EngineMaterials/Substrate/GLints/dict_16_192_64_0p5_0p02_0004_0009" 7112
"/Engine/EngineMaterials/Substrate/GLints/dict_16_192_64_0p5_0p02_0003_0007" 7113
"/Engine/EngineMaterials/Substrate/GLints/dict_16_192_64_0p5_0p02_0003_0008" 7114
"../../../Engine/Content/EngineMaterials/Substrate/GLints/dict_16_192_64_0p5_0p02_0003_0004.uasset" 7115
"/Engine/EngineMaterials/Substrate/GLints/dict_16_192_64_0p5_0p02_0004_0010" 7116
"/Engine/EngineMaterials/Substrate/GLints/dict_16_192_64_0p5_0p02_0003_0015" 7117
"../../../Engine/Content/EngineMaterials/Substrate/GLints/dict_16_192_64_0p5_0p02_0002_0011.uasset" 7118
"/Engine/EngineMaterials/Substrate/GLints/dict_16_192_64_0p5_0p02_0004_0000" 7119
"../../../Engine/Content/EngineMaterials/Substrate/GLints/dict_16_192_64_0p5_0p02_0002_0014.uasset" 7120
"/Engine/EngineMaterials/Substrate/GLints/dict_16_192_64_0p5_0p02_0003_0010" 7121
"../../../Engine/Content/EngineMaterials/Substrate/GLints/dict_16_192_64_0p5_0p02_0002_0012.uasset" 7122
"/Engine/EngineMaterials/Substrate/GLints/dict_16_192_64_0p5_0p02_0004_0001" 7123
"/Engine/EngineMaterials/Substrate/GLints/dict_16_192_64_0p5_0p02_0003_0012" 7124
"/Engine/EngineMaterials/Substrate/GLints/dict_16_192_64_0p5_0p02_0004_0014" 7125
"/Engine/EngineMaterials/Substrate/GLints/dict_16_192_64_0p5_0p02_0004_0002" 7126
"../../../Engine/Content/EngineMaterials/Substrate/GLints/dict_16_192_64_0p5_0p02_0002_0013.uasset" 7127
"/Engine/EngineMaterials/Substrate/GLints/dict_16_192_64_0p5_0p02_0004_0003" 7128
"/Engine/EngineMaterials/Substrate/GLints/dict_16_192_64_0p5_0p02_0003_0002" 7129
"/Engine/EngineMaterials/Substrate/GLints/dict_16_192_64_0p5_0p02_0005_0006" 7130
"/Engine/EngineMaterials/Substrate/GLints/dict_16_192_64_0p5_0p02_0002_0011" 7131
"/Engine/EngineMaterials/Substrate/GLints/dict_16_192_64_0p5_0p02_0002_0012" 7132
"/Engine/EngineMaterials/Substrate/GLints/dict_16_192_64_0p5_0p02_0003_0004" 7133
"/Engine/EngineMaterials/Substrate/GLints/dict_16_192_64_0p5_0p02_0002_0013" 7134
"/Engine/EngineMaterials/Substrate/GLints/dict_16_192_64_0p5_0p02_0002_0014" 7135
"../../../Engine/Content/EngineMaterials/Substrate/GLints/dict_16_192_64_0p5_0p02_0003_0001.uasset" 7136
"../../../Engine/Content/EngineMaterials/Substrate/GLints/dict_16_192_64_0p5_0p02_0002_0015.uasset" 7137
"/Engine/EngineMaterials/Substrate/GLints/dict_16_192_64_0p5_0p02_0004_0008" 7138
"../../../Engine/Content/EngineMaterials/Substrate/GLints/dict_16_192_64_0p5_0p02_0003_0000.uasset" 7139
"/Engine/EngineMaterials/Substrate/GLints/dict_16_192_64_0p5_0p02_0003_0006" 7140
"/Engine/EngineMaterials/Substrate/GLints/dict_16_192_64_0p5_0p02_0003_0009" 7141
"/Engine/EngineMaterials/Substrate/GLints/dict_16_192_64_0p5_0p02_0003_0011" 7142
"/Engine/EngineMaterials/Substrate/GLints/dict_16_192_64_0p5_0p02_0002_0015" 7143
"/Engine/EngineMaterials/Substrate/GLints/dict_16_192_64_0p5_0p02_0003_0000" 7144
"/Engine/EngineMaterials/Substrate/GLints/dict_16_192_64_0p5_0p02_0003_0001" 7145
"../../../Engine/Content/EngineMaterials/Substrate/GLints/dict_16_192_64_0p5_0p02_0001_0001.uasset" 7146
"../../../Engine/Content/EngineMaterials/Substrate/GLints/dict_16_192_64_0p5_0p02_0002_0003.uasset" 7147
"../../../Engine/Content/EngineMaterials/Substrate/GLints/dict_16_192_64_0p5_0p02_0001_0006.uasset" 7148
"../../../Engine/Content/EngineMaterials/Substrate/GLints/dict_16_192_64_0p5_0p02_0002_0006.uasset" 7149
"../../../Engine/Content/EngineMaterials/Substrate/GLints/dict_16_192_64_0p5_0p02_0001_0005.uasset" 7150
"/Engine/EngineMaterials/Substrate/GLints/dict_16_192_64_0p5_0p02_0001_0001" 7151
"../../../Engine/Content/EngineMaterials/Substrate/GLints/dict_16_192_64_0p5_0p02_0002_0008.uasset" 7152
"../../../Engine/Content/EngineMaterials/Substrate/GLints/dict_16_192_64_0p5_0p02_0002_0004.uasset" 7153
"/Engine/EngineMaterials/Substrate/GLints/dict_16_192_64_0p5_0p02_0002_0003" 7154
"../../../Engine/Content/EngineMaterials/Substrate/GLints/dict_16_192_64_0p5_0p02_0001_0011.uasset" 7155
"../../../Engine/Content/EngineMaterials/Substrate/GLints/dict_16_192_64_0p5_0p02_0000_0015.uasset" 7156
"../../../Engine/Content/EngineMaterials/Substrate/GLints/dict_16_192_64_0p5_0p02_0002_0002.uasset" 7157
"../../../Engine/Content/EngineMaterials/Substrate/GLints/dict_16_192_64_0p5_0p02_0002_0010.uasset" 7158
"../../../Engine/Content/EngineMaterials/Substrate/GLints/dict_16_192_64_0p5_0p02_0000_0014.uasset" 7159
"/Engine/EngineMaterials/Substrate/GLints/dict_16_192_64_0p5_0p02_0000_0014" 7160
"../../../Engine/Content/EngineMaterials/Substrate/GLints/dict_16_192_64_0p5_0p02_0000_0013.uasset" 7161
"../../../Engine/Content/EngineMaterials/Substrate/GLints/dict_16_192_64_0p5_0p02_0001_0015.uasset" 7162
"/Engine/EngineMaterials/Substrate/GLints/dict_16_192_64_0p5_0p02_0000_0015" 7163
"../../../Engine/Content/EngineMaterials/Substrate/GLints/dict_16_192_64_0p5_0p02_0002_0007.uasset" 7164
"../../../Engine/Content/EngineMaterials/Substrate/GLints/dict_16_192_64_0p5_0p02_0001_0009.uasset" 7165
"../../../Engine/Content/EngineMaterials/Substrate/GLints/dict_16_192_64_0p5_0p02_0001_0008.uasset" 7166
"../../../Engine/Content/EngineMaterials/Substrate/GLints/dict_16_192_64_0p5_0p02_0001_0004.uasset" 7167
"../../../Engine/Content/EngineMaterials/Substrate/GLints/dict_16_192_64_0p5_0p02_0001_0007.uasset" 7168
"../../../Engine/Content/EngineMaterials/Substrate/GLints/dict_16_192_64_0p5_0p02_0002_0009.uasset" 7169
"../../../Engine/Content/EngineMaterials/Substrate/GLints/dict_16_192_64_0p5_0p02_0002_0001.uasset" 7170
"../../../Engine/Content/EngineMaterials/Substrate/GLints/dict_16_192_64_0p5_0p02_0002_0000.uasset" 7171
"/Engine/EngineMaterials/Substrate/GLints/dict_16_192_64_0p5_0p02_0001_0011" 7172
"/Engine/EngineMaterials/Substrate/GLints/dict_16_192_64_0p5_0p02_0001_0005" 7173
"../../../Engine/Content/EngineMaterials/Substrate/GLints/dict_16_192_64_0p5_0p02_0000_0012.uasset" 7174
"../../../Engine/Content/EngineMaterials/Substrate/GLints/dict_16_192_64_0p5_0p02_0001_0010.uasset" 7175
"../../../Engine/Content/EngineMaterials/Substrate/GLints/dict_16_192_64_0p5_0p02_0001_0003.uasset" 7176
"../../../Engine/Content/EngineMaterials/Substrate/GLints/dict_16_192_64_0p5_0p02_0001_0002.uasset" 7177
"/Engine/EngineMaterials/Substrate/GLints/dict_16_192_64_0p5_0p02_0001_0006" 7178
"/Engine/EngineMaterials/Substrate/GLints/dict_16_192_64_0p5_0p02_0002_0002" 7179
"../../../Engine/Content/EngineMaterials/Substrate/GLints/dict_16_192_64_0p5_0p02_0002_0005.uasset" 7180
"/Engine/EngineMaterials/Substrate/GLints/dict_16_192_64_0p5_0p02_0002_0004" 7181
"/Engine/EngineMaterials/Substrate/GLints/dict_16_192_64_0p5_0p02_0002_0006" 7182
"../../../Engine/Content/EngineMaterials/Substrate/GLints/dict_16_192_64_0p5_0p02_0001_0014.uasset" 7183
"/Engine/EngineMaterials/Substrate/GLints/dict_16_192_64_0p5_0p02_0002_0008" 7184
"../../../Engine/Content/EngineMaterials/Substrate/GLints/dict_16_192_64_0p5_0p02_0001_0013.uasset" 7185
"../../../Engine/Content/EngineMaterials/Substrate/GLints/dict_16_192_64_0p5_0p02_0000_0010.uasset" 7186
"/Engine/EngineMaterials/Substrate/GLints/dict_16_192_64_0p5_0p02_0002_0010" 7187
"../../../Engine/Content/EngineMaterials/Substrate/GLints/dict_16_192_64_0p5_0p02_0000_0011.uasset" 7188
"/Engine/EngineMaterials/Substrate/GLints/dict_16_192_64_0p5_0p02_0001_0009" 7189
"/Engine/EngineMaterials/Substrate/GLints/dict_16_192_64_0p5_0p02_0001_0010" 7190
"/Engine/EngineMaterials/Substrate/GLints/dict_16_192_64_0p5_0p02_0001_0002" 7191
"/Engine/EngineMaterials/Substrate/GLints/dict_16_192_64_0p5_0p02_0001_0003" 7192
"/Engine/EngineMaterials/Substrate/GLints/dict_16_192_64_0p5_0p02_0001_0004" 7193
"/Engine/EngineMaterials/Substrate/GLints/dict_16_192_64_0p5_0p02_0001_0013" 7194
"../../../Engine/Content/EngineMaterials/Substrate/GLints/dict_16_192_64_0p5_0p02_0001_0012.uasset" 7195
"/Engine/EngineMaterials/Substrate/GLints/dict_16_192_64_0p5_0p02_0001_0014" 7196
"/Engine/EngineMaterials/Substrate/GLints/dict_16_192_64_0p5_0p02_0000_0012" 7197
"/Engine/EngineMaterials/Substrate/GLints/dict_16_192_64_0p5_0p02_0001_0015" 7198
"../../../Engine/Content/EngineMaterials/Substrate/GLints/dict_16_192_64_0p5_0p02_0000_0009.uasset" 7199
"/Engine/EngineMaterials/Substrate/GLints/dict_16_192_64_0p5_0p02_0002_0000" 7200
"/Engine/EngineMaterials/Substrate/GLints/dict_16_192_64_0p5_0p02_0002_0001" 7201
"/Engine/EngineMaterials/Substrate/GLints/dict_16_192_64_0p5_0p02_0000_0010" 7202
"/Engine/EngineMaterials/Substrate/GLints/dict_16_192_64_0p5_0p02_0001_0007" 7203
"../../../Engine/Content/EngineMaterials/Substrate/GLints/dict_16_192_64_0p5_0p02_0000_0007.uasset" 7204
"/Engine/EngineMaterials/Substrate/GLints/dict_16_192_64_0p5_0p02_0000_0013" 7205
"../../../Engine/Content/EngineMaterials/Substrate/GLints/dict_16_192_64_0p5_0p02_0000_0000.uasset" 7206
"/Engine/EngineMaterials/Substrate/GLints/dict_16_192_64_0p5_0p02_0002_0005" 7207
"/Engine/EngineMaterials/Substrate/GLints/dict_16_192_64_0p5_0p02_0001_0008" 7208
"../../../Engine/Content/EngineMaterials/Substrate/GLints/dict_16_192_64_0p5_0p02_0000_0001.uasset" 7209
"../../../Engine/Content/EngineMaterials/Substrate/GLints/dict_16_192_64_0p5_0p02_0000_0002.uasset" 7210
"/Engine/EngineMaterials/Substrate/GLints/dict_16_192_64_0p5_0p02_0002_0007" 7211
"../../../Engine/Content/EngineMaterials/Substrate/GLints/dict_16_192_64_0p5_0p02_0000_0005.uasset" 7212
"/Engine/EngineMaterials/Substrate/GLints/dict_16_192_64_0p5_0p02_0002_0009" 7213
"/Engine/EngineMaterials/Substrate/GLints/dict_16_192_64_0p5_0p02_0000_0000" 7214
"../../../Engine/Content/EngineMaterials/Substrate/GLints/dict_16_192_64_0p5_0p02_0000_0003.uasset" 7215
"/Engine/EngineMaterials/Substrate/GLints/dict_16_192_64_0p5_0p02_0000_0001" 7216
"../../../Engine/Content/EngineMaterials/Substrate/GLints/dict_16_192_64_0p5_0p02_0001_0000.uasset" 7217
"/Engine/EngineMaterials/Substrate/GLints/dict_16_192_64_0p5_0p02_0000_0009" 7218
"/Engine/EngineMaterials/Substrate/GLints/dict_16_192_64_0p5_0p02_0001_0012" 7219
"/Engine/EngineMaterials/Substrate/GLints/dict_16_192_64_0p5_0p02_0000_0011" 7220
"../../../Engine/Content/EngineMaterials/Substrate/GLints/dict_16_192_64_0p5_0p02_0000_0008.uasset" 7221
"/Engine/EngineMaterials/Substrate/GLints/dict_16_192_64_0p5_0p02_0000_0002" 7222
"/Engine/EngineMaterials/Substrate/GLints/dict_16_192_64_0p5_0p02_0000_0005" 7223
"../../../Engine/Content/EngineMaterials/Substrate/GLints/dict_16_192_64_0p5_0p02_0000_0004.uasset" 7224
"../../../Engine/Content/EngineMaterials/Substrate/GLints/AGlintTex2dArray.uasset" 7225
"/Engine/EngineMaterials/Substrate/GLints/dict_16_192_64_0p5_0p02_0000_0007" 7226
"/Engine/EngineMaterials/Substrate/GLints/dict_16_192_64_0p5_0p02_0001_0000" 7227
"../../../Engine/Content/EngineMaterials/Substrate/GLints/dict_16_192_64_0p5_0p02_0000_0006.uasset" 7228
"/Engine/EngineMaterials/Substrate/GLints/dict_16_192_64_0p5_0p02_0000_0003" 7229
"/Engine/EngineMaterials/Substrate/GLints/dict_16_192_64_0p5_0p02_0000_0004" 7230
"/Engine/EngineMaterials/Substrate/GLints/dict_16_192_64_0p5_0p02_0000_0008" 7231
"/Engine/EngineMaterials/Substrate/GLints/AGlintTex2dArray" 7232
"../../../Engine/Content/EngineMaterials/Substrate/Glints2/dict_0007_0249.uasset" 7233
"/Engine/EngineMaterials/Substrate/Glints2/dict_0007_0249" 7234
"../../../Engine/Content/EngineMaterials/Substrate/Glints2/dict_0007_0250.uasset" 7235
"/Engine/EngineMaterials/Substrate/Glints2/dict_0007_0250" 7236
"../../../Engine/Content/EngineMaterials/Substrate/Glints2/dict_0007_0253.uasset" 7237
"../../../Engine/Content/EngineMaterials/Substrate/Glints2/dict_0007_0242.uasset" 7238
"../../../Engine/Content/EngineMaterials/Substrate/Glints2/dict_0007_0248.uasset" 7239
"../../../Engine/Content/EngineMaterials/Substrate/Glints2/dict_0007_0255.uasset" 7240
"../../../Engine/Content/EngineMaterials/Substrate/Glints2/dict_0007_0254.uasset" 7241
"../../../Engine/Content/EngineMaterials/Substrate/Glints2/dict_0007_0244.uasset" 7242
"../../../Engine/Content/EngineMaterials/Substrate/Glints2/dict_0007_0229.uasset" 7243
"../../../Engine/Content/EngineMaterials/Substrate/Glints2/dict_0007_0232.uasset" 7244
"../../../Engine/Content/EngineMaterials/Substrate/Glints2/dict_0007_0230.uasset" 7245
"../../../Engine/Content/EngineMaterials/Substrate/Glints2/dict_0007_0225.uasset" 7246
"../../../Engine/Content/EngineMaterials/Substrate/Glints2/dict_0007_0226.uasset" 7247
"../../../Engine/Content/EngineMaterials/Substrate/Glints2/dict_0007_0240.uasset" 7248
"../../../Engine/Content/EngineMaterials/Substrate/Glints2/dict_0007_0228.uasset" 7249
"../../../Engine/Content/EngineMaterials/Substrate/Glints2/dict_0007_0239.uasset" 7250
"../../../Engine/Content/EngineMaterials/Substrate/Glints2/dict_0007_0246.uasset" 7251
"../../../Engine/Content/EngineMaterials/Substrate/Glints2/dict_0007_0245.uasset" 7252
"../../../Engine/Content/EngineMaterials/Substrate/Glints2/dict_0007_0252.uasset" 7253
"../../../Engine/Content/EngineMaterials/Substrate/Glints2/dict_0007_0233.uasset" 7254
"../../../Engine/Content/EngineMaterials/Substrate/Glints2/dict_0007_0243.uasset" 7255
"../../../Engine/Content/EngineMaterials/Substrate/Glints2/dict_0007_0238.uasset" 7256
"../../../Engine/Content/EngineMaterials/Substrate/Glints2/dict_0007_0241.uasset" 7257
"../../../Engine/Content/EngineMaterials/Substrate/Glints2/dict_0007_0247.uasset" 7258
"../../../Engine/Content/EngineMaterials/Substrate/Glints2/dict_0007_0227.uasset" 7259
"../../../Engine/Content/EngineMaterials/Substrate/Glints2/dict_0007_0224.uasset" 7260
"../../../Engine/Content/EngineMaterials/Substrate/Glints2/dict_0007_0234.uasset" 7261
"../../../Engine/Content/EngineMaterials/Substrate/Glints2/dict_0007_0231.uasset" 7262
"../../../Engine/Content/EngineMaterials/Substrate/Glints2/dict_0007_0236.uasset" 7263
"../../../Engine/Content/EngineMaterials/Substrate/Glints2/dict_0007_0237.uasset" 7264
"/Engine/EngineMaterials/Substrate/Glints2/dict_0007_0238" 7265
"/Engine/EngineMaterials/Substrate/Glints2/dict_0007_0239" 7266
"/Engine/EngineMaterials/Substrate/Glints2/dict_0007_0224" 7267
"/Engine/EngineMaterials/Substrate/Glints2/dict_0007_0230" 7268
"/Engine/EngineMaterials/Substrate/Glints2/dict_0007_0231" 7269
"/Engine/EngineMaterials/Substrate/Glints2/dict_0007_0226" 7270
"../../../Engine/Content/EngineMaterials/Substrate/Glints2/dict_0007_0235.uasset" 7271
"/Engine/EngineMaterials/Substrate/Glints2/dict_0007_0232" 7272
"/Engine/EngineMaterials/Substrate/Glints2/dict_0007_0233" 7273
"/Engine/EngineMaterials/Substrate/Glints2/dict_0007_0240" 7274
"/Engine/EngineMaterials/Substrate/Glints2/dict_0007_0241" 7275
"/Engine/EngineMaterials/Substrate/Glints2/dict_0007_0242" 7276
"/Engine/EngineMaterials/Substrate/Glints2/dict_0007_0243" 7277
"/Engine/EngineMaterials/Substrate/Glints2/dict_0007_0244" 7278
"/Engine/EngineMaterials/Substrate/Glints2/dict_0007_0234" 7279
"/Engine/EngineMaterials/Substrate/Glints2/dict_0007_0245" 7280
"/Engine/EngineMaterials/Substrate/Glints2/dict_0007_0227" 7281
"/Engine/EngineMaterials/Substrate/Glints2/dict_0007_0246" 7282
"/Engine/EngineMaterials/Substrate/Glints2/dict_0007_0247" 7283
"/Engine/EngineMaterials/Substrate/Glints2/dict_0007_0248" 7284
"/Engine/EngineMaterials/Substrate/Glints2/dict_0007_0228" 7285
"/Engine/EngineMaterials/Substrate/Glints2/dict_0007_0236" 7286
"/Engine/EngineMaterials/Substrate/Glints2/dict_0007_0252" 7287
"/Engine/EngineMaterials/Substrate/Glints2/dict_0007_0253" 7288
"/Engine/EngineMaterials/Substrate/Glints2/dict_0007_0225" 7289
"/Engine/EngineMaterials/Substrate/Glints2/dict_0007_0254" 7290
"/Engine/EngineMaterials/Substrate/Glints2/dict_0007_0237" 7291
"/Engine/EngineMaterials/Substrate/Glints2/dict_0007_0255" 7292
"/Engine/EngineMaterials/Substrate/Glints2/dict_0007_0229" 7293
"/Engine/EngineMaterials/Substrate/Glints2/dict_0007_0235" 7294
"../../../Engine/Content/EngineMaterials/Substrate/Glints2/dict_0007_0222.uasset" 7295
"/Engine/EngineMaterials/Substrate/Glints2/dict_0007_0222" 7296
"../../../Engine/Content/EngineMaterials/Substrate/Glints2/dict_0007_0251.uasset" 7297
"../../../Engine/Content/EngineMaterials/Substrate/Glints2/dict_0007_0223.uasset" 7298
"/Engine/EngineMaterials/Substrate/Glints2/dict_0007_0223" 7299
"/Engine/EngineMaterials/Substrate/Glints2/dict_0007_0251" 7300
"../../../Engine/Content/EngineMaterials/Substrate/Glints2/dict_0007_0202.uasset" 7301
"../../../Engine/Content/EngineMaterials/Substrate/Glints2/dict_0007_0194.uasset" 7302
"../../../Engine/Content/EngineMaterials/Substrate/Glints2/dict_0007_0195.uasset" 7303
"../../../Engine/Content/EngineMaterials/Substrate/Glints2/dict_0007_0199.uasset" 7304
"../../../Engine/Content/EngineMaterials/Substrate/Glints2/dict_0007_0200.uasset" 7305
"../../../Engine/Content/EngineMaterials/Substrate/Glints2/dict_0007_0206.uasset" 7306
"../../../Engine/Content/EngineMaterials/Substrate/Glints2/dict_0007_0208.uasset" 7307
"../../../Engine/Content/EngineMaterials/Substrate/Glints2/dict_0007_0209.uasset" 7308
"../../../Engine/Content/EngineMaterials/Substrate/Glints2/dict_0007_0218.uasset" 7309
"../../../Engine/Content/EngineMaterials/Substrate/Glints2/dict_0007_0201.uasset" 7310
"../../../Engine/Content/EngineMaterials/Substrate/Glints2/dict_0007_0217.uasset" 7311
"../../../Engine/Content/EngineMaterials/Substrate/Glints2/dict_0007_0207.uasset" 7312
"../../../Engine/Content/EngineMaterials/Substrate/Glints2/dict_0007_0212.uasset" 7313
"../../../Engine/Content/EngineMaterials/Substrate/Glints2/dict_0007_0210.uasset" 7314
"../../../Engine/Content/EngineMaterials/Substrate/Glints2/dict_0007_0219.uasset" 7315
"../../../Engine/Content/EngineMaterials/Substrate/Glints2/dict_0007_0197.uasset" 7316
"../../../Engine/Content/EngineMaterials/Substrate/Glints2/dict_0007_0216.uasset" 7317
"../../../Engine/Content/EngineMaterials/Substrate/Glints2/dict_0007_0220.uasset" 7318
"../../../Engine/Content/EngineMaterials/Substrate/Glints2/dict_0007_0214.uasset" 7319
"../../../Engine/Content/EngineMaterials/Substrate/Glints2/dict_0007_0221.uasset" 7320
"../../../Engine/Content/EngineMaterials/Substrate/Glints2/dict_0007_0205.uasset" 7321
"../../../Engine/Content/EngineMaterials/Substrate/Glints2/dict_0007_0213.uasset" 7322
"../../../Engine/Content/EngineMaterials/Substrate/Glints2/dict_0007_0211.uasset" 7323
"../../../Engine/Content/EngineMaterials/Substrate/Glints2/dict_0007_0196.uasset" 7324
"../../../Engine/Content/EngineMaterials/Substrate/Glints2/dict_0007_0203.uasset" 7325
"../../../Engine/Content/EngineMaterials/Substrate/Glints2/dict_0007_0215.uasset" 7326
"../../../Engine/Content/EngineMaterials/Substrate/Glints2/dict_0007_0204.uasset" 7327
"../../../Engine/Content/EngineMaterials/Substrate/Glints2/dict_0007_0198.uasset" 7328
"/Engine/EngineMaterials/Substrate/Glints2/dict_0007_0194" 7329
"/Engine/EngineMaterials/Substrate/Glints2/dict_0007_0195" 7330
"/Engine/EngineMaterials/Substrate/Glints2/dict_0007_0196" 7331
"/Engine/EngineMaterials/Substrate/Glints2/dict_0007_0197" 7332
"/Engine/EngineMaterials/Substrate/Glints2/dict_0007_0198" 7333
"/Engine/EngineMaterials/Substrate/Glints2/dict_0007_0199" 7334
"/Engine/EngineMaterials/Substrate/Glints2/dict_0007_0200" 7335
"../../../Engine/Content/EngineMaterials/Substrate/Glints2/dict_0007_0192.uasset" 7336
"/Engine/EngineMaterials/Substrate/Glints2/dict_0007_0201" 7337
"/Engine/EngineMaterials/Substrate/Glints2/dict_0007_0202" 7338
"/Engine/EngineMaterials/Substrate/Glints2/dict_0007_0203" 7339
"/Engine/EngineMaterials/Substrate/Glints2/dict_0007_0204" 7340
"/Engine/EngineMaterials/Substrate/Glints2/dict_0007_0205" 7341
"/Engine/EngineMaterials/Substrate/Glints2/dict_0007_0206" 7342
"../../../Engine/Content/EngineMaterials/Substrate/Glints2/dict_0007_0191.uasset" 7343
"/Engine/EngineMaterials/Substrate/Glints2/dict_0007_0207" 7344
"/Engine/EngineMaterials/Substrate/Glints2/dict_0007_0208" 7345
"../../../Engine/Content/EngineMaterials/Substrate/Glints2/dict_0007_0190.uasset" 7346
"/Engine/EngineMaterials/Substrate/Glints2/dict_0007_0209" 7347
"/Engine/EngineMaterials/Substrate/Glints2/dict_0007_0210" 7348
"/Engine/EngineMaterials/Substrate/Glints2/dict_0007_0211" 7349
"/Engine/EngineMaterials/Substrate/Glints2/dict_0007_0212" 7350
"/Engine/EngineMaterials/Substrate/Glints2/dict_0007_0213" 7351
"/Engine/EngineMaterials/Substrate/Glints2/dict_0007_0214" 7352
"/Engine/EngineMaterials/Substrate/Glints2/dict_0007_0215" 7353
"/Engine/EngineMaterials/Substrate/Glints2/dict_0007_0216" 7354
"/Engine/EngineMaterials/Substrate/Glints2/dict_0007_0217" 7355
"../../../Engine/Content/EngineMaterials/Substrate/Glints2/dict_0007_0193.uasset" 7356
"/Engine/EngineMaterials/Substrate/Glints2/dict_0007_0218" 7357
"/Engine/EngineMaterials/Substrate/Glints2/dict_0007_0219" 7358
"/Engine/EngineMaterials/Substrate/Glints2/dict_0007_0220" 7359
"/Engine/EngineMaterials/Substrate/Glints2/dict_0007_0221" 7360
"/Engine/EngineMaterials/Substrate/Glints2/dict_0007_0193" 7361
"/Engine/EngineMaterials/Substrate/Glints2/dict_0007_0190" 7362
"/Engine/EngineMaterials/Substrate/Glints2/dict_0007_0192" 7363
"/Engine/EngineMaterials/Substrate/Glints2/dict_0007_0191" 7364
"../../../Engine/Content/EngineMaterials/Substrate/Glints2/dict_0007_0171.uasset" 7365
"../../../Engine/Content/EngineMaterials/Substrate/Glints2/dict_0007_0167.uasset" 7366
"../../../Engine/Content/EngineMaterials/Substrate/Glints2/dict_0007_0169.uasset" 7367
"../../../Engine/Content/EngineMaterials/Substrate/Glints2/dict_0007_0173.uasset" 7368
"../../../Engine/Content/EngineMaterials/Substrate/Glints2/dict_0007_0172.uasset" 7369
"../../../Engine/Content/EngineMaterials/Substrate/Glints2/dict_0007_0174.uasset" 7370
"../../../Engine/Content/EngineMaterials/Substrate/Glints2/dict_0007_0162.uasset" 7371
"../../../Engine/Content/EngineMaterials/Substrate/Glints2/dict_0007_0165.uasset" 7372
"../../../Engine/Content/EngineMaterials/Substrate/Glints2/dict_0007_0161.uasset" 7373
"../../../Engine/Content/EngineMaterials/Substrate/Glints2/dict_0007_0164.uasset" 7374
"../../../Engine/Content/EngineMaterials/Substrate/Glints2/dict_0007_0170.uasset" 7375
"../../../Engine/Content/EngineMaterials/Substrate/Glints2/dict_0007_0184.uasset" 7376
"../../../Engine/Content/EngineMaterials/Substrate/Glints2/dict_0007_0168.uasset" 7377
"../../../Engine/Content/EngineMaterials/Substrate/Glints2/dict_0007_0182.uasset" 7378
"../../../Engine/Content/EngineMaterials/Substrate/Glints2/dict_0007_0188.uasset" 7379
"../../../Engine/Content/EngineMaterials/Substrate/Glints2/dict_0007_0175.uasset" 7380
"../../../Engine/Content/EngineMaterials/Substrate/Glints2/dict_0007_0187.uasset" 7381
"../../../Engine/Content/EngineMaterials/Substrate/Glints2/dict_0007_0185.uasset" 7382
"../../../Engine/Content/EngineMaterials/Substrate/Glints2/dict_0007_0183.uasset" 7383
"../../../Engine/Content/EngineMaterials/Substrate/Glints2/dict_0007_0186.uasset" 7384
"../../../Engine/Content/EngineMaterials/Substrate/Glints2/dict_0007_0179.uasset" 7385
"../../../Engine/Content/EngineMaterials/Substrate/Glints2/dict_0007_0189.uasset" 7386
"../../../Engine/Content/EngineMaterials/Substrate/Glints2/dict_0007_0178.uasset" 7387
"../../../Engine/Content/EngineMaterials/Substrate/Glints2/dict_0007_0176.uasset" 7388
"../../../Engine/Content/EngineMaterials/Substrate/Glints2/dict_0007_0181.uasset" 7389
"../../../Engine/Content/EngineMaterials/Substrate/Glints2/dict_0007_0163.uasset" 7390
"/Engine/EngineMaterials/Substrate/Glints2/dict_0007_0162" 7391
"../../../Engine/Content/EngineMaterials/Substrate/Glints2/dict_0007_0180.uasset" 7392
"../../../Engine/Content/EngineMaterials/Substrate/Glints2/dict_0007_0177.uasset" 7393
"../../../Engine/Content/EngineMaterials/Substrate/Glints2/dict_0007_0166.uasset" 7394
"/Engine/EngineMaterials/Substrate/Glints2/dict_0007_0164" 7395
"/Engine/EngineMaterials/Substrate/Glints2/dict_0007_0165" 7396
"/Engine/EngineMaterials/Substrate/Glints2/dict_0007_0167" 7397
"/Engine/EngineMaterials/Substrate/Glints2/dict_0007_0168" 7398
"/Engine/EngineMaterials/Substrate/Glints2/dict_0007_0169" 7399
"/Engine/EngineMaterials/Substrate/Glints2/dict_0007_0170" 7400
"/Engine/EngineMaterials/Substrate/Glints2/dict_0007_0171" 7401
"../../../Engine/Content/EngineMaterials/Substrate/Glints2/dict_0007_0159.uasset" 7402
"/Engine/EngineMaterials/Substrate/Glints2/dict_0007_0172" 7403
"/Engine/EngineMaterials/Substrate/Glints2/dict_0007_0173" 7404
"/Engine/EngineMaterials/Substrate/Glints2/dict_0007_0174" 7405
"/Engine/EngineMaterials/Substrate/Glints2/dict_0007_0175" 7406
"../../../Engine/Content/EngineMaterials/Substrate/Glints2/dict_0007_0160.uasset" 7407
"/Engine/EngineMaterials/Substrate/Glints2/dict_0007_0176" 7408
"../../../Engine/Content/EngineMaterials/Substrate/Glints2/dict_0007_0158.uasset" 7409
"/Engine/EngineMaterials/Substrate/Glints2/dict_0007_0178" 7410
"/Engine/EngineMaterials/Substrate/Glints2/dict_0007_0179" 7411
"/Engine/EngineMaterials/Substrate/Glints2/dict_0007_0181" 7412
"/Engine/EngineMaterials/Substrate/Glints2/dict_0007_0182" 7413
"/Engine/EngineMaterials/Substrate/Glints2/dict_0007_0161" 7414
"/Engine/EngineMaterials/Substrate/Glints2/dict_0007_0183" 7415
"/Engine/EngineMaterials/Substrate/Glints2/dict_0007_0184" 7416
"/Engine/EngineMaterials/Substrate/Glints2/dict_0007_0185" 7417
"/Engine/EngineMaterials/Substrate/Glints2/dict_0007_0186" 7418
"/Engine/EngineMaterials/Substrate/Glints2/dict_0007_0187" 7419
"/Engine/EngineMaterials/Substrate/Glints2/dict_0007_0188" 7420
"/Engine/EngineMaterials/Substrate/Glints2/dict_0007_0189" 7421
"/Engine/EngineMaterials/Substrate/Glints2/dict_0007_0163" 7422
"/Engine/EngineMaterials/Substrate/Glints2/dict_0007_0166" 7423
"/Engine/EngineMaterials/Substrate/Glints2/dict_0007_0158" 7424
"/Engine/EngineMaterials/Substrate/Glints2/dict_0007_0177" 7425
"/Engine/EngineMaterials/Substrate/Glints2/dict_0007_0180" 7426
"/Engine/EngineMaterials/Substrate/Glints2/dict_0007_0159" 7427
"/Engine/EngineMaterials/Substrate/Glints2/dict_0007_0160" 7428
"../../../Engine/Content/EngineMaterials/Substrate/Glints2/dict_0007_0146.uasset" 7429
"../../../Engine/Content/EngineMaterials/Substrate/Glints2/dict_0007_0135.uasset" 7430
"/Engine/EngineMaterials/Substrate/Glints2/dict_0007_0135" 7431
"../../../Engine/Content/EngineMaterials/Substrate/Glints2/dict_0007_0139.uasset" 7432
"/Engine/EngineMaterials/Substrate/Glints2/dict_0007_0146" 7433
"../../../Engine/Content/EngineMaterials/Substrate/Glints2/dict_0007_0137.uasset" 7434
"../../../Engine/Content/EngineMaterials/Substrate/Glints2/dict_0007_0138.uasset" 7435
"../../../Engine/Content/EngineMaterials/Substrate/Glints2/dict_0007_0128.uasset" 7436
"../../../Engine/Content/EngineMaterials/Substrate/Glints2/dict_0007_0141.uasset" 7437
"../../../Engine/Content/EngineMaterials/Substrate/Glints2/dict_0007_0133.uasset" 7438
"../../../Engine/Content/EngineMaterials/Substrate/Glints2/dict_0007_0154.uasset" 7439
"../../../Engine/Content/EngineMaterials/Substrate/Glints2/dict_0007_0134.uasset" 7440
"../../../Engine/Content/EngineMaterials/Substrate/Glints2/dict_0007_0147.uasset" 7441
"../../../Engine/Content/EngineMaterials/Substrate/Glints2/dict_0007_0131.uasset" 7442
"../../../Engine/Content/EngineMaterials/Substrate/Glints2/dict_0007_0130.uasset" 7443
"../../../Engine/Content/EngineMaterials/Substrate/Glints2/dict_0007_0132.uasset" 7444
"../../../Engine/Content/EngineMaterials/Substrate/Glints2/dict_0007_0150.uasset" 7445
"../../../Engine/Content/EngineMaterials/Substrate/Glints2/dict_0007_0129.uasset" 7446
"../../../Engine/Content/EngineMaterials/Substrate/Glints2/dict_0007_0145.uasset" 7447
"../../../Engine/Content/EngineMaterials/Substrate/Glints2/dict_0007_0144.uasset" 7448
"../../../Engine/Content/EngineMaterials/Substrate/Glints2/dict_0007_0143.uasset" 7449
"../../../Engine/Content/EngineMaterials/Substrate/Glints2/dict_0007_0136.uasset" 7450
"../../../Engine/Content/EngineMaterials/Substrate/Glints2/dict_0007_0127.uasset" 7451
"../../../Engine/Content/EngineMaterials/Substrate/Glints2/dict_0007_0156.uasset" 7452
"../../../Engine/Content/EngineMaterials/Substrate/Glints2/dict_0007_0152.uasset" 7453
"../../../Engine/Content/EngineMaterials/Substrate/Glints2/dict_0007_0142.uasset" 7454
"../../../Engine/Content/EngineMaterials/Substrate/Glints2/dict_0007_0140.uasset" 7455
"../../../Engine/Content/EngineMaterials/Substrate/Glints2/dict_0007_0148.uasset" 7456
"../../../Engine/Content/EngineMaterials/Substrate/Glints2/dict_0007_0155.uasset" 7457
"../../../Engine/Content/EngineMaterials/Substrate/Glints2/dict_0007_0153.uasset" 7458
"../../../Engine/Content/EngineMaterials/Substrate/Glints2/dict_0007_0157.uasset" 7459
"../../../Engine/Content/EngineMaterials/Substrate/Glints2/dict_0007_0151.uasset" 7460
"/Engine/EngineMaterials/Substrate/Glints2/dict_0007_0133" 7461
"/Engine/EngineMaterials/Substrate/Glints2/dict_0007_0134" 7462
"../../../Engine/Content/EngineMaterials/Substrate/Glints2/dict_0007_0149.uasset" 7463
"/Engine/EngineMaterials/Substrate/Glints2/dict_0007_0127" 7464
"/Engine/EngineMaterials/Substrate/Glints2/dict_0007_0136" 7465
"/Engine/EngineMaterials/Substrate/Glints2/dict_0007_0137" 7466
"/Engine/EngineMaterials/Substrate/Glints2/dict_0007_0138" 7467
"/Engine/EngineMaterials/Substrate/Glints2/dict_0007_0139" 7468
"/Engine/EngineMaterials/Substrate/Glints2/dict_0007_0140" 7469
"../../../Engine/Content/EngineMaterials/Substrate/Glints2/dict_0007_0126.uasset" 7470
"/Engine/EngineMaterials/Substrate/Glints2/dict_0007_0141" 7471
"../../../Engine/Content/EngineMaterials/Substrate/Glints2/dict_0007_0125.uasset" 7472
"/Engine/EngineMaterials/Substrate/Glints2/dict_0007_0142" 7473
"/Engine/EngineMaterials/Substrate/Glints2/dict_0007_0143" 7474
"/Engine/EngineMaterials/Substrate/Glints2/dict_0007_0144" 7475
"/Engine/EngineMaterials/Substrate/Glints2/dict_0007_0145" 7476
"/Engine/EngineMaterials/Substrate/Glints2/dict_0007_0128" 7477
"/Engine/EngineMaterials/Substrate/Glints2/dict_0007_0129" 7478
"/Engine/EngineMaterials/Substrate/Glints2/dict_0007_0147" 7479
"../../../Engine/Content/EngineMaterials/Substrate/Glints2/dict_0007_0124.uasset" 7480
"/Engine/EngineMaterials/Substrate/Glints2/dict_0007_0130" 7481
"/Engine/EngineMaterials/Substrate/Glints2/dict_0007_0148" 7482
"/Engine/EngineMaterials/Substrate/Glints2/dict_0007_0131" 7483
"/Engine/EngineMaterials/Substrate/Glints2/dict_0007_0132" 7484
"/Engine/EngineMaterials/Substrate/Glints2/dict_0007_0150" 7485
"/Engine/EngineMaterials/Substrate/Glints2/dict_0007_0151" 7486
"/Engine/EngineMaterials/Substrate/Glints2/dict_0007_0152" 7487
"/Engine/EngineMaterials/Substrate/Glints2/dict_0007_0153" 7488
"/Engine/EngineMaterials/Substrate/Glints2/dict_0007_0154" 7489
"/Engine/EngineMaterials/Substrate/Glints2/dict_0007_0155" 7490
"/Engine/EngineMaterials/Substrate/Glints2/dict_0007_0156" 7491
"/Engine/EngineMaterials/Substrate/Glints2/dict_0007_0157" 7492
"/Engine/EngineMaterials/Substrate/Glints2/dict_0007_0126" 7493
"/Engine/EngineMaterials/Substrate/Glints2/dict_0007_0124" 7494
"/Engine/EngineMaterials/Substrate/Glints2/dict_0007_0125" 7495
"/Engine/EngineMaterials/Substrate/Glints2/dict_0007_0149" 7496
"../../../Engine/Content/EngineMaterials/Substrate/Glints2/dict_0007_0109.uasset" 7497
"../../../Engine/Content/EngineMaterials/Substrate/Glints2/dict_0007_0116.uasset" 7498
"../../../Engine/Content/EngineMaterials/Substrate/Glints2/dict_0007_0102.uasset" 7499
"../../../Engine/Content/EngineMaterials/Substrate/Glints2/dict_0007_0105.uasset" 7500
"../../../Engine/Content/EngineMaterials/Substrate/Glints2/dict_0007_0104.uasset" 7501
"../../../Engine/Content/EngineMaterials/Substrate/Glints2/dict_0007_0099.uasset" 7502
"../../../Engine/Content/EngineMaterials/Substrate/Glints2/dict_0007_0101.uasset" 7503
"../../../Engine/Content/EngineMaterials/Substrate/Glints2/dict_0007_0096.uasset" 7504
"../../../Engine/Content/EngineMaterials/Substrate/Glints2/dict_0007_0100.uasset" 7505
"../../../Engine/Content/EngineMaterials/Substrate/Glints2/dict_0007_0106.uasset" 7506
"../../../Engine/Content/EngineMaterials/Substrate/Glints2/dict_0007_0112.uasset" 7507
"../../../Engine/Content/EngineMaterials/Substrate/Glints2/dict_0007_0093.uasset" 7508
"../../../Engine/Content/EngineMaterials/Substrate/Glints2/dict_0007_0110.uasset" 7509
"../../../Engine/Content/EngineMaterials/Substrate/Glints2/dict_0007_0119.uasset" 7510
"/Engine/EngineMaterials/Substrate/Glints2/dict_0007_0093" 7511
"../../../Engine/Content/EngineMaterials/Substrate/Glints2/dict_0007_0123.uasset" 7512
"../../../Engine/Content/EngineMaterials/Substrate/Glints2/dict_0007_0092.uasset" 7513
"../../../Engine/Content/EngineMaterials/Substrate/Glints2/dict_0007_0103.uasset" 7514
"/Engine/EngineMaterials/Substrate/Glints2/dict_0007_0099" 7515
"../../../Engine/Content/EngineMaterials/Substrate/Glints2/dict_0007_0108.uasset" 7516
"../../../Engine/Content/EngineMaterials/Substrate/Glints2/dict_0007_0098.uasset" 7517
"../../../Engine/Content/EngineMaterials/Substrate/Glints2/dict_0007_0097.uasset" 7518
"/Engine/EngineMaterials/Substrate/Glints2/dict_0007_0100" 7519
"../../../Engine/Content/EngineMaterials/Substrate/Glints2/dict_0007_0120.uasset" 7520
"../../../Engine/Content/EngineMaterials/Substrate/Glints2/dict_0007_0118.uasset" 7521
"/Engine/EngineMaterials/Substrate/Glints2/dict_0007_0101" 7522
"../../../Engine/Content/EngineMaterials/Substrate/Glints2/dict_0007_0113.uasset" 7523
"../../../Engine/Content/EngineMaterials/Substrate/Glints2/dict_0007_0094.uasset" 7524
"../../../Engine/Content/EngineMaterials/Substrate/Glints2/dict_0007_0122.uasset" 7525
"/Engine/EngineMaterials/Substrate/Glints2/dict_0007_0102" 7526
"../../../Engine/Content/EngineMaterials/Substrate/Glints2/dict_0007_0115.uasset" 7527
"/Engine/EngineMaterials/Substrate/Glints2/dict_0007_0104" 7528
"../../../Engine/Content/EngineMaterials/Substrate/Glints2/dict_0007_0095.uasset" 7529
"/Engine/EngineMaterials/Substrate/Glints2/dict_0007_0105" 7530
"../../../Engine/Content/EngineMaterials/Substrate/Glints2/dict_0007_0121.uasset" 7531
"/Engine/EngineMaterials/Substrate/Glints2/dict_0007_0106" 7532
"../../../Engine/Content/EngineMaterials/Substrate/Glints2/dict_0007_0117.uasset" 7533
"../../../Engine/Content/EngineMaterials/Substrate/Glints2/dict_0007_0114.uasset" 7534
"/Engine/EngineMaterials/Substrate/Glints2/dict_0007_0109" 7535
"../../../Engine/Content/EngineMaterials/Substrate/Glints2/dict_0007_0111.uasset" 7536
"/Engine/EngineMaterials/Substrate/Glints2/dict_0007_0110" 7537
"../../../Engine/Content/EngineMaterials/Substrate/Glints2/dict_0007_0107.uasset" 7538
"/Engine/EngineMaterials/Substrate/Glints2/dict_0007_0112" 7539
"/Engine/EngineMaterials/Substrate/Glints2/dict_0007_0116" 7540
"/Engine/EngineMaterials/Substrate/Glints2/dict_0007_0119" 7541
"/Engine/EngineMaterials/Substrate/Glints2/dict_0007_0096" 7542
"/Engine/EngineMaterials/Substrate/Glints2/dict_0007_0092" 7543
"/Engine/EngineMaterials/Substrate/Glints2/dict_0007_0097" 7544
"/Engine/EngineMaterials/Substrate/Glints2/dict_0007_0098" 7545
"/Engine/EngineMaterials/Substrate/Glints2/dict_0007_0103" 7546
"/Engine/EngineMaterials/Substrate/Glints2/dict_0007_0107" 7547
"/Engine/EngineMaterials/Substrate/Glints2/dict_0007_0108" 7548
"/Engine/EngineMaterials/Substrate/Glints2/dict_0007_0094" 7549
"/Engine/EngineMaterials/Substrate/Glints2/dict_0007_0111" 7550
"/Engine/EngineMaterials/Substrate/Glints2/dict_0007_0113" 7551
"/Engine/EngineMaterials/Substrate/Glints2/dict_0007_0114" 7552
"/Engine/EngineMaterials/Substrate/Glints2/dict_0007_0095" 7553
"/Engine/EngineMaterials/Substrate/Glints2/dict_0007_0115" 7554
"/Engine/EngineMaterials/Substrate/Glints2/dict_0007_0117" 7555
"/Engine/EngineMaterials/Substrate/Glints2/dict_0007_0118" 7556
"/Engine/EngineMaterials/Substrate/Glints2/dict_0007_0120" 7557
"/Engine/EngineMaterials/Substrate/Glints2/dict_0007_0121" 7558
"/Engine/EngineMaterials/Substrate/Glints2/dict_0007_0122" 7559
"/Engine/EngineMaterials/Substrate/Glints2/dict_0007_0123" 7560
"../../../Engine/Content/EngineMaterials/Substrate/Glints2/dict_0007_0091.uasset" 7561
"../../../Engine/Content/EngineMaterials/Substrate/Glints2/dict_0007_0081.uasset" 7562
"/Engine/EngineMaterials/Substrate/Glints2/dict_0007_0081" 7563
"../../../Engine/Content/EngineMaterials/Substrate/Glints2/dict_0007_0084.uasset" 7564
"/Engine/EngineMaterials/Substrate/Glints2/dict_0007_0091" 7565
"../../../Engine/Content/EngineMaterials/Substrate/Glints2/dict_0007_0089.uasset" 7566
"../../../Engine/Content/EngineMaterials/Substrate/Glints2/dict_0007_0080.uasset" 7567
"../../../Engine/Content/EngineMaterials/Substrate/Glints2/dict_0007_0090.uasset" 7568
"../../../Engine/Content/EngineMaterials/Substrate/Glints2/dict_0007_0082.uasset" 7569
"/Engine/EngineMaterials/Substrate/Glints2/dict_0007_0084" 7570
"../../../Engine/Content/EngineMaterials/Substrate/Glints2/dict_0007_0088.uasset" 7571
"/Engine/EngineMaterials/Substrate/Glints2/dict_0007_0089" 7572
"../../../Engine/Content/EngineMaterials/Substrate/Glints2/dict_0007_0085.uasset" 7573
"/Engine/EngineMaterials/Substrate/Glints2/dict_0007_0090" 7574
"../../../Engine/Content/EngineMaterials/Substrate/Glints2/dict_0007_0079.uasset" 7575
"/Engine/EngineMaterials/Substrate/Glints2/dict_0007_0079" 7576
"/Engine/EngineMaterials/Substrate/Glints2/dict_0007_0080" 7577
"/Engine/EngineMaterials/Substrate/Glints2/dict_0007_0082" 7578
"/Engine/EngineMaterials/Substrate/Glints2/dict_0007_0085" 7579
"/Engine/EngineMaterials/Substrate/Glints2/dict_0007_0088" 7580
"../../../Engine/Content/EngineMaterials/Substrate/Glints2/dict_0007_0083.uasset" 7581
"/Engine/EngineMaterials/Substrate/Glints2/dict_0007_0083" 7582
"../../../Engine/Content/EngineMaterials/Substrate/Glints2/dict_0007_0061.uasset" 7583
"../../../Engine/Content/EngineMaterials/Substrate/Glints2/dict_0007_0059.uasset" 7584
"../../../Engine/Content/EngineMaterials/Substrate/Glints2/dict_0007_0068.uasset" 7585
"../../../Engine/Content/EngineMaterials/Substrate/Glints2/dict_0007_0057.uasset" 7586
"../../../Engine/Content/EngineMaterials/Substrate/Glints2/dict_0007_0069.uasset" 7587
"/Engine/EngineMaterials/Substrate/Glints2/dict_0007_0061" 7588
"../../../Engine/Content/EngineMaterials/Substrate/Glints2/dict_0007_0052.uasset" 7589
"../../../Engine/Content/EngineMaterials/Substrate/Glints2/dict_0007_0064.uasset" 7590
"/Engine/EngineMaterials/Substrate/Glints2/dict_0007_0068" 7591
"../../../Engine/Content/EngineMaterials/Substrate/Glints2/dict_0007_0073.uasset" 7592
"/Engine/EngineMaterials/Substrate/Glints2/dict_0007_0069" 7593
"/Engine/EngineMaterials/Substrate/Glints2/dict_0007_0057" 7594
"/Engine/EngineMaterials/Substrate/Glints2/dict_0007_0059" 7595
"../../../Engine/Content/EngineMaterials/Substrate/Glints2/dict_0007_0055.uasset" 7596
"/Engine/EngineMaterials/Substrate/Glints2/dict_0007_0052" 7597
"/Engine/EngineMaterials/Substrate/Glints2/dict_0007_0064" 7598
"../../../Engine/Content/EngineMaterials/Substrate/Glints2/dict_0007_0063.uasset" 7599
"../../../Engine/Content/EngineMaterials/Substrate/Glints2/dict_0007_0076.uasset" 7600
"/Engine/EngineMaterials/Substrate/Glints2/dict_0007_0055" 7601
"/Engine/EngineMaterials/Substrate/Glints2/dict_0007_0073" 7602
"../../../Engine/Content/EngineMaterials/Substrate/Glints2/dict_0007_0070.uasset" 7603
"../../../Engine/Content/EngineMaterials/Substrate/Glints2/dict_0007_0077.uasset" 7604
"/Engine/EngineMaterials/Substrate/Glints2/dict_0007_0063" 7605
"../../../Engine/Content/EngineMaterials/Substrate/Glints2/dict_0007_0066.uasset" 7606
"../../../Engine/Content/EngineMaterials/Substrate/Glints2/dict_0007_0067.uasset" 7607
"../../../Engine/Content/EngineMaterials/Substrate/Glints2/dict_0007_0051.uasset" 7608
"/Engine/EngineMaterials/Substrate/Glints2/dict_0007_0070" 7609
"../../../Engine/Content/EngineMaterials/Substrate/Glints2/dict_0007_0071.uasset" 7610
"../../../Engine/Content/EngineMaterials/Substrate/Glints2/dict_0007_0075.uasset" 7611
"/Engine/EngineMaterials/Substrate/Glints2/dict_0007_0076" 7612
"../../../Engine/Content/EngineMaterials/Substrate/Glints2/dict_0007_0060.uasset" 7613
"../../../Engine/Content/EngineMaterials/Substrate/Glints2/dict_0007_0050.uasset" 7614
"../../../Engine/Content/EngineMaterials/Substrate/Glints2/dict_0007_0074.uasset" 7615
"../../../Engine/Content/EngineMaterials/Substrate/Glints2/dict_0007_0054.uasset" 7616
"/Engine/EngineMaterials/Substrate/Glints2/dict_0007_0060" 7617
"../../../Engine/Content/EngineMaterials/Substrate/Glints2/dict_0007_0053.uasset" 7618
"/Engine/EngineMaterials/Substrate/Glints2/dict_0007_0050" 7619
"../../../Engine/Content/EngineMaterials/Substrate/Glints2/dict_0007_0087.uasset" 7620
"/Engine/EngineMaterials/Substrate/Glints2/dict_0007_0051" 7621
"../../../Engine/Content/EngineMaterials/Substrate/Glints2/dict_0007_0086.uasset" 7622
"/Engine/EngineMaterials/Substrate/Glints2/dict_0007_0066" 7623
"/Engine/EngineMaterials/Substrate/Glints2/dict_0007_0067" 7624
"../../../Engine/Content/EngineMaterials/Substrate/Glints2/dict_0007_0065.uasset" 7625
"/Engine/EngineMaterials/Substrate/Glints2/dict_0007_0071" 7626
"/Engine/EngineMaterials/Substrate/Glints2/dict_0007_0075" 7627
"/Engine/EngineMaterials/Substrate/Glints2/dict_0007_0077" 7628
"../../../Engine/Content/EngineMaterials/Substrate/Glints2/dict_0007_0072.uasset" 7629
"/Engine/EngineMaterials/Substrate/Glints2/dict_0007_0053" 7630
"/Engine/EngineMaterials/Substrate/Glints2/dict_0007_0086" 7631
"../../../Engine/Content/EngineMaterials/Substrate/Glints2/dict_0007_0049.uasset" 7632
"../../../Engine/Content/EngineMaterials/Substrate/Glints2/dict_0007_0037.uasset" 7633
"../../../Engine/Content/EngineMaterials/Substrate/Glints2/dict_0007_0039.uasset" 7634
"/Engine/EngineMaterials/Substrate/Glints2/dict_0007_0065" 7635
"../../../Engine/Content/EngineMaterials/Substrate/Glints2/dict_0007_0034.uasset" 7636
"../../../Engine/Content/EngineMaterials/Substrate/Glints2/dict_0007_0035.uasset" 7637
"/Engine/EngineMaterials/Substrate/Glints2/dict_0007_0087" 7638
"/Engine/EngineMaterials/Substrate/Glints2/dict_0007_0054" 7639
"../../../Engine/Content/EngineMaterials/Substrate/Glints2/dict_0007_0041.uasset" 7640
"../../../Engine/Content/EngineMaterials/Substrate/Glints2/dict_0007_0045.uasset" 7641
"../../../Engine/Content/EngineMaterials/Substrate/Glints2/dict_0007_0036.uasset" 7642
"/Engine/EngineMaterials/Substrate/Glints2/dict_0007_0072" 7643
"../../../Engine/Content/EngineMaterials/Substrate/Glints2/dict_0007_0038.uasset" 7644
"/Engine/EngineMaterials/Substrate/Glints2/dict_0007_0074" 7645
"../../../Engine/Content/EngineMaterials/Substrate/Glints2/dict_0007_0040.uasset" 7646
"../../../Engine/Content/EngineMaterials/Substrate/Glints2/dict_0007_0046.uasset" 7647
"../../../Engine/Content/EngineMaterials/Substrate/Glints2/dict_0007_0044.uasset" 7648
"/Engine/EngineMaterials/Substrate/Glints2/dict_0007_0037" 7649
"../../../Engine/Content/EngineMaterials/Substrate/Glints2/dict_0007_0062.uasset" 7650
"/Engine/EngineMaterials/Substrate/Glints2/dict_0007_0040" 7651
"/Engine/EngineMaterials/Substrate/Glints2/dict_0007_0049" 7652
"../../../Engine/Content/EngineMaterials/Substrate/Glints2/dict_0007_0032.uasset" 7653
"../../../Engine/Content/EngineMaterials/Substrate/Glints2/dict_0007_0043.uasset" 7654
"/Engine/EngineMaterials/Substrate/Glints2/dict_0007_0041" 7655
"../../../Engine/Content/EngineMaterials/Substrate/Glints2/dict_0007_0042.uasset" 7656
"../../../Engine/Content/EngineMaterials/Substrate/Glints2/dict_0007_0078.uasset" 7657
"../../../Engine/Content/EngineMaterials/Substrate/Glints2/dict_0007_0056.uasset" 7658
"/Engine/EngineMaterials/Substrate/Glints2/dict_0007_0045" 7659
"../../../Engine/Content/EngineMaterials/Substrate/Glints2/dict_0007_0058.uasset" 7660
"/Engine/EngineMaterials/Substrate/Glints2/dict_0007_0038" 7661
"../../../Engine/Content/EngineMaterials/Substrate/Glints2/dict_0007_0031.uasset" 7662
"../../../Engine/Content/EngineMaterials/Substrate/Glints2/dict_0007_0033.uasset" 7663
"/Engine/EngineMaterials/Substrate/Glints2/dict_0007_0034" 7664
"/Engine/EngineMaterials/Substrate/Glints2/dict_0007_0035" 7665
"/Engine/EngineMaterials/Substrate/Glints2/dict_0007_0039" 7666
"/Engine/EngineMaterials/Substrate/Glints2/dict_0007_0036" 7667
"/Engine/EngineMaterials/Substrate/Glints2/dict_0007_0044" 7668
"../../../Engine/Content/EngineMaterials/Substrate/Glints2/dict_0007_0048.uasset" 7669
"/Engine/EngineMaterials/Substrate/Glints2/dict_0007_0062" 7670
"/Engine/EngineMaterials/Substrate/Glints2/dict_0007_0031" 7671
"/Engine/EngineMaterials/Substrate/Glints2/dict_0007_0058" 7672
"/Engine/EngineMaterials/Substrate/Glints2/dict_0007_0042" 7673
"/Engine/EngineMaterials/Substrate/Glints2/dict_0007_0032" 7674
"/Engine/EngineMaterials/Substrate/Glints2/dict_0007_0033" 7675
"/Engine/EngineMaterials/Substrate/Glints2/dict_0007_0056" 7676
"/Engine/EngineMaterials/Substrate/Glints2/dict_0007_0046" 7677
"/Engine/EngineMaterials/Substrate/Glints2/dict_0007_0043" 7678
"/Engine/EngineMaterials/Substrate/Glints2/dict_0007_0078" 7679
"../../../Engine/Content/EngineMaterials/Substrate/Glints2/dict_0007_0030.uasset" 7680
"/Engine/EngineMaterials/Substrate/Glints2/dict_0007_0030" 7681
"/Engine/EngineMaterials/Substrate/Glints2/dict_0007_0048" 7682
"../../../Engine/Content/EngineMaterials/Substrate/Glints2/dict_0007_0009.uasset" 7683
"../../../Engine/Content/EngineMaterials/Substrate/Glints2/dict_0007_0014.uasset" 7684
"../../../Engine/Content/EngineMaterials/Substrate/Glints2/dict_0007_0025.uasset" 7685
"../../../Engine/Content/EngineMaterials/Substrate/Glints2/dict_0007_0008.uasset" 7686
"../../../Engine/Content/EngineMaterials/Substrate/Glints2/dict_0007_0010.uasset" 7687
"../../../Engine/Content/EngineMaterials/Substrate/Glints2/dict_0007_0013.uasset" 7688
"../../../Engine/Content/EngineMaterials/Substrate/Glints2/dict_0007_0022.uasset" 7689
"../../../Engine/Content/EngineMaterials/Substrate/Glints2/dict_0007_0005.uasset" 7690
"/Engine/EngineMaterials/Substrate/Glints2/dict_0007_0013" 7691
"../../../Engine/Content/EngineMaterials/Substrate/Glints2/dict_0007_0003.uasset" 7692
"../../../Engine/Content/EngineMaterials/Substrate/Glints2/dict_0007_0027.uasset" 7693
"/Engine/EngineMaterials/Substrate/Glints2/dict_0007_0014" 7694
"/Engine/EngineMaterials/Substrate/Glints2/dict_0007_0025" 7695
"../../../Engine/Content/EngineMaterials/Substrate/Glints2/dict_0007_0015.uasset" 7696
"../../../Engine/Content/EngineMaterials/Substrate/Glints2/dict_0007_0006.uasset" 7697
"../../../Engine/Content/EngineMaterials/Substrate/Glints2/dict_0007_0028.uasset" 7698
"/Engine/EngineMaterials/Substrate/Glints2/dict_0007_0008" 7699
"../../../Engine/Content/EngineMaterials/Substrate/Glints2/dict_0007_0000.uasset" 7700
"../../../Engine/Content/EngineMaterials/Substrate/Glints2/dict_0007_0004.uasset" 7701
"../../../Engine/Content/EngineMaterials/Substrate/Glints2/dict_0007_0023.uasset" 7702
"../../../Engine/Content/EngineMaterials/Substrate/Glints2/dict_0007_0026.uasset" 7703
"../../../Engine/Content/EngineMaterials/Substrate/Glints2/dict_0007_0029.uasset" 7704
"../../../Engine/Content/EngineMaterials/Substrate/Glints2/dict_0007_0019.uasset" 7705
"../../../Engine/Content/EngineMaterials/Substrate/Glints2/dict_0007_0011.uasset" 7706
"/Engine/EngineMaterials/Substrate/Glints2/dict_0007_0009" 7707
"../../../Engine/Content/EngineMaterials/Substrate/Glints2/dict_0007_0012.uasset" 7708
"../../../Engine/Content/EngineMaterials/Substrate/Glints2/dict_0007_0007.uasset" 7709
"/Engine/EngineMaterials/Substrate/Glints2/dict_0007_0010" 7710
"/Engine/EngineMaterials/Substrate/Glints2/dict_0007_0029" 7711
"/Engine/EngineMaterials/Substrate/Glints2/dict_0007_0012" 7712
"../../../Engine/Content/EngineMaterials/Substrate/Glints2/dict_0007_0021.uasset" 7713
"/Engine/EngineMaterials/Substrate/Glints2/dict_0007_0003" 7714
"../../../Engine/Content/EngineMaterials/Substrate/Glints2/dict_0007_0020.uasset" 7715
"../../../Engine/Content/EngineMaterials/Substrate/Glints2/dict_0007_0017.uasset" 7716
"../../../Engine/Content/EngineMaterials/Substrate/Glints2/dict_0007_0018.uasset" 7717
"/Engine/EngineMaterials/Substrate/Glints2/dict_0007_0004" 7718
"../../../Engine/Content/EngineMaterials/Substrate/Glints2/dict_0007_0024.uasset" 7719
"../../../Engine/Content/EngineMaterials/Substrate/Glints2/dict_0007_0016.uasset" 7720
"/Engine/EngineMaterials/Substrate/Glints2/dict_0007_0015" 7721
"../../../Engine/Content/EngineMaterials/Substrate/Glints2/dict_0007_0047.uasset" 7722
"/Engine/EngineMaterials/Substrate/Glints2/dict_0007_0005" 7723
"/Engine/EngineMaterials/Substrate/Glints2/dict_0007_0022" 7724
"../../../Engine/Content/EngineMaterials/Substrate/Glints2/dict_0007_0002.uasset" 7725
"/Engine/EngineMaterials/Substrate/Glints2/dict_0007_0023" 7726
"/Engine/EngineMaterials/Substrate/Glints2/dict_0007_0006" 7727
"/Engine/EngineMaterials/Substrate/Glints2/dict_0007_0026" 7728
"../../../Engine/Content/EngineMaterials/Substrate/Glints2/dict_0006_0250.uasset" 7729
"/Engine/EngineMaterials/Substrate/Glints2/dict_0007_0007" 7730
"../../../Engine/Content/EngineMaterials/Substrate/Glints2/dict_0006_0249.uasset" 7731
"../../../Engine/Content/EngineMaterials/Substrate/Glints2/dict_0007_0001.uasset" 7732
"/Engine/EngineMaterials/Substrate/Glints2/dict_0007_0027" 7733
"/Engine/EngineMaterials/Substrate/Glints2/dict_0007_0028" 7734
"/Engine/EngineMaterials/Substrate/Glints2/dict_0007_0000" 7735
"/Engine/EngineMaterials/Substrate/Glints2/dict_0007_0019" 7736
"/Engine/EngineMaterials/Substrate/Glints2/dict_0007_0011" 7737
"../../../Engine/Content/EngineMaterials/Substrate/Glints2/dict_0006_0252.uasset" 7738
"/Engine/EngineMaterials/Substrate/Glints2/dict_0007_0001" 7739
"/Engine/EngineMaterials/Substrate/Glints2/dict_0007_0002" 7740
"../../../Engine/Content/EngineMaterials/Substrate/Glints2/dict_0006_0253.uasset" 7741
"/Engine/EngineMaterials/Substrate/Glints2/dict_0006_0249" 7742
"/Engine/EngineMaterials/Substrate/Glints2/dict_0006_0250" 7743
"../../../Engine/Content/EngineMaterials/Substrate/Glints2/dict_0006_0254.uasset" 7744
"../../../Engine/Content/EngineMaterials/Substrate/Glints2/dict_0006_0251.uasset" 7745
"/Engine/EngineMaterials/Substrate/Glints2/dict_0007_0024" 7746
"../../../Engine/Content/EngineMaterials/Substrate/Glints2/dict_0006_0255.uasset" 7747
"/Engine/EngineMaterials/Substrate/Glints2/dict_0007_0016" 7748
"/Engine/EngineMaterials/Substrate/Glints2/dict_0006_0252" 7749
"/Engine/EngineMaterials/Substrate/Glints2/dict_0007_0017" 7750
"/Engine/EngineMaterials/Substrate/Glints2/dict_0007_0018" 7751
"/Engine/EngineMaterials/Substrate/Glints2/dict_0007_0047" 7752
"/Engine/EngineMaterials/Substrate/Glints2/dict_0007_0020" 7753
"/Engine/EngineMaterials/Substrate/Glints2/dict_0007_0021" 7754
"/Engine/EngineMaterials/Substrate/Glints2/dict_0006_0255" 7755
"/Engine/EngineMaterials/Substrate/Glints2/dict_0006_0251" 7756
"/Engine/EngineMaterials/Substrate/Glints2/dict_0006_0253" 7757
"/Engine/EngineMaterials/Substrate/Glints2/dict_0006_0254" 7758
"../../../Engine/Content/EngineMaterials/Substrate/Glints2/dict_0006_0230.uasset" 7759
"../../../Engine/Content/EngineMaterials/Substrate/Glints2/dict_0006_0227.uasset" 7760
"../../../Engine/Content/EngineMaterials/Substrate/Glints2/dict_0006_0232.uasset" 7761
"/Engine/EngineMaterials/Substrate/Glints2/dict_0006_0227" 7762
"../../../Engine/Content/EngineMaterials/Substrate/Glints2/dict_0006_0229.uasset" 7763
"../../../Engine/Content/EngineMaterials/Substrate/Glints2/dict_0006_0225.uasset" 7764
"../../../Engine/Content/EngineMaterials/Substrate/Glints2/dict_0006_0221.uasset" 7765
"../../../Engine/Content/EngineMaterials/Substrate/Glints2/dict_0006_0219.uasset" 7766
"../../../Engine/Content/EngineMaterials/Substrate/Glints2/dict_0006_0223.uasset" 7767
"/Engine/EngineMaterials/Substrate/Glints2/dict_0006_0230" 7768
"/Engine/EngineMaterials/Substrate/Glints2/dict_0006_0232" 7769
"../../../Engine/Content/EngineMaterials/Substrate/Glints2/dict_0006_0226.uasset" 7770
"../../../Engine/Content/EngineMaterials/Substrate/Glints2/dict_0006_0228.uasset" 7771
"/Engine/EngineMaterials/Substrate/Glints2/dict_0006_0221" 7772
"../../../Engine/Content/EngineMaterials/Substrate/Glints2/dict_0006_0239.uasset" 7773
"../../../Engine/Content/EngineMaterials/Substrate/Glints2/dict_0006_0220.uasset" 7774
"../../../Engine/Content/EngineMaterials/Substrate/Glints2/dict_0006_0243.uasset" 7775
"../../../Engine/Content/EngineMaterials/Substrate/Glints2/dict_0006_0237.uasset" 7776
"../../../Engine/Content/EngineMaterials/Substrate/Glints2/dict_0006_0240.uasset" 7777
"/Engine/EngineMaterials/Substrate/Glints2/dict_0006_0223" 7778
"../../../Engine/Content/EngineMaterials/Substrate/Glints2/dict_0006_0235.uasset" 7779
"../../../Engine/Content/EngineMaterials/Substrate/Glints2/dict_0006_0234.uasset" 7780
"/Engine/EngineMaterials/Substrate/Glints2/dict_0006_0225" 7781
"../../../Engine/Content/EngineMaterials/Substrate/Glints2/dict_0006_0218.uasset" 7782
"../../../Engine/Content/EngineMaterials/Substrate/Glints2/dict_0006_0245.uasset" 7783
"../../../Engine/Content/EngineMaterials/Substrate/Glints2/dict_0006_0231.uasset" 7784
"../../../Engine/Content/EngineMaterials/Substrate/Glints2/dict_0006_0244.uasset" 7785
"/Engine/EngineMaterials/Substrate/Glints2/dict_0006_0226" 7786
"../../../Engine/Content/EngineMaterials/Substrate/Glints2/dict_0006_0242.uasset" 7787
"../../../Engine/Content/EngineMaterials/Substrate/Glints2/dict_0006_0217.uasset" 7788
"/Engine/EngineMaterials/Substrate/Glints2/dict_0006_0219" 7789
"../../../Engine/Content/EngineMaterials/Substrate/Glints2/dict_0006_0236.uasset" 7790
"/Engine/EngineMaterials/Substrate/Glints2/dict_0006_0228" 7791
"../../../Engine/Content/EngineMaterials/Substrate/Glints2/dict_0006_0224.uasset" 7792
"../../../Engine/Content/EngineMaterials/Substrate/Glints2/dict_0006_0233.uasset" 7793
"../../../Engine/Content/EngineMaterials/Substrate/Glints2/dict_0006_0241.uasset" 7794
"/Engine/EngineMaterials/Substrate/Glints2/dict_0006_0229" 7795
"../../../Engine/Content/EngineMaterials/Substrate/Glints2/dict_0006_0247.uasset" 7796
"../../../Engine/Content/EngineMaterials/Substrate/Glints2/dict_0006_0238.uasset" 7797
"/Engine/EngineMaterials/Substrate/Glints2/dict_0006_0233" 7798
"/Engine/EngineMaterials/Substrate/Glints2/dict_0006_0217" 7799
"../../../Engine/Content/EngineMaterials/Substrate/Glints2/dict_0006_0222.uasset" 7800
"/Engine/EngineMaterials/Substrate/Glints2/dict_0006_0234" 7801
"/Engine/EngineMaterials/Substrate/Glints2/dict_0006_0235" 7802
"/Engine/EngineMaterials/Substrate/Glints2/dict_0006_0236" 7803
"/Engine/EngineMaterials/Substrate/Glints2/dict_0006_0224" 7804
"/Engine/EngineMaterials/Substrate/Glints2/dict_0006_0237" 7805
"../../../Engine/Content/EngineMaterials/Substrate/Glints2/dict_0006_0248.uasset" 7806
"/Engine/EngineMaterials/Substrate/Glints2/dict_0006_0238" 7807
"../../../Engine/Content/EngineMaterials/Substrate/Glints2/dict_0006_0246.uasset" 7808
"/Engine/EngineMaterials/Substrate/Glints2/dict_0006_0239" 7809
"/Engine/EngineMaterials/Substrate/Glints2/dict_0006_0240" 7810
"../../../Engine/Content/EngineMaterials/Substrate/Glints2/dict_0006_0214.uasset" 7811
"/Engine/EngineMaterials/Substrate/Glints2/dict_0006_0241" 7812
"../../../Engine/Content/EngineMaterials/Substrate/Glints2/dict_0006_0216.uasset" 7813
"/Engine/EngineMaterials/Substrate/Glints2/dict_0006_0218" 7814
"../../../Engine/Content/EngineMaterials/Substrate/Glints2/dict_0006_0215.uasset" 7815
"/Engine/EngineMaterials/Substrate/Glints2/dict_0006_0242" 7816
"/Engine/EngineMaterials/Substrate/Glints2/dict_0006_0243" 7817
"/Engine/EngineMaterials/Substrate/Glints2/dict_0006_0244" 7818
"../../../Engine/Content/EngineMaterials/Substrate/Glints2/dict_0006_0207.uasset" 7819
"/Engine/EngineMaterials/Substrate/Glints2/dict_0006_0220" 7820
"../../../Engine/Content/EngineMaterials/Substrate/Glints2/dict_0006_0210.uasset" 7821
"/Engine/EngineMaterials/Substrate/Glints2/dict_0006_0245" 7822
"/Engine/EngineMaterials/Substrate/Glints2/dict_0006_0247" 7823
"/Engine/EngineMaterials/Substrate/Glints2/dict_0006_0231" 7824
"/Engine/EngineMaterials/Substrate/Glints2/dict_0006_0207" 7825
"../../../Engine/Content/EngineMaterials/Substrate/Glints2/dict_0006_0211.uasset" 7826
"/Engine/EngineMaterials/Substrate/Glints2/dict_0006_0222" 7827
"../../../Engine/Content/EngineMaterials/Substrate/Glints2/dict_0006_0213.uasset" 7828
"/Engine/EngineMaterials/Substrate/Glints2/dict_0006_0210" 7829
"/Engine/EngineMaterials/Substrate/Glints2/dict_0006_0214" 7830
"/Engine/EngineMaterials/Substrate/Glints2/dict_0006_0215" 7831
"/Engine/EngineMaterials/Substrate/Glints2/dict_0006_0246" 7832
"/Engine/EngineMaterials/Substrate/Glints2/dict_0006_0216" 7833
"../../../Engine/Content/EngineMaterials/Substrate/Glints2/dict_0006_0208.uasset" 7834
"/Engine/EngineMaterials/Substrate/Glints2/dict_0006_0248" 7835
"../../../Engine/Content/EngineMaterials/Substrate/Glints2/dict_0006_0209.uasset" 7836
"/Engine/EngineMaterials/Substrate/Glints2/dict_0006_0208" 7837
"/Engine/EngineMaterials/Substrate/Glints2/dict_0006_0209" 7838
"/Engine/EngineMaterials/Substrate/Glints2/dict_0006_0211" 7839
"/Engine/EngineMaterials/Substrate/Glints2/dict_0006_0213" 7840
"../../../Engine/Content/EngineMaterials/Substrate/Glints2/dict_0006_0212.uasset" 7841
"/Engine/EngineMaterials/Substrate/Glints2/dict_0006_0212" 7842
"../../../Engine/Content/EngineMaterials/Substrate/Glints2/dict_0006_0203.uasset" 7843
"../../../Engine/Content/EngineMaterials/Substrate/Glints2/dict_0006_0194.uasset" 7844
"../../../Engine/Content/EngineMaterials/Substrate/Glints2/dict_0006_0189.uasset" 7845
"../../../Engine/Content/EngineMaterials/Substrate/Glints2/dict_0006_0188.uasset" 7846
"../../../Engine/Content/EngineMaterials/Substrate/Glints2/dict_0006_0190.uasset" 7847
"../../../Engine/Content/EngineMaterials/Substrate/Glints2/dict_0006_0186.uasset" 7848
"../../../Engine/Content/EngineMaterials/Substrate/Glints2/dict_0006_0180.uasset" 7849
"../../../Engine/Content/EngineMaterials/Substrate/Glints2/dict_0006_0192.uasset" 7850
"../../../Engine/Content/EngineMaterials/Substrate/Glints2/dict_0006_0185.uasset" 7851
"/Engine/EngineMaterials/Substrate/Glints2/dict_0006_0188" 7852
"../../../Engine/Content/EngineMaterials/Substrate/Glints2/dict_0006_0187.uasset" 7853
"../../../Engine/Content/EngineMaterials/Substrate/Glints2/dict_0006_0204.uasset" 7854
"../../../Engine/Content/EngineMaterials/Substrate/Glints2/dict_0006_0205.uasset" 7855
"../../../Engine/Content/EngineMaterials/Substrate/Glints2/dict_0006_0181.uasset" 7856
"../../../Engine/Content/EngineMaterials/Substrate/Glints2/dict_0006_0197.uasset" 7857
"../../../Engine/Content/EngineMaterials/Substrate/Glints2/dict_0006_0182.uasset" 7858
"../../../Engine/Content/EngineMaterials/Substrate/Glints2/dict_0006_0184.uasset" 7859
"../../../Engine/Content/EngineMaterials/Substrate/Glints2/dict_0006_0178.uasset" 7860
"../../../Engine/Content/EngineMaterials/Substrate/Glints2/dict_0006_0176.uasset" 7861
"../../../Engine/Content/EngineMaterials/Substrate/Glints2/dict_0006_0179.uasset" 7862
"../../../Engine/Content/EngineMaterials/Substrate/Glints2/dict_0006_0183.uasset" 7863
"/Engine/EngineMaterials/Substrate/Glints2/dict_0006_0189" 7864
"../../../Engine/Content/EngineMaterials/Substrate/Glints2/dict_0006_0175.uasset" 7865
"/Engine/EngineMaterials/Substrate/Glints2/dict_0006_0190" 7866
"../../../Engine/Content/EngineMaterials/Substrate/Glints2/dict_0006_0195.uasset" 7867
"/Engine/EngineMaterials/Substrate/Glints2/dict_0006_0192" 7868
"/Engine/EngineMaterials/Substrate/Glints2/dict_0006_0194" 7869
"../../../Engine/Content/EngineMaterials/Substrate/Glints2/dict_0006_0200.uasset" 7870
"../../../Engine/Content/EngineMaterials/Substrate/Glints2/dict_0006_0206.uasset" 7871
"../../../Engine/Content/EngineMaterials/Substrate/Glints2/dict_0006_0193.uasset" 7872
"../../../Engine/Content/EngineMaterials/Substrate/Glints2/dict_0006_0198.uasset" 7873
"/Engine/EngineMaterials/Substrate/Glints2/dict_0006_0203" 7874
"/Engine/EngineMaterials/Substrate/Glints2/dict_0006_0186" 7875
"/Engine/EngineMaterials/Substrate/Glints2/dict_0006_0180" 7876
"/Engine/EngineMaterials/Substrate/Glints2/dict_0006_0181" 7877
"../../../Engine/Content/EngineMaterials/Substrate/Glints2/dict_0006_0201.uasset" 7878
"../../../Engine/Content/EngineMaterials/Substrate/Glints2/dict_0006_0177.uasset" 7879
"/Engine/EngineMaterials/Substrate/Glints2/dict_0006_0176" 7880
"../../../Engine/Content/EngineMaterials/Substrate/Glints2/dict_0006_0196.uasset" 7881
"../../../Engine/Content/EngineMaterials/Substrate/Glints2/dict_0006_0199.uasset" 7882
"/Engine/EngineMaterials/Substrate/Glints2/dict_0006_0193" 7883
"../../../Engine/Content/EngineMaterials/Substrate/Glints2/dict_0006_0202.uasset" 7884
"/Engine/EngineMaterials/Substrate/Glints2/dict_0006_0195" 7885
"../../../Engine/Content/EngineMaterials/Substrate/Glints2/dict_0006_0191.uasset" 7886
"/Engine/EngineMaterials/Substrate/Glints2/dict_0006_0197" 7887
"/Engine/EngineMaterials/Substrate/Glints2/dict_0006_0198" 7888
"/Engine/EngineMaterials/Substrate/Glints2/dict_0006_0200" 7889
"/Engine/EngineMaterials/Substrate/Glints2/dict_0006_0182" 7890
"/Engine/EngineMaterials/Substrate/Glints2/dict_0006_0183" 7891
"/Engine/EngineMaterials/Substrate/Glints2/dict_0006_0178" 7892
"/Engine/EngineMaterials/Substrate/Glints2/dict_0006_0175" 7893
"/Engine/EngineMaterials/Substrate/Glints2/dict_0006_0179" 7894
"../../../Engine/Content/EngineMaterials/Substrate/Glints2/dict_0006_0168.uasset" 7895
"/Engine/EngineMaterials/Substrate/Glints2/dict_0006_0184" 7896
"../../../Engine/Content/EngineMaterials/Substrate/Glints2/dict_0006_0174.uasset" 7897
"../../../Engine/Content/EngineMaterials/Substrate/Glints2/dict_0006_0171.uasset" 7898
"../../../Engine/Content/EngineMaterials/Substrate/Glints2/dict_0006_0173.uasset" 7899
"/Engine/EngineMaterials/Substrate/Glints2/dict_0006_0204" 7900
"/Engine/EngineMaterials/Substrate/Glints2/dict_0006_0185" 7901
"/Engine/EngineMaterials/Substrate/Glints2/dict_0006_0205" 7902
"/Engine/EngineMaterials/Substrate/Glints2/dict_0006_0206" 7903
"../../../Engine/Content/EngineMaterials/Substrate/Glints2/dict_0006_0172.uasset" 7904
"/Engine/EngineMaterials/Substrate/Glints2/dict_0006_0187" 7905
"../../../Engine/Content/EngineMaterials/Substrate/Glints2/dict_0006_0170.uasset" 7906
"/Engine/EngineMaterials/Substrate/Glints2/dict_0006_0168" 7907
"../../../Engine/Content/EngineMaterials/Substrate/Glints2/dict_0006_0169.uasset" 7908
"/Engine/EngineMaterials/Substrate/Glints2/dict_0006_0191" 7909
"/Engine/EngineMaterials/Substrate/Glints2/dict_0006_0171" 7910
"/Engine/EngineMaterials/Substrate/Glints2/dict_0006_0172" 7911
"/Engine/EngineMaterials/Substrate/Glints2/dict_0006_0196" 7912
"/Engine/EngineMaterials/Substrate/Glints2/dict_0006_0177" 7913
"/Engine/EngineMaterials/Substrate/Glints2/dict_0006_0199" 7914
"/Engine/EngineMaterials/Substrate/Glints2/dict_0006_0201" 7915
"/Engine/EngineMaterials/Substrate/Glints2/dict_0006_0202" 7916
"/Engine/EngineMaterials/Substrate/Glints2/dict_0006_0173" 7917
"/Engine/EngineMaterials/Substrate/Glints2/dict_0006_0174" 7918
"/Engine/EngineMaterials/Substrate/Glints2/dict_0006_0169" 7919
"/Engine/EngineMaterials/Substrate/Glints2/dict_0006_0170" 7920
"../../../Engine/Content/EngineMaterials/Substrate/Glints2/dict_0006_0167.uasset" 7921
"../../../Engine/Content/EngineMaterials/Substrate/Glints2/dict_0006_0158.uasset" 7922
"../../../Engine/Content/EngineMaterials/Substrate/Glints2/dict_0006_0149.uasset" 7923
"../../../Engine/Content/EngineMaterials/Substrate/Glints2/dict_0006_0150.uasset" 7924
"../../../Engine/Content/EngineMaterials/Substrate/Glints2/dict_0006_0146.uasset" 7925
"../../../Engine/Content/EngineMaterials/Substrate/Glints2/dict_0006_0152.uasset" 7926
"../../../Engine/Content/EngineMaterials/Substrate/Glints2/dict_0006_0142.uasset" 7927
"../../../Engine/Content/EngineMaterials/Substrate/Glints2/dict_0006_0138.uasset" 7928
"../../../Engine/Content/EngineMaterials/Substrate/Glints2/dict_0006_0139.uasset" 7929
"../../../Engine/Content/EngineMaterials/Substrate/Glints2/dict_0006_0151.uasset" 7930
"../../../Engine/Content/EngineMaterials/Substrate/Glints2/dict_0006_0144.uasset" 7931
"../../../Engine/Content/EngineMaterials/Substrate/Glints2/dict_0006_0164.uasset" 7932
"../../../Engine/Content/EngineMaterials/Substrate/Glints2/dict_0006_0145.uasset" 7933
"../../../Engine/Content/EngineMaterials/Substrate/Glints2/dict_0006_0141.uasset" 7934
"../../../Engine/Content/EngineMaterials/Substrate/Glints2/dict_0006_0153.uasset" 7935
"../../../Engine/Content/EngineMaterials/Substrate/Glints2/dict_0006_0155.uasset" 7936
"../../../Engine/Content/EngineMaterials/Substrate/Glints2/dict_0006_0148.uasset" 7937
"../../../Engine/Content/EngineMaterials/Substrate/Glints2/dict_0006_0143.uasset" 7938
"../../../Engine/Content/EngineMaterials/Substrate/Glints2/dict_0006_0163.uasset" 7939
"../../../Engine/Content/EngineMaterials/Substrate/Glints2/dict_0006_0160.uasset" 7940
"../../../Engine/Content/EngineMaterials/Substrate/Glints2/dict_0006_0161.uasset" 7941
"/Engine/EngineMaterials/Substrate/Glints2/dict_0006_0138" 7942
"../../../Engine/Content/EngineMaterials/Substrate/Glints2/dict_0006_0140.uasset" 7943
"../../../Engine/Content/EngineMaterials/Substrate/Glints2/dict_0006_0154.uasset" 7944
"../../../Engine/Content/EngineMaterials/Substrate/Glints2/dict_0006_0166.uasset" 7945
"/Engine/EngineMaterials/Substrate/Glints2/dict_0006_0149" 7946
"../../../Engine/Content/EngineMaterials/Substrate/Glints2/dict_0006_0147.uasset" 7947
"../../../Engine/Content/EngineMaterials/Substrate/Glints2/dict_0006_0159.uasset" 7948
"../../../Engine/Content/EngineMaterials/Substrate/Glints2/dict_0006_0162.uasset" 7949
"../../../Engine/Content/EngineMaterials/Substrate/Glints2/dict_0006_0156.uasset" 7950
"/Engine/EngineMaterials/Substrate/Glints2/dict_0006_0150" 7951
"../../../Engine/Content/EngineMaterials/Substrate/Glints2/dict_0006_0157.uasset" 7952
"/Engine/EngineMaterials/Substrate/Glints2/dict_0006_0139" 7953
"/Engine/EngineMaterials/Substrate/Glints2/dict_0006_0152" 7954
"../../../Engine/Content/EngineMaterials/Substrate/Glints2/dict_0006_0165.uasset" 7955
"/Engine/EngineMaterials/Substrate/Glints2/dict_0006_0141" 7956
"/Engine/EngineMaterials/Substrate/Glints2/dict_0006_0153" 7957
"/Engine/EngineMaterials/Substrate/Glints2/dict_0006_0142" 7958
"/Engine/EngineMaterials/Substrate/Glints2/dict_0006_0143" 7959
"/Engine/EngineMaterials/Substrate/Glints2/dict_0006_0155" 7960
"/Engine/EngineMaterials/Substrate/Glints2/dict_0006_0144" 7961
"/Engine/EngineMaterials/Substrate/Glints2/dict_0006_0145" 7962
"../../../Engine/Content/EngineMaterials/Substrate/Glints2/dict_0006_0136.uasset" 7963
"/Engine/EngineMaterials/Substrate/Glints2/dict_0006_0158" 7964
"/Engine/EngineMaterials/Substrate/Glints2/dict_0006_0160" 7965
"/Engine/EngineMaterials/Substrate/Glints2/dict_0006_0161" 7966
"/Engine/EngineMaterials/Substrate/Glints2/dict_0006_0146" 7967
"/Engine/EngineMaterials/Substrate/Glints2/dict_0006_0163" 7968
"../../../Engine/Content/EngineMaterials/Substrate/Glints2/dict_0006_0137.uasset" 7969
"/Engine/EngineMaterials/Substrate/Glints2/dict_0006_0164" 7970
"/Engine/EngineMaterials/Substrate/Glints2/dict_0006_0148" 7971
"/Engine/EngineMaterials/Substrate/Glints2/dict_0006_0167" 7972
"/Engine/EngineMaterials/Substrate/Glints2/dict_0006_0136" 7973
"/Engine/EngineMaterials/Substrate/Glints2/dict_0006_0137" 7974
"/Engine/EngineMaterials/Substrate/Glints2/dict_0006_0140" 7975
"/Engine/EngineMaterials/Substrate/Glints2/dict_0006_0151" 7976
"/Engine/EngineMaterials/Substrate/Glints2/dict_0006_0154" 7977
"/Engine/EngineMaterials/Substrate/Glints2/dict_0006_0156" 7978
"/Engine/EngineMaterials/Substrate/Glints2/dict_0006_0157" 7979
"/Engine/EngineMaterials/Substrate/Glints2/dict_0006_0159" 7980
"/Engine/EngineMaterials/Substrate/Glints2/dict_0006_0162" 7981
"/Engine/EngineMaterials/Substrate/Glints2/dict_0006_0147" 7982
"/Engine/EngineMaterials/Substrate/Glints2/dict_0006_0165" 7983
"/Engine/EngineMaterials/Substrate/Glints2/dict_0006_0166" 7984
"../../../Engine/Content/EngineMaterials/Substrate/Glints2/dict_0006_0119.uasset" 7985
"../../../Engine/Content/EngineMaterials/Substrate/Glints2/dict_0006_0118.uasset" 7986
"../../../Engine/Content/EngineMaterials/Substrate/Glints2/dict_0006_0112.uasset" 7987
"../../../Engine/Content/EngineMaterials/Substrate/Glints2/dict_0006_0121.uasset" 7988
"../../../Engine/Content/EngineMaterials/Substrate/Glints2/dict_0006_0117.uasset" 7989
"../../../Engine/Content/EngineMaterials/Substrate/Glints2/dict_0006_0122.uasset" 7990
"../../../Engine/Content/EngineMaterials/Substrate/Glints2/dict_0006_0128.uasset" 7991
"/Engine/EngineMaterials/Substrate/Glints2/dict_0006_0117" 7992
"/Engine/EngineMaterials/Substrate/Glints2/dict_0006_0118" 7993
"/Engine/EngineMaterials/Substrate/Glints2/dict_0006_0119" 7994
"../../../Engine/Content/EngineMaterials/Substrate/Glints2/dict_0006_0124.uasset" 7995
"../../../Engine/Content/EngineMaterials/Substrate/Glints2/dict_0006_0125.uasset" 7996
"/Engine/EngineMaterials/Substrate/Glints2/dict_0006_0121" 7997
"../../../Engine/Content/EngineMaterials/Substrate/Glints2/dict_0006_0110.uasset" 7998
"../../../Engine/Content/EngineMaterials/Substrate/Glints2/dict_0006_0107.uasset" 7999
"/Engine/EngineMaterials/Substrate/Glints2/dict_0006_0122" 8000
"../../../Engine/Content/EngineMaterials/Substrate/Glints2/dict_0006_0104.uasset" 8001
"../../../Engine/Content/EngineMaterials/Substrate/Glints2/dict_0006_0106.uasset" 8002
"../../../Engine/Content/EngineMaterials/Substrate/Glints2/dict_0006_0105.uasset" 8003
"../../../Engine/Content/EngineMaterials/Substrate/Glints2/dict_0006_0131.uasset" 8004
"../../../Engine/Content/EngineMaterials/Substrate/Glints2/dict_0006_0130.uasset" 8005
"../../../Engine/Content/EngineMaterials/Substrate/Glints2/dict_0006_0132.uasset" 8006
"../../../Engine/Content/EngineMaterials/Substrate/Glints2/dict_0006_0129.uasset" 8007
"../../../Engine/Content/EngineMaterials/Substrate/Glints2/dict_0006_0111.uasset" 8008
"/Engine/EngineMaterials/Substrate/Glints2/dict_0006_0128" 8009
"../../../Engine/Content/EngineMaterials/Substrate/Glints2/dict_0006_0114.uasset" 8010
"../../../Engine/Content/EngineMaterials/Substrate/Glints2/dict_0006_0109.uasset" 8011
"/Engine/EngineMaterials/Substrate/Glints2/dict_0006_0112" 8012
"../../../Engine/Content/EngineMaterials/Substrate/Glints2/dict_0006_0123.uasset" 8013
"../../../Engine/Content/EngineMaterials/Substrate/Glints2/dict_0006_0120.uasset" 8014
"/Engine/EngineMaterials/Substrate/Glints2/dict_0006_0104" 8015
"../../../Engine/Content/EngineMaterials/Substrate/Glints2/dict_0006_0113.uasset" 8016
"../../../Engine/Content/EngineMaterials/Substrate/Glints2/dict_0006_0116.uasset" 8017
"../../../Engine/Content/EngineMaterials/Substrate/Glints2/dict_0006_0115.uasset" 8018
"/Engine/EngineMaterials/Substrate/Glints2/dict_0006_0105" 8019
"../../../Engine/Content/EngineMaterials/Substrate/Glints2/dict_0006_0134.uasset" 8020
"/Engine/EngineMaterials/Substrate/Glints2/dict_0006_0106" 8021
"/Engine/EngineMaterials/Substrate/Glints2/dict_0006_0107" 8022
"../../../Engine/Content/EngineMaterials/Substrate/Glints2/dict_0006_0133.uasset" 8023
"../../../Engine/Content/EngineMaterials/Substrate/Glints2/dict_0006_0127.uasset" 8024
"/Engine/EngineMaterials/Substrate/Glints2/dict_0006_0120" 8025
"../../../Engine/Content/EngineMaterials/Substrate/Glints2/dict_0006_0108.uasset" 8026
"../../../Engine/Content/EngineMaterials/Substrate/Glints2/dict_0006_0126.uasset" 8027
"/Engine/EngineMaterials/Substrate/Glints2/dict_0006_0123" 8028
"/Engine/EngineMaterials/Substrate/Glints2/dict_0006_0124" 8029
"/Engine/EngineMaterials/Substrate/Glints2/dict_0006_0125" 8030
"../../../Engine/Content/EngineMaterials/Substrate/Glints2/dict_0006_0135.uasset" 8031
"/Engine/EngineMaterials/Substrate/Glints2/dict_0006_0109" 8032
"/Engine/EngineMaterials/Substrate/Glints2/dict_0006_0110" 8033
"/Engine/EngineMaterials/Substrate/Glints2/dict_0006_0111" 8034
"/Engine/EngineMaterials/Substrate/Glints2/dict_0006_0129" 8035
"/Engine/EngineMaterials/Substrate/Glints2/dict_0006_0130" 8036
"/Engine/EngineMaterials/Substrate/Glints2/dict_0006_0131" 8037
"/Engine/EngineMaterials/Substrate/Glints2/dict_0006_0132" 8038
"/Engine/EngineMaterials/Substrate/Glints2/dict_0006_0114" 8039
"/Engine/EngineMaterials/Substrate/Glints2/dict_0006_0116" 8040
"/Engine/EngineMaterials/Substrate/Glints2/dict_0006_0108" 8041
"/Engine/EngineMaterials/Substrate/Glints2/dict_0006_0126" 8042
"/Engine/EngineMaterials/Substrate/Glints2/dict_0006_0127" 8043
"/Engine/EngineMaterials/Substrate/Glints2/dict_0006_0113" 8044
"/Engine/EngineMaterials/Substrate/Glints2/dict_0006_0133" 8045
"/Engine/EngineMaterials/Substrate/Glints2/dict_0006_0115" 8046
"/Engine/EngineMaterials/Substrate/Glints2/dict_0006_0134" 8047
"/Engine/EngineMaterials/Substrate/Glints2/dict_0006_0135" 8048
"../../../Engine/Content/EngineMaterials/Substrate/Glints2/dict_0006_0099.uasset" 8049
"../../../Engine/Content/EngineMaterials/Substrate/Glints2/dict_0006_0103.uasset" 8050
"../../../Engine/Content/EngineMaterials/Substrate/Glints2/dict_0006_0102.uasset" 8051
"../../../Engine/Content/EngineMaterials/Substrate/Glints2/dict_0006_0101.uasset" 8052
"/Engine/EngineMaterials/Substrate/Glints2/dict_0006_0099" 8053
"/Engine/EngineMaterials/Substrate/Glints2/dict_0006_0101" 8054
"/Engine/EngineMaterials/Substrate/Glints2/dict_0006_0102" 8055
"/Engine/EngineMaterials/Substrate/Glints2/dict_0006_0103" 8056
"../../../Engine/Content/EngineMaterials/Substrate/Glints2/dict_0006_0083.uasset" 8057
"../../../Engine/Content/EngineMaterials/Substrate/Glints2/dict_0006_0080.uasset" 8058
"../../../Engine/Content/EngineMaterials/Substrate/Glints2/dict_0006_0072.uasset" 8059
"../../../Engine/Content/EngineMaterials/Substrate/Glints2/dict_0006_0084.uasset" 8060
"../../../Engine/Content/EngineMaterials/Substrate/Glints2/dict_0006_0078.uasset" 8061
"../../../Engine/Content/EngineMaterials/Substrate/Glints2/dict_0006_0071.uasset" 8062
"../../../Engine/Content/EngineMaterials/Substrate/Glints2/dict_0006_0075.uasset" 8063
"../../../Engine/Content/EngineMaterials/Substrate/Glints2/dict_0006_0093.uasset" 8064
"../../../Engine/Content/EngineMaterials/Substrate/Glints2/dict_0006_0088.uasset" 8065
"../../../Engine/Content/EngineMaterials/Substrate/Glints2/dict_0006_0070.uasset" 8066
"../../../Engine/Content/EngineMaterials/Substrate/Glints2/dict_0006_0090.uasset" 8067
"../../../Engine/Content/EngineMaterials/Substrate/Glints2/dict_0006_0073.uasset" 8068
"../../../Engine/Content/EngineMaterials/Substrate/Glints2/dict_0006_0100.uasset" 8069
"../../../Engine/Content/EngineMaterials/Substrate/Glints2/dict_0006_0086.uasset" 8070
"../../../Engine/Content/EngineMaterials/Substrate/Glints2/dict_0006_0074.uasset" 8071
"/Engine/EngineMaterials/Substrate/Glints2/dict_0006_0072" 8072
"../../../Engine/Content/EngineMaterials/Substrate/Glints2/dict_0006_0094.uasset" 8073
"../../../Engine/Content/EngineMaterials/Substrate/Glints2/dict_0006_0089.uasset" 8074
"../../../Engine/Content/EngineMaterials/Substrate/Glints2/dict_0006_0097.uasset" 8075
"/Engine/EngineMaterials/Substrate/Glints2/dict_0006_0083" 8076
"../../../Engine/Content/EngineMaterials/Substrate/Glints2/dict_0006_0069.uasset" 8077
"/Engine/EngineMaterials/Substrate/Glints2/dict_0006_0084" 8078
"../../../Engine/Content/EngineMaterials/Substrate/Glints2/dict_0006_0077.uasset" 8079
"/Engine/EngineMaterials/Substrate/Glints2/dict_0006_0100" 8080
"../../../Engine/Content/EngineMaterials/Substrate/Glints2/dict_0006_0082.uasset" 8081
"/Engine/EngineMaterials/Substrate/Glints2/dict_0006_0086" 8082
"/Engine/EngineMaterials/Substrate/Glints2/dict_0006_0073" 8083
"/Engine/EngineMaterials/Substrate/Glints2/dict_0006_0088" 8084
"../../../Engine/Content/EngineMaterials/Substrate/Glints2/dict_0006_0098.uasset" 8085
"/Engine/EngineMaterials/Substrate/Glints2/dict_0006_0075" 8086
"/Engine/EngineMaterials/Substrate/Glints2/dict_0006_0090" 8087
"../../../Engine/Content/EngineMaterials/Substrate/Glints2/dict_0006_0076.uasset" 8088
"/Engine/EngineMaterials/Substrate/Glints2/dict_0006_0070" 8089
"/Engine/EngineMaterials/Substrate/Glints2/dict_0006_0093" 8090
"/Engine/EngineMaterials/Substrate/Glints2/dict_0006_0071" 8091
"/Engine/EngineMaterials/Substrate/Glints2/dict_0006_0078" 8092
"/Engine/EngineMaterials/Substrate/Glints2/dict_0006_0080" 8093
"/Engine/EngineMaterials/Substrate/Glints2/dict_0006_0097" 8094
"/Engine/EngineMaterials/Substrate/Glints2/dict_0006_0098" 8095
"../../../Engine/Content/EngineMaterials/Substrate/Glints2/dict_0006_0068.uasset" 8096
"/Engine/EngineMaterials/Substrate/Glints2/dict_0006_0082" 8097
"/Engine/EngineMaterials/Substrate/Glints2/dict_0006_0069" 8098
"/Engine/EngineMaterials/Substrate/Glints2/dict_0006_0074" 8099
"/Engine/EngineMaterials/Substrate/Glints2/dict_0006_0089" 8100
"/Engine/EngineMaterials/Substrate/Glints2/dict_0006_0094" 8101
"/Engine/EngineMaterials/Substrate/Glints2/dict_0006_0076" 8102
"../../../Engine/Content/EngineMaterials/Substrate/Glints2/dict_0006_0095.uasset" 8103
"/Engine/EngineMaterials/Substrate/Glints2/dict_0006_0077" 8104
"/Engine/EngineMaterials/Substrate/Glints2/dict_0006_0068" 8105
"/Engine/EngineMaterials/Substrate/Glints2/dict_0006_0095" 8106
"../../../Engine/Content/EngineMaterials/Substrate/Glints2/dict_0006_0081.uasset" 8107
"../../../Engine/Content/EngineMaterials/Substrate/Glints2/dict_0006_0096.uasset" 8108
"../../../Engine/Content/EngineMaterials/Substrate/Glints2/dict_0006_0091.uasset" 8109
"../../../Engine/Content/EngineMaterials/Substrate/Glints2/dict_0006_0085.uasset" 8110
"../../../Engine/Content/EngineMaterials/Substrate/Glints2/dict_0006_0092.uasset" 8111
"../../../Engine/Content/EngineMaterials/Substrate/Glints2/dict_0006_0087.uasset" 8112
"../../../Engine/Content/EngineMaterials/Substrate/Glints2/dict_0006_0079.uasset" 8113
"/Engine/EngineMaterials/Substrate/Glints2/dict_0006_0081" 8114
"/Engine/EngineMaterials/Substrate/Glints2/dict_0006_0085" 8115
"/Engine/EngineMaterials/Substrate/Glints2/dict_0006_0087" 8116
"/Engine/EngineMaterials/Substrate/Glints2/dict_0006_0091" 8117
"/Engine/EngineMaterials/Substrate/Glints2/dict_0006_0092" 8118
"/Engine/EngineMaterials/Substrate/Glints2/dict_0006_0096" 8119
"/Engine/EngineMaterials/Substrate/Glints2/dict_0006_0079" 8120
"../../../Engine/Content/EngineMaterials/Substrate/Glints2/dict_0006_0060.uasset" 8121
"../../../Engine/Content/EngineMaterials/Substrate/Glints2/dict_0006_0055.uasset" 8122
"/Engine/EngineMaterials/Substrate/Glints2/dict_0006_0055" 8123
"../../../Engine/Content/EngineMaterials/Substrate/Glints2/dict_0006_0061.uasset" 8124
"/Engine/EngineMaterials/Substrate/Glints2/dict_0006_0060" 8125
"/Engine/EngineMaterials/Substrate/Glints2/dict_0006_0061" 8126
"../../../Engine/Content/EngineMaterials/Substrate/Glints2/dict_0006_0053.uasset" 8127
"/Engine/EngineMaterials/Substrate/Glints2/dict_0006_0053" 8128
"../../../Engine/Content/EngineMaterials/Substrate/Glints2/dict_0006_0057.uasset" 8129
"../../../Engine/Content/EngineMaterials/Substrate/Glints2/dict_0006_0056.uasset" 8130
"../../../Engine/Content/EngineMaterials/Substrate/Glints2/dict_0006_0062.uasset" 8131
"../../../Engine/Content/EngineMaterials/Substrate/Glints2/dict_0006_0045.uasset" 8132
"../../../Engine/Content/EngineMaterials/Substrate/Glints2/dict_0006_0052.uasset" 8133
"../../../Engine/Content/EngineMaterials/Substrate/Glints2/dict_0006_0047.uasset" 8134
"../../../Engine/Content/EngineMaterials/Substrate/Glints2/dict_0006_0067.uasset" 8135
"../../../Engine/Content/EngineMaterials/Substrate/Glints2/dict_0006_0049.uasset" 8136
"../../../Engine/Content/EngineMaterials/Substrate/Glints2/dict_0006_0066.uasset" 8137
"../../../Engine/Content/EngineMaterials/Substrate/Glints2/dict_0006_0059.uasset" 8138
"../../../Engine/Content/EngineMaterials/Substrate/Glints2/dict_0006_0063.uasset" 8139
"../../../Engine/Content/EngineMaterials/Substrate/Glints2/dict_0006_0065.uasset" 8140
"../../../Engine/Content/EngineMaterials/Substrate/Glints2/dict_0006_0046.uasset" 8141
"../../../Engine/Content/EngineMaterials/Substrate/Glints2/dict_0006_0064.uasset" 8142
"../../../Engine/Content/EngineMaterials/Substrate/Glints2/dict_0006_0038.uasset" 8143
"../../../Engine/Content/EngineMaterials/Substrate/Glints2/dict_0006_0058.uasset" 8144
"../../../Engine/Content/EngineMaterials/Substrate/Glints2/dict_0006_0054.uasset" 8145
"../../../Engine/Content/EngineMaterials/Substrate/Glints2/dict_0006_0051.uasset" 8146
"../../../Engine/Content/EngineMaterials/Substrate/Glints2/dict_0006_0035.uasset" 8147
"../../../Engine/Content/EngineMaterials/Substrate/Glints2/dict_0006_0039.uasset" 8148
"../../../Engine/Content/EngineMaterials/Substrate/Glints2/dict_0006_0042.uasset" 8149
"../../../Engine/Content/EngineMaterials/Substrate/Glints2/dict_0006_0048.uasset" 8150
"../../../Engine/Content/EngineMaterials/Substrate/Glints2/dict_0006_0040.uasset" 8151
"../../../Engine/Content/EngineMaterials/Substrate/Glints2/dict_0006_0037.uasset" 8152
"/Engine/EngineMaterials/Substrate/Glints2/dict_0006_0054" 8153
"../../../Engine/Content/EngineMaterials/Substrate/Glints2/dict_0006_0036.uasset" 8154
"../../../Engine/Content/EngineMaterials/Substrate/Glints2/dict_0006_0033.uasset" 8155
"/Engine/EngineMaterials/Substrate/Glints2/dict_0006_0045" 8156
"../../../Engine/Content/EngineMaterials/Substrate/Glints2/dict_0006_0032.uasset" 8157
"/Engine/EngineMaterials/Substrate/Glints2/dict_0006_0046" 8158
"/Engine/EngineMaterials/Substrate/Glints2/dict_0006_0047" 8159
"../../../Engine/Content/EngineMaterials/Substrate/Glints2/dict_0006_0050.uasset" 8160
"../../../Engine/Content/EngineMaterials/Substrate/Glints2/dict_0006_0044.uasset" 8161
"/Engine/EngineMaterials/Substrate/Glints2/dict_0006_0056" 8162
"/Engine/EngineMaterials/Substrate/Glints2/dict_0006_0057" 8163
"/Engine/EngineMaterials/Substrate/Glints2/dict_0006_0048" 8164
"../../../Engine/Content/EngineMaterials/Substrate/Glints2/dict_0006_0034.uasset" 8165
"/Engine/EngineMaterials/Substrate/Glints2/dict_0006_0058" 8166
"/Engine/EngineMaterials/Substrate/Glints2/dict_0006_0059" 8167
"../../../Engine/Content/EngineMaterials/Substrate/Glints2/dict_0006_0041.uasset" 8168
"/Engine/EngineMaterials/Substrate/Glints2/dict_0006_0038" 8169
"/Engine/EngineMaterials/Substrate/Glints2/dict_0006_0035" 8170
"/Engine/EngineMaterials/Substrate/Glints2/dict_0006_0049" 8171
"/Engine/EngineMaterials/Substrate/Glints2/dict_0006_0062" 8172
"/Engine/EngineMaterials/Substrate/Glints2/dict_0006_0063" 8173
"/Engine/EngineMaterials/Substrate/Glints2/dict_0006_0039" 8174
"/Engine/EngineMaterials/Substrate/Glints2/dict_0006_0040" 8175
"/Engine/EngineMaterials/Substrate/Glints2/dict_0006_0064" 8176
"/Engine/EngineMaterials/Substrate/Glints2/dict_0006_0051" 8177
"/Engine/EngineMaterials/Substrate/Glints2/dict_0006_0065" 8178
"../../../Engine/Content/EngineMaterials/Substrate/Glints2/dict_0006_0043.uasset" 8179
"/Engine/EngineMaterials/Substrate/Glints2/dict_0006_0052" 8180
"/Engine/EngineMaterials/Substrate/Glints2/dict_0006_0066" 8181
"/Engine/EngineMaterials/Substrate/Glints2/dict_0006_0042" 8182
"/Engine/EngineMaterials/Substrate/Glints2/dict_0006_0067" 8183
"/Engine/EngineMaterials/Substrate/Glints2/dict_0006_0036" 8184
"/Engine/EngineMaterials/Substrate/Glints2/dict_0006_0043" 8185
"/Engine/EngineMaterials/Substrate/Glints2/dict_0006_0034" 8186
"/Engine/EngineMaterials/Substrate/Glints2/dict_0006_0037" 8187
"/Engine/EngineMaterials/Substrate/Glints2/dict_0006_0050" 8188
"/Engine/EngineMaterials/Substrate/Glints2/dict_0006_0033" 8189
"/Engine/EngineMaterials/Substrate/Glints2/dict_0006_0044" 8190
"/Engine/EngineMaterials/Substrate/Glints2/dict_0006_0032" 8191
"/Engine/EngineMaterials/Substrate/Glints2/dict_0006_0041" 8192
"../../../Engine/Content/EngineMaterials/Substrate/Glints2/dict_0006_0009.uasset" 8193
"../../../Engine/Content/EngineMaterials/Substrate/Glints2/dict_0006_0020.uasset" 8194
"../../../Engine/Content/EngineMaterials/Substrate/Glints2/dict_0006_0012.uasset" 8195
"../../../Engine/Content/EngineMaterials/Substrate/Glints2/dict_0006_0010.uasset" 8196
"../../../Engine/Content/EngineMaterials/Substrate/Glints2/dict_0006_0026.uasset" 8197
"../../../Engine/Content/EngineMaterials/Substrate/Glints2/dict_0006_0027.uasset" 8198
"../../../Engine/Content/EngineMaterials/Substrate/Glints2/dict_0006_0023.uasset" 8199
"../../../Engine/Content/EngineMaterials/Substrate/Glints2/dict_0006_0031.uasset" 8200
"../../../Engine/Content/EngineMaterials/Substrate/Glints2/dict_0006_0028.uasset" 8201
"../../../Engine/Content/EngineMaterials/Substrate/Glints2/dict_0006_0005.uasset" 8202
"../../../Engine/Content/EngineMaterials/Substrate/Glints2/dict_0006_0024.uasset" 8203
"/Engine/EngineMaterials/Substrate/Glints2/dict_0006_0009" 8204
"../../../Engine/Content/EngineMaterials/Substrate/Glints2/dict_0006_0003.uasset" 8205
"../../../Engine/Content/EngineMaterials/Substrate/Glints2/dict_0006_0004.uasset" 8206
"/Engine/EngineMaterials/Substrate/Glints2/dict_0006_0010" 8207
"../../../Engine/Content/EngineMaterials/Substrate/Glints2/dict_0006_0000.uasset" 8208
"../../../Engine/Content/EngineMaterials/Substrate/Glints2/dict_0006_0011.uasset" 8209
"/Engine/EngineMaterials/Substrate/Glints2/dict_0006_0012" 8210
"/Engine/EngineMaterials/Substrate/Glints2/dict_0006_0020" 8211
"/Engine/EngineMaterials/Substrate/Glints2/dict_0006_0005" 8212
"../../../Engine/Content/EngineMaterials/Substrate/Glints2/dict_0006_0001.uasset" 8213
"../../../Engine/Content/EngineMaterials/Substrate/Glints2/dict_0006_0025.uasset" 8214
"/Engine/EngineMaterials/Substrate/Glints2/dict_0006_0023" 8215
"/Engine/EngineMaterials/Substrate/Glints2/dict_0006_0024" 8216
"/Engine/EngineMaterials/Substrate/Glints2/dict_0006_0026" 8217
"../../../Engine/Content/EngineMaterials/Substrate/Glints2/dict_0006_0014.uasset" 8218
"../../../Engine/Content/EngineMaterials/Substrate/Glints2/dict_0006_0008.uasset" 8219
"../../../Engine/Content/EngineMaterials/Substrate/Glints2/dict_0006_0017.uasset" 8220
"../../../Engine/Content/EngineMaterials/Substrate/Glints2/dict_0006_0007.uasset" 8221
"/Engine/EngineMaterials/Substrate/Glints2/dict_0006_0027" 8222
"/Engine/EngineMaterials/Substrate/Glints2/dict_0006_0028" 8223
"../../../Engine/Content/EngineMaterials/Substrate/Glints2/dict_0006_0018.uasset" 8224
"/Engine/EngineMaterials/Substrate/Glints2/dict_0006_0031" 8225
"../../../Engine/Content/EngineMaterials/Substrate/Glints2/dict_0006_0006.uasset" 8226
"../../../Engine/Content/EngineMaterials/Substrate/Glints2/dict_0006_0029.uasset" 8227
"../../../Engine/Content/EngineMaterials/Substrate/Glints2/dict_0006_0013.uasset" 8228
"/Engine/EngineMaterials/Substrate/Glints2/dict_0006_0011" 8229
"../../../Engine/Content/EngineMaterials/Substrate/Glints2/dict_0006_0019.uasset" 8230
"/Engine/EngineMaterials/Substrate/Glints2/dict_0006_0000" 8231
"../../../Engine/Content/EngineMaterials/Substrate/Glints2/dict_0006_0015.uasset" 8232
"/Engine/EngineMaterials/Substrate/Glints2/dict_0006_0001" 8233
"../../../Engine/Content/EngineMaterials/Substrate/Glints2/dict_0006_0016.uasset" 8234
"../../../Engine/Content/EngineMaterials/Substrate/Glints2/dict_0006_0030.uasset" 8235
"../../../Engine/Content/EngineMaterials/Substrate/Glints2/dict_0006_0022.uasset" 8236
"/Engine/EngineMaterials/Substrate/Glints2/dict_0006_0013" 8237
"/Engine/EngineMaterials/Substrate/Glints2/dict_0006_0003" 8238
"/Engine/EngineMaterials/Substrate/Glints2/dict_0006_0014" 8239
"../../../Engine/Content/EngineMaterials/Substrate/Glints2/dict_0006_0021.uasset" 8240
"/Engine/EngineMaterials/Substrate/Glints2/dict_0006_0017" 8241
"/Engine/EngineMaterials/Substrate/Glints2/dict_0006_0018" 8242
"/Engine/EngineMaterials/Substrate/Glints2/dict_0006_0004" 8243
"/Engine/EngineMaterials/Substrate/Glints2/dict_0006_0025" 8244
"/Engine/EngineMaterials/Substrate/Glints2/dict_0006_0006" 8245
"../../../Engine/Content/EngineMaterials/Substrate/Glints2/dict_0006_0002.uasset" 8246
"/Engine/EngineMaterials/Substrate/Glints2/dict_0006_0007" 8247
"/Engine/EngineMaterials/Substrate/Glints2/dict_0006_0008" 8248
"/Engine/EngineMaterials/Substrate/Glints2/dict_0006_0029" 8249
"/Engine/EngineMaterials/Substrate/Glints2/dict_0006_0002" 8250
"/Engine/EngineMaterials/Substrate/Glints2/dict_0006_0015" 8251
"/Engine/EngineMaterials/Substrate/Glints2/dict_0006_0016" 8252
"/Engine/EngineMaterials/Substrate/Glints2/dict_0006_0019" 8253
"/Engine/EngineMaterials/Substrate/Glints2/dict_0006_0021" 8254
"/Engine/EngineMaterials/Substrate/Glints2/dict_0006_0022" 8255
"/Engine/EngineMaterials/Substrate/Glints2/dict_0006_0030" 8256
"../../../Engine/Content/EngineMaterials/Substrate/Glints2/dict_0005_0230.uasset" 8257
"../../../Engine/Content/EngineMaterials/Substrate/Glints2/dict_0005_0255.uasset" 8258
"../../../Engine/Content/EngineMaterials/Substrate/Glints2/dict_0005_0241.uasset" 8259
"../../../Engine/Content/EngineMaterials/Substrate/Glints2/dict_0005_0251.uasset" 8260
"../../../Engine/Content/EngineMaterials/Substrate/Glints2/dict_0005_0250.uasset" 8261
"../../../Engine/Content/EngineMaterials/Substrate/Glints2/dict_0005_0242.uasset" 8262
"../../../Engine/Content/EngineMaterials/Substrate/Glints2/dict_0005_0228.uasset" 8263
"../../../Engine/Content/EngineMaterials/Substrate/Glints2/dict_0005_0237.uasset" 8264
"../../../Engine/Content/EngineMaterials/Substrate/Glints2/dict_0005_0244.uasset" 8265
"../../../Engine/Content/EngineMaterials/Substrate/Glints2/dict_0005_0239.uasset" 8266
"../../../Engine/Content/EngineMaterials/Substrate/Glints2/dict_0005_0229.uasset" 8267
"../../../Engine/Content/EngineMaterials/Substrate/Glints2/dict_0005_0225.uasset" 8268
"../../../Engine/Content/EngineMaterials/Substrate/Glints2/dict_0005_0236.uasset" 8269
"../../../Engine/Content/EngineMaterials/Substrate/Glints2/dict_0005_0227.uasset" 8270
"../../../Engine/Content/EngineMaterials/Substrate/Glints2/dict_0005_0233.uasset" 8271
"../../../Engine/Content/EngineMaterials/Substrate/Glints2/dict_0005_0231.uasset" 8272
"../../../Engine/Content/EngineMaterials/Substrate/Glints2/dict_0005_0243.uasset" 8273
"../../../Engine/Content/EngineMaterials/Substrate/Glints2/dict_0005_0240.uasset" 8274
"../../../Engine/Content/EngineMaterials/Substrate/Glints2/dict_0005_0254.uasset" 8275
"../../../Engine/Content/EngineMaterials/Substrate/Glints2/dict_0005_0234.uasset" 8276
"../../../Engine/Content/EngineMaterials/Substrate/Glints2/dict_0005_0226.uasset" 8277
"../../../Engine/Content/EngineMaterials/Substrate/Glints2/dict_0005_0232.uasset" 8278
"../../../Engine/Content/EngineMaterials/Substrate/Glints2/dict_0005_0235.uasset" 8279
"../../../Engine/Content/EngineMaterials/Substrate/Glints2/dict_0005_0249.uasset" 8280
"../../../Engine/Content/EngineMaterials/Substrate/Glints2/dict_0005_0253.uasset" 8281
"../../../Engine/Content/EngineMaterials/Substrate/Glints2/dict_0005_0245.uasset" 8282
"../../../Engine/Content/EngineMaterials/Substrate/Glints2/dict_0005_0224.uasset" 8283
"../../../Engine/Content/EngineMaterials/Substrate/Glints2/dict_0005_0247.uasset" 8284
"../../../Engine/Content/EngineMaterials/Substrate/Glints2/dict_0005_0252.uasset" 8285
"../../../Engine/Content/EngineMaterials/Substrate/Glints2/dict_0005_0246.uasset" 8286
"../../../Engine/Content/EngineMaterials/Substrate/Glints2/dict_0005_0238.uasset" 8287
"../../../Engine/Content/EngineMaterials/Substrate/Glints2/dict_0005_0248.uasset" 8288
"/Engine/EngineMaterials/Substrate/Glints2/dict_0005_0245" 8289
"/Engine/EngineMaterials/Substrate/Glints2/dict_0005_0246" 8290
"/Engine/EngineMaterials/Substrate/Glints2/dict_0005_0231" 8291
"/Engine/EngineMaterials/Substrate/Glints2/dict_0005_0232" 8292
"/Engine/EngineMaterials/Substrate/Glints2/dict_0005_0247" 8293
"/Engine/EngineMaterials/Substrate/Glints2/dict_0005_0233" 8294
"/Engine/EngineMaterials/Substrate/Glints2/dict_0005_0224" 8295
"/Engine/EngineMaterials/Substrate/Glints2/dict_0005_0234" 8296
"/Engine/EngineMaterials/Substrate/Glints2/dict_0005_0235" 8297
"/Engine/EngineMaterials/Substrate/Glints2/dict_0005_0236" 8298
"/Engine/EngineMaterials/Substrate/Glints2/dict_0005_0225" 8299
"/Engine/EngineMaterials/Substrate/Glints2/dict_0005_0226" 8300
"/Engine/EngineMaterials/Substrate/Glints2/dict_0005_0237" 8301
"/Engine/EngineMaterials/Substrate/Glints2/dict_0005_0238" 8302
"/Engine/EngineMaterials/Substrate/Glints2/dict_0005_0227" 8303
"/Engine/EngineMaterials/Substrate/Glints2/dict_0005_0248" 8304
"/Engine/EngineMaterials/Substrate/Glints2/dict_0005_0239" 8305
"/Engine/EngineMaterials/Substrate/Glints2/dict_0005_0249" 8306
"/Engine/EngineMaterials/Substrate/Glints2/dict_0005_0228" 8307
"/Engine/EngineMaterials/Substrate/Glints2/dict_0005_0229" 8308
"/Engine/EngineMaterials/Substrate/Glints2/dict_0005_0250" 8309
"/Engine/EngineMaterials/Substrate/Glints2/dict_0005_0251" 8310
"/Engine/EngineMaterials/Substrate/Glints2/dict_0005_0240" 8311
"/Engine/EngineMaterials/Substrate/Glints2/dict_0005_0252" 8312
"/Engine/EngineMaterials/Substrate/Glints2/dict_0005_0253" 8313
"/Engine/EngineMaterials/Substrate/Glints2/dict_0005_0254" 8314
"/Engine/EngineMaterials/Substrate/Glints2/dict_0005_0241" 8315
"/Engine/EngineMaterials/Substrate/Glints2/dict_0005_0242" 8316
"/Engine/EngineMaterials/Substrate/Glints2/dict_0005_0243" 8317
"/Engine/EngineMaterials/Substrate/Glints2/dict_0005_0244" 8318
"/Engine/EngineMaterials/Substrate/Glints2/dict_0005_0230" 8319
"/Engine/EngineMaterials/Substrate/Glints2/dict_0005_0255" 8320
"../../../Engine/Content/EngineMaterials/Substrate/Glints2/dict_0005_0216.uasset" 8321
"../../../Engine/Content/EngineMaterials/Substrate/Glints2/dict_0005_0197.uasset" 8322
"../../../Engine/Content/EngineMaterials/Substrate/Glints2/dict_0005_0194.uasset" 8323
"../../../Engine/Content/EngineMaterials/Substrate/Glints2/dict_0005_0196.uasset" 8324
"../../../Engine/Content/EngineMaterials/Substrate/Glints2/dict_0005_0199.uasset" 8325
"../../../Engine/Content/EngineMaterials/Substrate/Glints2/dict_0005_0202.uasset" 8326
"../../../Engine/Content/EngineMaterials/Substrate/Glints2/dict_0005_0203.uasset" 8327
"../../../Engine/Content/EngineMaterials/Substrate/Glints2/dict_0005_0205.uasset" 8328
"../../../Engine/Content/EngineMaterials/Substrate/Glints2/dict_0005_0208.uasset" 8329
"../../../Engine/Content/EngineMaterials/Substrate/Glints2/dict_0005_0200.uasset" 8330
"../../../Engine/Content/EngineMaterials/Substrate/Glints2/dict_0005_0192.uasset" 8331
"/Engine/EngineMaterials/Substrate/Glints2/dict_0005_0194" 8332
"../../../Engine/Content/EngineMaterials/Substrate/Glints2/dict_0005_0193.uasset" 8333
"../../../Engine/Content/EngineMaterials/Substrate/Glints2/dict_0005_0207.uasset" 8334
"/Engine/EngineMaterials/Substrate/Glints2/dict_0005_0196" 8335
"../../../Engine/Content/EngineMaterials/Substrate/Glints2/dict_0005_0201.uasset" 8336
"/Engine/EngineMaterials/Substrate/Glints2/dict_0005_0197" 8337
"../../../Engine/Content/EngineMaterials/Substrate/Glints2/dict_0005_0222.uasset" 8338
"/Engine/EngineMaterials/Substrate/Glints2/dict_0005_0199" 8339
"/Engine/EngineMaterials/Substrate/Glints2/dict_0005_0200" 8340
"../../../Engine/Content/EngineMaterials/Substrate/Glints2/dict_0005_0221.uasset" 8341
"/Engine/EngineMaterials/Substrate/Glints2/dict_0005_0202" 8342
"/Engine/EngineMaterials/Substrate/Glints2/dict_0005_0203" 8343
"../../../Engine/Content/EngineMaterials/Substrate/Glints2/dict_0005_0206.uasset" 8344
"/Engine/EngineMaterials/Substrate/Glints2/dict_0005_0205" 8345
"/Engine/EngineMaterials/Substrate/Glints2/dict_0005_0208" 8346
"/Engine/EngineMaterials/Substrate/Glints2/dict_0005_0216" 8347
"/Engine/EngineMaterials/Substrate/Glints2/dict_0005_0192" 8348
"../../../Engine/Content/EngineMaterials/Substrate/Glints2/dict_0005_0214.uasset" 8349
"../../../Engine/Content/EngineMaterials/Substrate/Glints2/dict_0005_0219.uasset" 8350
"/Engine/EngineMaterials/Substrate/Glints2/dict_0005_0193" 8351
"../../../Engine/Content/EngineMaterials/Substrate/Glints2/dict_0005_0209.uasset" 8352
"../../../Engine/Content/EngineMaterials/Substrate/Glints2/dict_0005_0204.uasset" 8353
"/Engine/EngineMaterials/Substrate/Glints2/dict_0005_0201" 8354
"../../../Engine/Content/EngineMaterials/Substrate/Glints2/dict_0005_0211.uasset" 8355
"../../../Engine/Content/EngineMaterials/Substrate/Glints2/dict_0005_0212.uasset" 8356
"/Engine/EngineMaterials/Substrate/Glints2/dict_0005_0206" 8357
"../../../Engine/Content/EngineMaterials/Substrate/Glints2/dict_0005_0218.uasset" 8358
"/Engine/EngineMaterials/Substrate/Glints2/dict_0005_0207" 8359
"/Engine/EngineMaterials/Substrate/Glints2/dict_0005_0221" 8360
"/Engine/EngineMaterials/Substrate/Glints2/dict_0005_0222" 8361
"/Engine/EngineMaterials/Substrate/Glints2/dict_0005_0204" 8362
"/Engine/EngineMaterials/Substrate/Glints2/dict_0005_0209" 8363
"/Engine/EngineMaterials/Substrate/Glints2/dict_0005_0211" 8364
"/Engine/EngineMaterials/Substrate/Glints2/dict_0005_0212" 8365
"/Engine/EngineMaterials/Substrate/Glints2/dict_0005_0214" 8366
"/Engine/EngineMaterials/Substrate/Glints2/dict_0005_0218" 8367
"../../../Engine/Content/EngineMaterials/Substrate/Glints2/dict_0005_0217.uasset" 8368
"/Engine/EngineMaterials/Substrate/Glints2/dict_0005_0219" 8369
"../../../Engine/Content/EngineMaterials/Substrate/Glints2/dict_0005_0220.uasset" 8370
"../../../Engine/Content/EngineMaterials/Substrate/Glints2/dict_0005_0213.uasset" 8371
"../../../Engine/Content/EngineMaterials/Substrate/Glints2/dict_0005_0210.uasset" 8372
"/Engine/EngineMaterials/Substrate/Glints2/dict_0005_0210" 8373
"../../../Engine/Content/EngineMaterials/Substrate/Glints2/dict_0005_0215.uasset" 8374
"../../../Engine/Content/EngineMaterials/Substrate/Glints2/dict_0005_0198.uasset" 8375
"/Engine/EngineMaterials/Substrate/Glints2/dict_0005_0213" 8376
"../../../Engine/Content/EngineMaterials/Substrate/Glints2/dict_0005_0223.uasset" 8377
"../../../Engine/Content/EngineMaterials/Substrate/Glints2/dict_0005_0195.uasset" 8378
"/Engine/EngineMaterials/Substrate/Glints2/dict_0005_0217" 8379
"../../../Engine/Content/EngineMaterials/Substrate/Glints2/dict_0005_0185.uasset" 8380
"/Engine/EngineMaterials/Substrate/Glints2/dict_0005_0220" 8381
"/Engine/EngineMaterials/Substrate/Glints2/dict_0005_0195" 8382
"/Engine/EngineMaterials/Substrate/Glints2/dict_0005_0198" 8383
"/Engine/EngineMaterials/Substrate/Glints2/dict_0005_0185" 8384
"/Engine/EngineMaterials/Substrate/Glints2/dict_0005_0215" 8385
"../../../Engine/Content/EngineMaterials/Substrate/Glints2/dict_0005_0189.uasset" 8386
"/Engine/EngineMaterials/Substrate/Glints2/dict_0005_0223" 8387
"../../../Engine/Content/EngineMaterials/Substrate/Glints2/dict_0005_0190.uasset" 8388
"../../../Engine/Content/EngineMaterials/Substrate/Glints2/dict_0005_0187.uasset" 8389
"/Engine/EngineMaterials/Substrate/Glints2/dict_0005_0187" 8390
"/Engine/EngineMaterials/Substrate/Glints2/dict_0005_0189" 8391
"/Engine/EngineMaterials/Substrate/Glints2/dict_0005_0190" 8392
"../../../Engine/Content/EngineMaterials/Substrate/Glints2/dict_0005_0188.uasset" 8393
"../../../Engine/Content/EngineMaterials/Substrate/Glints2/dict_0005_0170.uasset" 8394
"../../../Engine/Content/EngineMaterials/Substrate/Glints2/dict_0005_0169.uasset" 8395
"../../../Engine/Content/EngineMaterials/Substrate/Glints2/dict_0005_0191.uasset" 8396
"../../../Engine/Content/EngineMaterials/Substrate/Glints2/dict_0005_0186.uasset" 8397
"../../../Engine/Content/EngineMaterials/Substrate/Glints2/dict_0005_0184.uasset" 8398
"../../../Engine/Content/EngineMaterials/Substrate/Glints2/dict_0005_0173.uasset" 8399
"../../../Engine/Content/EngineMaterials/Substrate/Glints2/dict_0005_0178.uasset" 8400
"../../../Engine/Content/EngineMaterials/Substrate/Glints2/dict_0005_0176.uasset" 8401
"../../../Engine/Content/EngineMaterials/Substrate/Glints2/dict_0005_0180.uasset" 8402
"../../../Engine/Content/EngineMaterials/Substrate/Glints2/dict_0005_0168.uasset" 8403
"../../../Engine/Content/EngineMaterials/Substrate/Glints2/dict_0005_0174.uasset" 8404
"../../../Engine/Content/EngineMaterials/Substrate/Glints2/dict_0005_0165.uasset" 8405
"../../../Engine/Content/EngineMaterials/Substrate/Glints2/dict_0005_0163.uasset" 8406
"/Engine/EngineMaterials/Substrate/Glints2/dict_0005_0176" 8407
"/Engine/EngineMaterials/Substrate/Glints2/dict_0005_0184" 8408
"/Engine/EngineMaterials/Substrate/Glints2/dict_0005_0186" 8409
"/Engine/EngineMaterials/Substrate/Glints2/dict_0005_0188" 8410
"/Engine/EngineMaterials/Substrate/Glints2/dict_0005_0168" 8411
"/Engine/EngineMaterials/Substrate/Glints2/dict_0005_0178" 8412
"../../../Engine/Content/EngineMaterials/Substrate/Glints2/dict_0005_0183.uasset" 8413
"/Engine/EngineMaterials/Substrate/Glints2/dict_0005_0169" 8414
"/Engine/EngineMaterials/Substrate/Glints2/dict_0005_0170" 8415
"../../../Engine/Content/EngineMaterials/Substrate/Glints2/dict_0005_0160.uasset" 8416
"/Engine/EngineMaterials/Substrate/Glints2/dict_0005_0165" 8417
"../../../Engine/Content/EngineMaterials/Substrate/Glints2/dict_0005_0172.uasset" 8418
"../../../Engine/Content/EngineMaterials/Substrate/Glints2/dict_0005_0157.uasset" 8419
"/Engine/EngineMaterials/Substrate/Glints2/dict_0005_0191" 8420
"/Engine/EngineMaterials/Substrate/Glints2/dict_0005_0173" 8421
"../../../Engine/Content/EngineMaterials/Substrate/Glints2/dict_0005_0156.uasset" 8422
"../../../Engine/Content/EngineMaterials/Substrate/Glints2/dict_0005_0177.uasset" 8423
"/Engine/EngineMaterials/Substrate/Glints2/dict_0005_0174" 8424
"../../../Engine/Content/EngineMaterials/Substrate/Glints2/dict_0005_0162.uasset" 8425
"../../../Engine/Content/EngineMaterials/Substrate/Glints2/dict_0005_0166.uasset" 8426
"../../../Engine/Content/EngineMaterials/Substrate/Glints2/dict_0005_0164.uasset" 8427
"/Engine/EngineMaterials/Substrate/Glints2/dict_0005_0180" 8428
"../../../Engine/Content/EngineMaterials/Substrate/Glints2/dict_0005_0161.uasset" 8429
"../../../Engine/Content/EngineMaterials/Substrate/Glints2/dict_0005_0167.uasset" 8430
"/Engine/EngineMaterials/Substrate/Glints2/dict_0005_0183" 8431
"/Engine/EngineMaterials/Substrate/Glints2/dict_0005_0160" 8432
"/Engine/EngineMaterials/Substrate/Glints2/dict_0005_0161" 8433
"/Engine/EngineMaterials/Substrate/Glints2/dict_0005_0177" 8434
"/Engine/EngineMaterials/Substrate/Glints2/dict_0005_0156" 8435
"/Engine/EngineMaterials/Substrate/Glints2/dict_0005_0157" 8436
"/Engine/EngineMaterials/Substrate/Glints2/dict_0005_0164" 8437
"/Engine/EngineMaterials/Substrate/Glints2/dict_0005_0172" 8438
"/Engine/EngineMaterials/Substrate/Glints2/dict_0005_0162" 8439
"/Engine/EngineMaterials/Substrate/Glints2/dict_0005_0166" 8440
"/Engine/EngineMaterials/Substrate/Glints2/dict_0005_0167" 8441
"/Engine/EngineMaterials/Substrate/Glints2/dict_0005_0163" 8442
"../../../Engine/Content/EngineMaterials/Substrate/Glints2/dict_0005_0159.uasset" 8443
"../../../Engine/Content/EngineMaterials/Substrate/Glints2/dict_0005_0181.uasset" 8444
"../../../Engine/Content/EngineMaterials/Substrate/Glints2/dict_0005_0182.uasset" 8445
"../../../Engine/Content/EngineMaterials/Substrate/Glints2/dict_0005_0171.uasset" 8446
"../../../Engine/Content/EngineMaterials/Substrate/Glints2/dict_0005_0175.uasset" 8447
"../../../Engine/Content/EngineMaterials/Substrate/Glints2/dict_0005_0158.uasset" 8448
"/Engine/EngineMaterials/Substrate/Glints2/dict_0005_0175" 8449
"/Engine/EngineMaterials/Substrate/Glints2/dict_0005_0182" 8450
"/Engine/EngineMaterials/Substrate/Glints2/dict_0005_0159" 8451
"../../../Engine/Content/EngineMaterials/Substrate/Glints2/dict_0005_0179.uasset" 8452
"/Engine/EngineMaterials/Substrate/Glints2/dict_0005_0158" 8453
"/Engine/EngineMaterials/Substrate/Glints2/dict_0005_0171" 8454
"../../../Engine/Content/EngineMaterials/Substrate/Glints2/dict_0005_0137.uasset" 8455
"../../../Engine/Content/EngineMaterials/Substrate/Glints2/dict_0005_0139.uasset" 8456
"../../../Engine/Content/EngineMaterials/Substrate/Glints2/dict_0005_0134.uasset" 8457
"../../../Engine/Content/EngineMaterials/Substrate/Glints2/dict_0005_0135.uasset" 8458
"/Engine/EngineMaterials/Substrate/Glints2/dict_0005_0181" 8459
"/Engine/EngineMaterials/Substrate/Glints2/dict_0005_0134" 8460
"../../../Engine/Content/EngineMaterials/Substrate/Glints2/dict_0005_0144.uasset" 8461
"../../../Engine/Content/EngineMaterials/Substrate/Glints2/dict_0005_0145.uasset" 8462
"../../../Engine/Content/EngineMaterials/Substrate/Glints2/dict_0005_0142.uasset" 8463
"/Engine/EngineMaterials/Substrate/Glints2/dict_0005_0135" 8464
"/Engine/EngineMaterials/Substrate/Glints2/dict_0005_0179" 8465
"../../../Engine/Content/EngineMaterials/Substrate/Glints2/dict_0005_0148.uasset" 8466
"/Engine/EngineMaterials/Substrate/Glints2/dict_0005_0137" 8467
"../../../Engine/Content/EngineMaterials/Substrate/Glints2/dict_0005_0140.uasset" 8468
"../../../Engine/Content/EngineMaterials/Substrate/Glints2/dict_0005_0147.uasset" 8469
"/Engine/EngineMaterials/Substrate/Glints2/dict_0005_0139" 8470
"/Engine/EngineMaterials/Substrate/Glints2/dict_0005_0144" 8471
"/Engine/EngineMaterials/Substrate/Glints2/dict_0005_0145" 8472
"../../../Engine/Content/EngineMaterials/Substrate/Glints2/dict_0005_0136.uasset" 8473
"/Engine/EngineMaterials/Substrate/Glints2/dict_0005_0147" 8474
"/Engine/EngineMaterials/Substrate/Glints2/dict_0005_0148" 8475
"/Engine/EngineMaterials/Substrate/Glints2/dict_0005_0140" 8476
"/Engine/EngineMaterials/Substrate/Glints2/dict_0005_0142" 8477
"/Engine/EngineMaterials/Substrate/Glints2/dict_0005_0136" 8478
"../../../Engine/Content/EngineMaterials/Substrate/Glints2/dict_0005_0155.uasset" 8479
"../../../Engine/Content/EngineMaterials/Substrate/Glints2/dict_0005_0143.uasset" 8480
"../../../Engine/Content/EngineMaterials/Substrate/Glints2/dict_0005_0131.uasset" 8481
"../../../Engine/Content/EngineMaterials/Substrate/Glints2/dict_0005_0138.uasset" 8482
"../../../Engine/Content/EngineMaterials/Substrate/Glints2/dict_0005_0149.uasset" 8483
"../../../Engine/Content/EngineMaterials/Substrate/Glints2/dict_0005_0152.uasset" 8484
"../../../Engine/Content/EngineMaterials/Substrate/Glints2/dict_0005_0153.uasset" 8485
"../../../Engine/Content/EngineMaterials/Substrate/Glints2/dict_0005_0151.uasset" 8486
"../../../Engine/Content/EngineMaterials/Substrate/Glints2/dict_0005_0150.uasset" 8487
"../../../Engine/Content/EngineMaterials/Substrate/Glints2/dict_0005_0141.uasset" 8488
"../../../Engine/Content/EngineMaterials/Substrate/Glints2/dict_0005_0154.uasset" 8489
"../../../Engine/Content/EngineMaterials/Substrate/Glints2/dict_0005_0126.uasset" 8490
"../../../Engine/Content/EngineMaterials/Substrate/Glints2/dict_0005_0130.uasset" 8491
"../../../Engine/Content/EngineMaterials/Substrate/Glints2/dict_0005_0128.uasset" 8492
"../../../Engine/Content/EngineMaterials/Substrate/Glints2/dict_0005_0127.uasset" 8493
"../../../Engine/Content/EngineMaterials/Substrate/Glints2/dict_0005_0146.uasset" 8494
"../../../Engine/Content/EngineMaterials/Substrate/Glints2/dict_0005_0132.uasset" 8495
"../../../Engine/Content/EngineMaterials/Substrate/Glints2/dict_0005_0119.uasset" 8496
"../../../Engine/Content/EngineMaterials/Substrate/Glints2/dict_0005_0115.uasset" 8497
"/Engine/EngineMaterials/Substrate/Glints2/dict_0005_0143" 8498
"../../../Engine/Content/EngineMaterials/Substrate/Glints2/dict_0005_0120.uasset" 8499
"../../../Engine/Content/EngineMaterials/Substrate/Glints2/dict_0005_0125.uasset" 8500
"../../../Engine/Content/EngineMaterials/Substrate/Glints2/dict_0005_0114.uasset" 8501
"/Engine/EngineMaterials/Substrate/Glints2/dict_0005_0126" 8502
"../../../Engine/Content/EngineMaterials/Substrate/Glints2/dict_0005_0118.uasset" 8503
"../../../Engine/Content/EngineMaterials/Substrate/Glints2/dict_0005_0113.uasset" 8504
"/Engine/EngineMaterials/Substrate/Glints2/dict_0005_0127" 8505
"/Engine/EngineMaterials/Substrate/Glints2/dict_0005_0131" 8506
"/Engine/EngineMaterials/Substrate/Glints2/dict_0005_0132" 8507
"/Engine/EngineMaterials/Substrate/Glints2/dict_0005_0146" 8508
"/Engine/EngineMaterials/Substrate/Glints2/dict_0005_0128" 8509
"/Engine/EngineMaterials/Substrate/Glints2/dict_0005_0149" 8510
"../../../Engine/Content/EngineMaterials/Substrate/Glints2/dict_0005_0123.uasset" 8511
"/Engine/EngineMaterials/Substrate/Glints2/dict_0005_0150" 8512
"/Engine/EngineMaterials/Substrate/Glints2/dict_0005_0151" 8513
"/Engine/EngineMaterials/Substrate/Glints2/dict_0005_0138" 8514
"/Engine/EngineMaterials/Substrate/Glints2/dict_0005_0152" 8515
"/Engine/EngineMaterials/Substrate/Glints2/dict_0005_0153" 8516
"/Engine/EngineMaterials/Substrate/Glints2/dict_0005_0154" 8517
"../../../Engine/Content/EngineMaterials/Substrate/Glints2/dict_0005_0124.uasset" 8518
"/Engine/EngineMaterials/Substrate/Glints2/dict_0005_0141" 8519
"/Engine/EngineMaterials/Substrate/Glints2/dict_0005_0155" 8520
"/Engine/EngineMaterials/Substrate/Glints2/dict_0005_0130" 8521
"/Engine/EngineMaterials/Substrate/Glints2/dict_0005_0119" 8522
"/Engine/EngineMaterials/Substrate/Glints2/dict_0005_0125" 8523
"/Engine/EngineMaterials/Substrate/Glints2/dict_0005_0114" 8524
"/Engine/EngineMaterials/Substrate/Glints2/dict_0005_0115" 8525
"/Engine/EngineMaterials/Substrate/Glints2/dict_0005_0120" 8526
"/Engine/EngineMaterials/Substrate/Glints2/dict_0005_0113" 8527
"../../../Engine/Content/EngineMaterials/Substrate/Glints2/dict_0005_0121.uasset" 8528
"/Engine/EngineMaterials/Substrate/Glints2/dict_0005_0123" 8529
"/Engine/EngineMaterials/Substrate/Glints2/dict_0005_0124" 8530
"/Engine/EngineMaterials/Substrate/Glints2/dict_0005_0118" 8531
"/Engine/EngineMaterials/Substrate/Glints2/dict_0005_0121" 8532
"../../../Engine/Content/EngineMaterials/Substrate/Glints2/dict_0005_0129.uasset" 8533
"../../../Engine/Content/EngineMaterials/Substrate/Glints2/dict_0005_0116.uasset" 8534
"../../../Engine/Content/EngineMaterials/Substrate/Glints2/dict_0005_0133.uasset" 8535
"/Engine/EngineMaterials/Substrate/Glints2/dict_0005_0133" 8536
"../../../Engine/Content/EngineMaterials/Substrate/Glints2/dict_0005_0117.uasset" 8537
"/Engine/EngineMaterials/Substrate/Glints2/dict_0005_0116" 8538
"/Engine/EngineMaterials/Substrate/Glints2/dict_0005_0129" 8539
"/Engine/EngineMaterials/Substrate/Glints2/dict_0005_0117" 8540
"../../../Engine/Content/EngineMaterials/Substrate/Glints2/dict_0005_0122.uasset" 8541
"../../../Engine/Content/EngineMaterials/Substrate/Glints2/dict_0005_0088.uasset" 8542
"../../../Engine/Content/EngineMaterials/Substrate/Glints2/dict_0005_0103.uasset" 8543
"../../../Engine/Content/EngineMaterials/Substrate/Glints2/dict_0005_0100.uasset" 8544
"../../../Engine/Content/EngineMaterials/Substrate/Glints2/dict_0005_0097.uasset" 8545
"../../../Engine/Content/EngineMaterials/Substrate/Glints2/dict_0005_0102.uasset" 8546
"/Engine/EngineMaterials/Substrate/Glints2/dict_0005_0097" 8547
"../../../Engine/Content/EngineMaterials/Substrate/Glints2/dict_0005_0106.uasset" 8548
"../../../Engine/Content/EngineMaterials/Substrate/Glints2/dict_0005_0105.uasset" 8549
"../../../Engine/Content/EngineMaterials/Substrate/Glints2/dict_0005_0087.uasset" 8550
"../../../Engine/Content/EngineMaterials/Substrate/Glints2/dict_0005_0089.uasset" 8551
"../../../Engine/Content/EngineMaterials/Substrate/Glints2/dict_0005_0109.uasset" 8552
"../../../Engine/Content/EngineMaterials/Substrate/Glints2/dict_0005_0083.uasset" 8553
"../../../Engine/Content/EngineMaterials/Substrate/Glints2/dict_0005_0082.uasset" 8554
"../../../Engine/Content/EngineMaterials/Substrate/Glints2/dict_0005_0091.uasset" 8555
"../../../Engine/Content/EngineMaterials/Substrate/Glints2/dict_0005_0092.uasset" 8556
"/Engine/EngineMaterials/Substrate/Glints2/dict_0005_0088" 8557
"../../../Engine/Content/EngineMaterials/Substrate/Glints2/dict_0005_0093.uasset" 8558
"../../../Engine/Content/EngineMaterials/Substrate/Glints2/dict_0005_0094.uasset" 8559
"../../../Engine/Content/EngineMaterials/Substrate/Glints2/dict_0005_0104.uasset" 8560
"/Engine/EngineMaterials/Substrate/Glints2/dict_0005_0100" 8561
"/Engine/EngineMaterials/Substrate/Glints2/dict_0005_0122" 8562
"/Engine/EngineMaterials/Substrate/Glints2/dict_0005_0103" 8563
"../../../Engine/Content/EngineMaterials/Substrate/Glints2/dict_0005_0086.uasset" 8564
"/Engine/EngineMaterials/Substrate/Glints2/dict_0005_0087" 8565
"../../../Engine/Content/EngineMaterials/Substrate/Glints2/dict_0005_0110.uasset" 8566
"../../../Engine/Content/EngineMaterials/Substrate/Glints2/dict_0005_0112.uasset" 8567
"../../../Engine/Content/EngineMaterials/Substrate/Glints2/dict_0005_0096.uasset" 8568
"../../../Engine/Content/EngineMaterials/Substrate/Glints2/dict_0005_0099.uasset" 8569
"/Engine/EngineMaterials/Substrate/Glints2/dict_0005_0083" 8570
"../../../Engine/Content/EngineMaterials/Substrate/Glints2/dict_0005_0108.uasset" 8571
"../../../Engine/Content/EngineMaterials/Substrate/Glints2/dict_0005_0098.uasset" 8572
"/Engine/EngineMaterials/Substrate/Glints2/dict_0005_0089" 8573
"/Engine/EngineMaterials/Substrate/Glints2/dict_0005_0091" 8574
"/Engine/EngineMaterials/Substrate/Glints2/dict_0005_0082" 8575
"../../../Engine/Content/EngineMaterials/Substrate/Glints2/dict_0005_0107.uasset" 8576
"../../../Engine/Content/EngineMaterials/Substrate/Glints2/dict_0005_0090.uasset" 8577
"/Engine/EngineMaterials/Substrate/Glints2/dict_0005_0102" 8578
"/Engine/EngineMaterials/Substrate/Glints2/dict_0005_0092" 8579
"/Engine/EngineMaterials/Substrate/Glints2/dict_0005_0104" 8580
"/Engine/EngineMaterials/Substrate/Glints2/dict_0005_0105" 8581
"../../../Engine/Content/EngineMaterials/Substrate/Glints2/dict_0005_0101.uasset" 8582
"../../../Engine/Content/EngineMaterials/Substrate/Glints2/dict_0005_0111.uasset" 8583
"/Engine/EngineMaterials/Substrate/Glints2/dict_0005_0093" 8584
"../../../Engine/Content/EngineMaterials/Substrate/Glints2/dict_0005_0095.uasset" 8585
"/Engine/EngineMaterials/Substrate/Glints2/dict_0005_0106" 8586
"/Engine/EngineMaterials/Substrate/Glints2/dict_0005_0094" 8587
"/Engine/EngineMaterials/Substrate/Glints2/dict_0005_0109" 8588
"/Engine/EngineMaterials/Substrate/Glints2/dict_0005_0095" 8589
"/Engine/EngineMaterials/Substrate/Glints2/dict_0005_0096" 8590
"/Engine/EngineMaterials/Substrate/Glints2/dict_0005_0098" 8591
"/Engine/EngineMaterials/Substrate/Glints2/dict_0005_0099" 8592
"/Engine/EngineMaterials/Substrate/Glints2/dict_0005_0090" 8593
"/Engine/EngineMaterials/Substrate/Glints2/dict_0005_0086" 8594
"/Engine/EngineMaterials/Substrate/Glints2/dict_0005_0101" 8595
"/Engine/EngineMaterials/Substrate/Glints2/dict_0005_0107" 8596
"/Engine/EngineMaterials/Substrate/Glints2/dict_0005_0108" 8597
"/Engine/EngineMaterials/Substrate/Glints2/dict_0005_0110" 8598
"/Engine/EngineMaterials/Substrate/Glints2/dict_0005_0111" 8599
"/Engine/EngineMaterials/Substrate/Glints2/dict_0005_0112" 8600
"../../../Engine/Content/EngineMaterials/Substrate/Glints2/dict_0005_0078.uasset" 8601
"../../../Engine/Content/EngineMaterials/Substrate/Glints2/dict_0005_0080.uasset" 8602
"../../../Engine/Content/EngineMaterials/Substrate/Glints2/dict_0005_0077.uasset" 8603
"../../../Engine/Content/EngineMaterials/Substrate/Glints2/dict_0005_0085.uasset" 8604
"../../../Engine/Content/EngineMaterials/Substrate/Glints2/dict_0005_0081.uasset" 8605
"/Engine/EngineMaterials/Substrate/Glints2/dict_0005_0077" 8606
"/Engine/EngineMaterials/Substrate/Glints2/dict_0005_0078" 8607
"/Engine/EngineMaterials/Substrate/Glints2/dict_0005_0080" 8608
"/Engine/EngineMaterials/Substrate/Glints2/dict_0005_0081" 8609
"/Engine/EngineMaterials/Substrate/Glints2/dict_0005_0085" 8610
"../../../Engine/Content/EngineMaterials/Substrate/Glints2/dict_0005_0084.uasset" 8611
"../../../Engine/Content/EngineMaterials/Substrate/Glints2/dict_0005_0079.uasset" 8612
"/Engine/EngineMaterials/Substrate/Glints2/dict_0005_0079" 8613
"../../../Engine/Content/EngineMaterials/Substrate/Glints2/dict_0005_0060.uasset" 8614
"../../../Engine/Content/EngineMaterials/Substrate/Glints2/dict_0005_0061.uasset" 8615
"../../../Engine/Content/EngineMaterials/Substrate/Glints2/dict_0005_0056.uasset" 8616
"../../../Engine/Content/EngineMaterials/Substrate/Glints2/dict_0005_0057.uasset" 8617
"../../../Engine/Content/EngineMaterials/Substrate/Glints2/dict_0005_0055.uasset" 8618
"../../../Engine/Content/EngineMaterials/Substrate/Glints2/dict_0005_0074.uasset" 8619
"../../../Engine/Content/EngineMaterials/Substrate/Glints2/dict_0005_0062.uasset" 8620
"../../../Engine/Content/EngineMaterials/Substrate/Glints2/dict_0005_0059.uasset" 8621
"../../../Engine/Content/EngineMaterials/Substrate/Glints2/dict_0005_0073.uasset" 8622
"../../../Engine/Content/EngineMaterials/Substrate/Glints2/dict_0005_0063.uasset" 8623
"../../../Engine/Content/EngineMaterials/Substrate/Glints2/dict_0005_0058.uasset" 8624
"../../../Engine/Content/EngineMaterials/Substrate/Glints2/dict_0005_0047.uasset" 8625
"../../../Engine/Content/EngineMaterials/Substrate/Glints2/dict_0005_0052.uasset" 8626
"../../../Engine/Content/EngineMaterials/Substrate/Glints2/dict_0005_0067.uasset" 8627
"../../../Engine/Content/EngineMaterials/Substrate/Glints2/dict_0005_0065.uasset" 8628
"../../../Engine/Content/EngineMaterials/Substrate/Glints2/dict_0005_0066.uasset" 8629
"/Engine/EngineMaterials/Substrate/Glints2/dict_0005_0084" 8630
"../../../Engine/Content/EngineMaterials/Substrate/Glints2/dict_0005_0050.uasset" 8631
"../../../Engine/Content/EngineMaterials/Substrate/Glints2/dict_0005_0053.uasset" 8632
"/Engine/EngineMaterials/Substrate/Glints2/dict_0005_0052" 8633
"/Engine/EngineMaterials/Substrate/Glints2/dict_0005_0053" 8634
"../../../Engine/Content/EngineMaterials/Substrate/Glints2/dict_0005_0071.uasset" 8635
"/Engine/EngineMaterials/Substrate/Glints2/dict_0005_0047" 8636
"/Engine/EngineMaterials/Substrate/Glints2/dict_0005_0055" 8637
"/Engine/EngineMaterials/Substrate/Glints2/dict_0005_0065" 8638
"../../../Engine/Content/EngineMaterials/Substrate/Glints2/dict_0005_0072.uasset" 8639
"/Engine/EngineMaterials/Substrate/Glints2/dict_0005_0066" 8640
"../../../Engine/Content/EngineMaterials/Substrate/Glints2/dict_0005_0054.uasset" 8641
"../../../Engine/Content/EngineMaterials/Substrate/Glints2/dict_0005_0069.uasset" 8642
"../../../Engine/Content/EngineMaterials/Substrate/Glints2/dict_0005_0070.uasset" 8643
"../../../Engine/Content/EngineMaterials/Substrate/Glints2/dict_0005_0051.uasset" 8644
"/Engine/EngineMaterials/Substrate/Glints2/dict_0005_0056" 8645
"/Engine/EngineMaterials/Substrate/Glints2/dict_0005_0057" 8646
"../../../Engine/Content/EngineMaterials/Substrate/Glints2/dict_0005_0075.uasset" 8647
"../../../Engine/Content/EngineMaterials/Substrate/Glints2/dict_0005_0076.uasset" 8648
"/Engine/EngineMaterials/Substrate/Glints2/dict_0005_0067" 8649
"/Engine/EngineMaterials/Substrate/Glints2/dict_0005_0058" 8650
"../../../Engine/Content/EngineMaterials/Substrate/Glints2/dict_0005_0049.uasset" 8651
"/Engine/EngineMaterials/Substrate/Glints2/dict_0005_0050" 8652
"/Engine/EngineMaterials/Substrate/Glints2/dict_0005_0073" 8653
"/Engine/EngineMaterials/Substrate/Glints2/dict_0005_0074" 8654
"/Engine/EngineMaterials/Substrate/Glints2/dict_0005_0059" 8655
"/Engine/EngineMaterials/Substrate/Glints2/dict_0005_0060" 8656
"../../../Engine/Content/EngineMaterials/Substrate/Glints2/dict_0005_0046.uasset" 8657
"../../../Engine/Content/EngineMaterials/Substrate/Glints2/dict_0005_0045.uasset" 8658
"/Engine/EngineMaterials/Substrate/Glints2/dict_0005_0061" 8659
"/Engine/EngineMaterials/Substrate/Glints2/dict_0005_0062" 8660
"/Engine/EngineMaterials/Substrate/Glints2/dict_0005_0063" 8661
"/Engine/EngineMaterials/Substrate/Glints2/dict_0005_0054" 8662
"/Engine/EngineMaterials/Substrate/Glints2/dict_0005_0045" 8663
"/Engine/EngineMaterials/Substrate/Glints2/dict_0005_0046" 8664
"/Engine/EngineMaterials/Substrate/Glints2/dict_0005_0049" 8665
"/Engine/EngineMaterials/Substrate/Glints2/dict_0005_0069" 8666
"../../../Engine/Content/EngineMaterials/Substrate/Glints2/dict_0005_0048.uasset" 8667
"../../../Engine/Content/EngineMaterials/Substrate/Glints2/dict_0005_0068.uasset" 8668
"../../../Engine/Content/EngineMaterials/Substrate/Glints2/dict_0005_0064.uasset" 8669
"/Engine/EngineMaterials/Substrate/Glints2/dict_0005_0070" 8670
"/Engine/EngineMaterials/Substrate/Glints2/dict_0005_0051" 8671
"/Engine/EngineMaterials/Substrate/Glints2/dict_0005_0071" 8672
"/Engine/EngineMaterials/Substrate/Glints2/dict_0005_0072" 8673
"/Engine/EngineMaterials/Substrate/Glints2/dict_0005_0075" 8674
"/Engine/EngineMaterials/Substrate/Glints2/dict_0005_0076" 8675
"/Engine/EngineMaterials/Substrate/Glints2/dict_0005_0064" 8676
"/Engine/EngineMaterials/Substrate/Glints2/dict_0005_0048" 8677
"/Engine/EngineMaterials/Substrate/Glints2/dict_0005_0068" 8678
"../../../Engine/Content/EngineMaterials/Substrate/Glints2/dict_0005_0015.uasset" 8679
"../../../Engine/Content/EngineMaterials/Substrate/Glints2/dict_0005_0021.uasset" 8680
"../../../Engine/Content/EngineMaterials/Substrate/Glints2/dict_0005_0017.uasset" 8681
"../../../Engine/Content/EngineMaterials/Substrate/Glints2/dict_0005_0016.uasset" 8682
"../../../Engine/Content/EngineMaterials/Substrate/Glints2/dict_0005_0024.uasset" 8683
"../../../Engine/Content/EngineMaterials/Substrate/Glints2/dict_0005_0019.uasset" 8684
"../../../Engine/Content/EngineMaterials/Substrate/Glints2/dict_0005_0020.uasset" 8685
"../../../Engine/Content/EngineMaterials/Substrate/Glints2/dict_0005_0043.uasset" 8686
"../../../Engine/Content/EngineMaterials/Substrate/Glints2/dict_0005_0037.uasset" 8687
"../../../Engine/Content/EngineMaterials/Substrate/Glints2/dict_0005_0022.uasset" 8688
"../../../Engine/Content/EngineMaterials/Substrate/Glints2/dict_0005_0013.uasset" 8689
"../../../Engine/Content/EngineMaterials/Substrate/Glints2/dict_0005_0038.uasset" 8690
"../../../Engine/Content/EngineMaterials/Substrate/Glints2/dict_0005_0028.uasset" 8691
"../../../Engine/Content/EngineMaterials/Substrate/Glints2/dict_0005_0027.uasset" 8692
"../../../Engine/Content/EngineMaterials/Substrate/Glints2/dict_0005_0023.uasset" 8693
"../../../Engine/Content/EngineMaterials/Substrate/Glints2/dict_0005_0014.uasset" 8694
"/Engine/EngineMaterials/Substrate/Glints2/dict_0005_0013" 8695
"../../../Engine/Content/EngineMaterials/Substrate/Glints2/dict_0005_0034.uasset" 8696
"../../../Engine/Content/EngineMaterials/Substrate/Glints2/dict_0005_0035.uasset" 8697
"../../../Engine/Content/EngineMaterials/Substrate/Glints2/dict_0005_0032.uasset" 8698
"../../../Engine/Content/EngineMaterials/Substrate/Glints2/dict_0005_0031.uasset" 8699
"../../../Engine/Content/EngineMaterials/Substrate/Glints2/dict_0005_0018.uasset" 8700
"../../../Engine/Content/EngineMaterials/Substrate/Glints2/dict_0005_0025.uasset" 8701
"../../../Engine/Content/EngineMaterials/Substrate/Glints2/dict_0005_0040.uasset" 8702
"../../../Engine/Content/EngineMaterials/Substrate/Glints2/dict_0005_0042.uasset" 8703
"../../../Engine/Content/EngineMaterials/Substrate/Glints2/dict_0005_0033.uasset" 8704
"/Engine/EngineMaterials/Substrate/Glints2/dict_0005_0027" 8705
"/Engine/EngineMaterials/Substrate/Glints2/dict_0005_0028" 8706
"/Engine/EngineMaterials/Substrate/Glints2/dict_0005_0016" 8707
"/Engine/EngineMaterials/Substrate/Glints2/dict_0005_0017" 8708
"../../../Engine/Content/EngineMaterials/Substrate/Glints2/dict_0005_0041.uasset" 8709
"../../../Engine/Content/EngineMaterials/Substrate/Glints2/dict_0005_0030.uasset" 8710
"/Engine/EngineMaterials/Substrate/Glints2/dict_0005_0015" 8711
"../../../Engine/Content/EngineMaterials/Substrate/Glints2/dict_0005_0029.uasset" 8712
"/Engine/EngineMaterials/Substrate/Glints2/dict_0005_0019" 8713
"/Engine/EngineMaterials/Substrate/Glints2/dict_0005_0020" 8714
"../../../Engine/Content/EngineMaterials/Substrate/Glints2/dict_0005_0036.uasset" 8715
"/Engine/EngineMaterials/Substrate/Glints2/dict_0005_0021" 8716
"../../../Engine/Content/EngineMaterials/Substrate/Glints2/dict_0005_0026.uasset" 8717
"/Engine/EngineMaterials/Substrate/Glints2/dict_0005_0037" 8718
"/Engine/EngineMaterials/Substrate/Glints2/dict_0005_0022" 8719
"/Engine/EngineMaterials/Substrate/Glints2/dict_0005_0023" 8720
"/Engine/EngineMaterials/Substrate/Glints2/dict_0005_0024" 8721
"/Engine/EngineMaterials/Substrate/Glints2/dict_0005_0038" 8722
"../../../Engine/Content/EngineMaterials/Substrate/Glints2/dict_0005_0044.uasset" 8723
"../../../Engine/Content/EngineMaterials/Substrate/Glints2/dict_0005_0039.uasset" 8724
"/Engine/EngineMaterials/Substrate/Glints2/dict_0005_0043" 8725
"/Engine/EngineMaterials/Substrate/Glints2/dict_0005_0029" 8726
"/Engine/EngineMaterials/Substrate/Glints2/dict_0005_0014" 8727
"/Engine/EngineMaterials/Substrate/Glints2/dict_0005_0030" 8728
"/Engine/EngineMaterials/Substrate/Glints2/dict_0005_0031" 8729
"/Engine/EngineMaterials/Substrate/Glints2/dict_0005_0032" 8730
"/Engine/EngineMaterials/Substrate/Glints2/dict_0005_0033" 8731
"/Engine/EngineMaterials/Substrate/Glints2/dict_0005_0034" 8732
"/Engine/EngineMaterials/Substrate/Glints2/dict_0005_0018" 8733
"/Engine/EngineMaterials/Substrate/Glints2/dict_0005_0035" 8734
"/Engine/EngineMaterials/Substrate/Glints2/dict_0005_0036" 8735
"/Engine/EngineMaterials/Substrate/Glints2/dict_0005_0039" 8736
"/Engine/EngineMaterials/Substrate/Glints2/dict_0005_0025" 8737
"/Engine/EngineMaterials/Substrate/Glints2/dict_0005_0040" 8738
"/Engine/EngineMaterials/Substrate/Glints2/dict_0005_0041" 8739
"/Engine/EngineMaterials/Substrate/Glints2/dict_0005_0026" 8740
"/Engine/EngineMaterials/Substrate/Glints2/dict_0005_0042" 8741
"/Engine/EngineMaterials/Substrate/Glints2/dict_0005_0044" 8742
"../../../Engine/Content/EngineMaterials/Substrate/Glints2/dict_0005_0011.uasset" 8743
"../../../Engine/Content/EngineMaterials/Substrate/Glints2/dict_0005_0005.uasset" 8744
"../../../Engine/Content/EngineMaterials/Substrate/Glints2/dict_0005_0009.uasset" 8745
"../../../Engine/Content/EngineMaterials/Substrate/Glints2/dict_0004_0250.uasset" 8746
"../../../Engine/Content/EngineMaterials/Substrate/Glints2/dict_0004_0252.uasset" 8747
"../../../Engine/Content/EngineMaterials/Substrate/Glints2/dict_0004_0238.uasset" 8748
"../../../Engine/Content/EngineMaterials/Substrate/Glints2/dict_0004_0253.uasset" 8749
"/Engine/EngineMaterials/Substrate/Glints2/dict_0004_0238" 8750
"../../../Engine/Content/EngineMaterials/Substrate/Glints2/dict_0004_0248.uasset" 8751
"../../../Engine/Content/EngineMaterials/Substrate/Glints2/dict_0005_0006.uasset" 8752
"../../../Engine/Content/EngineMaterials/Substrate/Glints2/dict_0004_0245.uasset" 8753
"../../../Engine/Content/EngineMaterials/Substrate/Glints2/dict_0005_0012.uasset" 8754
"../../../Engine/Content/EngineMaterials/Substrate/Glints2/dict_0005_0007.uasset" 8755
"../../../Engine/Content/EngineMaterials/Substrate/Glints2/dict_0004_0251.uasset" 8756
"../../../Engine/Content/EngineMaterials/Substrate/Glints2/dict_0004_0249.uasset" 8757
"../../../Engine/Content/EngineMaterials/Substrate/Glints2/dict_0004_0241.uasset" 8758
"../../../Engine/Content/EngineMaterials/Substrate/Glints2/dict_0005_0010.uasset" 8759
"/Engine/EngineMaterials/Substrate/Glints2/dict_0005_0005" 8760
"../../../Engine/Content/EngineMaterials/Substrate/Glints2/dict_0004_0247.uasset" 8761
"../../../Engine/Content/EngineMaterials/Substrate/Glints2/dict_0005_0004.uasset" 8762
"../../../Engine/Content/EngineMaterials/Substrate/Glints2/dict_0004_0240.uasset" 8763
"../../../Engine/Content/EngineMaterials/Substrate/Glints2/dict_0005_0003.uasset" 8764
"/Engine/EngineMaterials/Substrate/Glints2/dict_0005_0009" 8765
"../../../Engine/Content/EngineMaterials/Substrate/Glints2/dict_0005_0002.uasset" 8766
"/Engine/EngineMaterials/Substrate/Glints2/dict_0005_0011" 8767
"../../../Engine/Content/EngineMaterials/Substrate/Glints2/dict_0004_0242.uasset" 8768
"/Engine/EngineMaterials/Substrate/Glints2/dict_0004_0250" 8769
"../../../Engine/Content/EngineMaterials/Substrate/Glints2/dict_0004_0246.uasset" 8770
"../../../Engine/Content/EngineMaterials/Substrate/Glints2/dict_0004_0243.uasset" 8771
"/Engine/EngineMaterials/Substrate/Glints2/dict_0004_0252" 8772
"/Engine/EngineMaterials/Substrate/Glints2/dict_0004_0240" 8773
"../../../Engine/Content/EngineMaterials/Substrate/Glints2/dict_0005_0000.uasset" 8774
"../../../Engine/Content/EngineMaterials/Substrate/Glints2/dict_0004_0255.uasset" 8775
"/Engine/EngineMaterials/Substrate/Glints2/dict_0004_0241" 8776
"../../../Engine/Content/EngineMaterials/Substrate/Glints2/dict_0005_0001.uasset" 8777
"/Engine/EngineMaterials/Substrate/Glints2/dict_0004_0242" 8778
"../../../Engine/Content/EngineMaterials/Substrate/Glints2/dict_0004_0244.uasset" 8779
"/Engine/EngineMaterials/Substrate/Glints2/dict_0004_0243" 8780
"/Engine/EngineMaterials/Substrate/Glints2/dict_0005_0002" 8781
"/Engine/EngineMaterials/Substrate/Glints2/dict_0004_0245" 8782
"/Engine/EngineMaterials/Substrate/Glints2/dict_0005_0003" 8783
"/Engine/EngineMaterials/Substrate/Glints2/dict_0005_0004" 8784
"/Engine/EngineMaterials/Substrate/Glints2/dict_0004_0246" 8785
"/Engine/EngineMaterials/Substrate/Glints2/dict_0005_0006" 8786
"/Engine/EngineMaterials/Substrate/Glints2/dict_0005_0007" 8787
"/Engine/EngineMaterials/Substrate/Glints2/dict_0005_0010" 8788
"/Engine/EngineMaterials/Substrate/Glints2/dict_0004_0247" 8789
"/Engine/EngineMaterials/Substrate/Glints2/dict_0004_0248" 8790
"../../../Engine/Content/EngineMaterials/Substrate/Glints2/dict_0005_0008.uasset" 8791
"/Engine/EngineMaterials/Substrate/Glints2/dict_0004_0249" 8792
"/Engine/EngineMaterials/Substrate/Glints2/dict_0004_0251" 8793
"/Engine/EngineMaterials/Substrate/Glints2/dict_0005_0012" 8794
"/Engine/EngineMaterials/Substrate/Glints2/dict_0004_0253" 8795
"/Engine/EngineMaterials/Substrate/Glints2/dict_0005_0000" 8796
"/Engine/EngineMaterials/Substrate/Glints2/dict_0005_0001" 8797
"../../../Engine/Content/EngineMaterials/Substrate/Glints2/dict_0004_0254.uasset" 8798
"../../../Engine/Content/EngineMaterials/Substrate/Glints2/dict_0004_0239.uasset" 8799
"/Engine/EngineMaterials/Substrate/Glints2/dict_0004_0244" 8800
"/Engine/EngineMaterials/Substrate/Glints2/dict_0005_0008" 8801
"/Engine/EngineMaterials/Substrate/Glints2/dict_0004_0254" 8802
"/Engine/EngineMaterials/Substrate/Glints2/dict_0004_0239" 8803
"../../../Engine/Content/EngineMaterials/Substrate/Glints2/dict_0004_0235.uasset" 8804
"../../../Engine/Content/EngineMaterials/Substrate/Glints2/dict_0004_0236.uasset" 8805
"/Engine/EngineMaterials/Substrate/Glints2/dict_0004_0255" 8806
"../../../Engine/Content/EngineMaterials/Substrate/Glints2/dict_0004_0232.uasset" 8807
"../../../Engine/Content/EngineMaterials/Substrate/Glints2/dict_0004_0237.uasset" 8808
"../../../Engine/Content/EngineMaterials/Substrate/Glints2/dict_0004_0231.uasset" 8809
"/Engine/EngineMaterials/Substrate/Glints2/dict_0004_0235" 8810
"/Engine/EngineMaterials/Substrate/Glints2/dict_0004_0237" 8811
"/Engine/EngineMaterials/Substrate/Glints2/dict_0004_0231" 8812
"/Engine/EngineMaterials/Substrate/Glints2/dict_0004_0232" 8813
"../../../Engine/Content/EngineMaterials/Substrate/Glints2/dict_0004_0234.uasset" 8814
"/Engine/EngineMaterials/Substrate/Glints2/dict_0004_0236" 8815
"../../../Engine/Content/EngineMaterials/Substrate/Glints2/dict_0004_0233.uasset" 8816
"/Engine/EngineMaterials/Substrate/Glints2/dict_0004_0233" 8817
"/Engine/EngineMaterials/Substrate/Glints2/dict_0004_0234" 8818
"../../../Engine/Content/EngineMaterials/Substrate/Glints2/dict_0004_0202.uasset" 8819
"../../../Engine/Content/EngineMaterials/Substrate/Glints2/dict_0004_0207.uasset" 8820
"../../../Engine/Content/EngineMaterials/Substrate/Glints2/dict_0004_0204.uasset" 8821
"../../../Engine/Content/EngineMaterials/Substrate/Glints2/dict_0004_0201.uasset" 8822
"../../../Engine/Content/EngineMaterials/Substrate/Glints2/dict_0004_0206.uasset" 8823
"../../../Engine/Content/EngineMaterials/Substrate/Glints2/dict_0004_0225.uasset" 8824
"../../../Engine/Content/EngineMaterials/Substrate/Glints2/dict_0004_0208.uasset" 8825
"../../../Engine/Content/EngineMaterials/Substrate/Glints2/dict_0004_0203.uasset" 8826
"../../../Engine/Content/EngineMaterials/Substrate/Glints2/dict_0004_0226.uasset" 8827
"../../../Engine/Content/EngineMaterials/Substrate/Glints2/dict_0004_0229.uasset" 8828
"../../../Engine/Content/EngineMaterials/Substrate/Glints2/dict_0004_0223.uasset" 8829
"../../../Engine/Content/EngineMaterials/Substrate/Glints2/dict_0004_0227.uasset" 8830
"../../../Engine/Content/EngineMaterials/Substrate/Glints2/dict_0004_0220.uasset" 8831
"../../../Engine/Content/EngineMaterials/Substrate/Glints2/dict_0004_0221.uasset" 8832
"../../../Engine/Content/EngineMaterials/Substrate/Glints2/dict_0004_0218.uasset" 8833
"../../../Engine/Content/EngineMaterials/Substrate/Glints2/dict_0004_0219.uasset" 8834
"../../../Engine/Content/EngineMaterials/Substrate/Glints2/dict_0004_0228.uasset" 8835
"../../../Engine/Content/EngineMaterials/Substrate/Glints2/dict_0004_0216.uasset" 8836
"../../../Engine/Content/EngineMaterials/Substrate/Glints2/dict_0004_0224.uasset" 8837
"../../../Engine/Content/EngineMaterials/Substrate/Glints2/dict_0004_0230.uasset" 8838
"/Engine/EngineMaterials/Substrate/Glints2/dict_0004_0207" 8839
"../../../Engine/Content/EngineMaterials/Substrate/Glints2/dict_0004_0212.uasset" 8840
"../../../Engine/Content/EngineMaterials/Substrate/Glints2/dict_0004_0222.uasset" 8841
"/Engine/EngineMaterials/Substrate/Glints2/dict_0004_0201" 8842
"../../../Engine/Content/EngineMaterials/Substrate/Glints2/dict_0004_0209.uasset" 8843
"../../../Engine/Content/EngineMaterials/Substrate/Glints2/dict_0004_0210.uasset" 8844
"../../../Engine/Content/EngineMaterials/Substrate/Glints2/dict_0004_0205.uasset" 8845
"../../../Engine/Content/EngineMaterials/Substrate/Glints2/dict_0004_0211.uasset" 8846
"/Engine/EngineMaterials/Substrate/Glints2/dict_0004_0202" 8847
"../../../Engine/Content/EngineMaterials/Substrate/Glints2/dict_0004_0213.uasset" 8848
"../../../Engine/Content/EngineMaterials/Substrate/Glints2/dict_0004_0214.uasset" 8849
"/Engine/EngineMaterials/Substrate/Glints2/dict_0004_0208" 8850
"../../../Engine/Content/EngineMaterials/Substrate/Glints2/dict_0004_0217.uasset" 8851
"/Engine/EngineMaterials/Substrate/Glints2/dict_0004_0216" 8852
"../../../Engine/Content/EngineMaterials/Substrate/Glints2/dict_0004_0215.uasset" 8853
"/Engine/EngineMaterials/Substrate/Glints2/dict_0004_0218" 8854
"/Engine/EngineMaterials/Substrate/Glints2/dict_0004_0219" 8855
"/Engine/EngineMaterials/Substrate/Glints2/dict_0004_0220" 8856
"/Engine/EngineMaterials/Substrate/Glints2/dict_0004_0221" 8857
"/Engine/EngineMaterials/Substrate/Glints2/dict_0004_0203" 8858
"/Engine/EngineMaterials/Substrate/Glints2/dict_0004_0223" 8859
"/Engine/EngineMaterials/Substrate/Glints2/dict_0004_0224" 8860
"/Engine/EngineMaterials/Substrate/Glints2/dict_0004_0225" 8861
"/Engine/EngineMaterials/Substrate/Glints2/dict_0004_0226" 8862
"/Engine/EngineMaterials/Substrate/Glints2/dict_0004_0227" 8863
"/Engine/EngineMaterials/Substrate/Glints2/dict_0004_0206" 8864
"/Engine/EngineMaterials/Substrate/Glints2/dict_0004_0228" 8865
"/Engine/EngineMaterials/Substrate/Glints2/dict_0004_0204" 8866
"/Engine/EngineMaterials/Substrate/Glints2/dict_0004_0229" 8867
"/Engine/EngineMaterials/Substrate/Glints2/dict_0004_0230" 8868
"../../../Engine/Content/EngineMaterials/Substrate/Glints2/dict_0004_0200.uasset" 8869
"/Engine/EngineMaterials/Substrate/Glints2/dict_0004_0205" 8870
"/Engine/EngineMaterials/Substrate/Glints2/dict_0004_0209" 8871
"/Engine/EngineMaterials/Substrate/Glints2/dict_0004_0210" 8872
"/Engine/EngineMaterials/Substrate/Glints2/dict_0004_0213" 8873
"../../../Engine/Content/EngineMaterials/Substrate/Glints2/dict_0004_0199.uasset" 8874
"/Engine/EngineMaterials/Substrate/Glints2/dict_0004_0214" 8875
"/Engine/EngineMaterials/Substrate/Glints2/dict_0004_0215" 8876
"/Engine/EngineMaterials/Substrate/Glints2/dict_0004_0217" 8877
"/Engine/EngineMaterials/Substrate/Glints2/dict_0004_0211" 8878
"/Engine/EngineMaterials/Substrate/Glints2/dict_0004_0222" 8879
"/Engine/EngineMaterials/Substrate/Glints2/dict_0004_0212" 8880
"/Engine/EngineMaterials/Substrate/Glints2/dict_0004_0200" 8881
"/Engine/EngineMaterials/Substrate/Glints2/dict_0004_0199" 8882
"../../../Engine/Content/EngineMaterials/Substrate/Glints2/dict_0004_0184.uasset" 8883
"../../../Engine/Content/EngineMaterials/Substrate/Glints2/dict_0004_0174.uasset" 8884
"../../../Engine/Content/EngineMaterials/Substrate/Glints2/dict_0004_0178.uasset" 8885
"../../../Engine/Content/EngineMaterials/Substrate/Glints2/dict_0004_0176.uasset" 8886
"../../../Engine/Content/EngineMaterials/Substrate/Glints2/dict_0004_0173.uasset" 8887
"../../../Engine/Content/EngineMaterials/Substrate/Glints2/dict_0004_0172.uasset" 8888
"../../../Engine/Content/EngineMaterials/Substrate/Glints2/dict_0004_0185.uasset" 8889
"../../../Engine/Content/EngineMaterials/Substrate/Glints2/dict_0004_0195.uasset" 8890
"../../../Engine/Content/EngineMaterials/Substrate/Glints2/dict_0004_0192.uasset" 8891
"../../../Engine/Content/EngineMaterials/Substrate/Glints2/dict_0004_0198.uasset" 8892
"../../../Engine/Content/EngineMaterials/Substrate/Glints2/dict_0004_0171.uasset" 8893
"../../../Engine/Content/EngineMaterials/Substrate/Glints2/dict_0004_0169.uasset" 8894
"/Engine/EngineMaterials/Substrate/Glints2/dict_0004_0172" 8895
"../../../Engine/Content/EngineMaterials/Substrate/Glints2/dict_0004_0193.uasset" 8896
"../../../Engine/Content/EngineMaterials/Substrate/Glints2/dict_0004_0181.uasset" 8897
"../../../Engine/Content/EngineMaterials/Substrate/Glints2/dict_0004_0177.uasset" 8898
"../../../Engine/Content/EngineMaterials/Substrate/Glints2/dict_0004_0175.uasset" 8899
"../../../Engine/Content/EngineMaterials/Substrate/Glints2/dict_0004_0190.uasset" 8900
"../../../Engine/Content/EngineMaterials/Substrate/Glints2/dict_0004_0188.uasset" 8901
"../../../Engine/Content/EngineMaterials/Substrate/Glints2/dict_0004_0187.uasset" 8902
"/Engine/EngineMaterials/Substrate/Glints2/dict_0004_0173" 8903
"../../../Engine/Content/EngineMaterials/Substrate/Glints2/dict_0004_0179.uasset" 8904
"../../../Engine/Content/EngineMaterials/Substrate/Glints2/dict_0004_0180.uasset" 8905
"/Engine/EngineMaterials/Substrate/Glints2/dict_0004_0174" 8906
"../../../Engine/Content/EngineMaterials/Substrate/Glints2/dict_0004_0194.uasset" 8907
"../../../Engine/Content/EngineMaterials/Substrate/Glints2/dict_0004_0196.uasset" 8908
"/Engine/EngineMaterials/Substrate/Glints2/dict_0004_0184" 8909
"../../../Engine/Content/EngineMaterials/Substrate/Glints2/dict_0004_0186.uasset" 8910
"/Engine/EngineMaterials/Substrate/Glints2/dict_0004_0185" 8911
"../../../Engine/Content/EngineMaterials/Substrate/Glints2/dict_0004_0182.uasset" 8912
"../../../Engine/Content/EngineMaterials/Substrate/Glints2/dict_0004_0189.uasset" 8913
"../../../Engine/Content/EngineMaterials/Substrate/Glints2/dict_0004_0183.uasset" 8914
"/Engine/EngineMaterials/Substrate/Glints2/dict_0004_0176" 8915
"/Engine/EngineMaterials/Substrate/Glints2/dict_0004_0178" 8916
"/Engine/EngineMaterials/Substrate/Glints2/dict_0004_0192" 8917
"/Engine/EngineMaterials/Substrate/Glints2/dict_0004_0195" 8918
"/Engine/EngineMaterials/Substrate/Glints2/dict_0004_0198" 8919
"../../../Engine/Content/EngineMaterials/Substrate/Glints2/dict_0004_0197.uasset" 8920
"../../../Engine/Content/EngineMaterials/Substrate/Glints2/dict_0004_0191.uasset" 8921
"/Engine/EngineMaterials/Substrate/Glints2/dict_0004_0179" 8922
"../../../Engine/Content/EngineMaterials/Substrate/Glints2/dict_0004_0167.uasset" 8923
"/Engine/EngineMaterials/Substrate/Glints2/dict_0004_0169" 8924
"../../../Engine/Content/EngineMaterials/Substrate/Glints2/dict_0004_0168.uasset" 8925
"/Engine/EngineMaterials/Substrate/Glints2/dict_0004_0180" 8926
"/Engine/EngineMaterials/Substrate/Glints2/dict_0004_0181" 8927
"../../../Engine/Content/EngineMaterials/Substrate/Glints2/dict_0004_0170.uasset" 8928
"/Engine/EngineMaterials/Substrate/Glints2/dict_0004_0182" 8929
"/Engine/EngineMaterials/Substrate/Glints2/dict_0004_0171" 8930
"/Engine/EngineMaterials/Substrate/Glints2/dict_0004_0183" 8931
"/Engine/EngineMaterials/Substrate/Glints2/dict_0004_0175" 8932
"/Engine/EngineMaterials/Substrate/Glints2/dict_0004_0186" 8933
"/Engine/EngineMaterials/Substrate/Glints2/dict_0004_0187" 8934
"/Engine/EngineMaterials/Substrate/Glints2/dict_0004_0188" 8935
"/Engine/EngineMaterials/Substrate/Glints2/dict_0004_0189" 8936
"/Engine/EngineMaterials/Substrate/Glints2/dict_0004_0177" 8937
"/Engine/EngineMaterials/Substrate/Glints2/dict_0004_0190" 8938
"../../../Engine/Content/EngineMaterials/Substrate/Glints2/dict_0004_0163.uasset" 8939
"../../../Engine/Content/EngineMaterials/Substrate/Glints2/dict_0004_0157.uasset" 8940
"/Engine/EngineMaterials/Substrate/Glints2/dict_0004_0193" 8941
"../../../Engine/Content/EngineMaterials/Substrate/Glints2/dict_0004_0165.uasset" 8942
"/Engine/EngineMaterials/Substrate/Glints2/dict_0004_0194" 8943
"/Engine/EngineMaterials/Substrate/Glints2/dict_0004_0196" 8944
"/Engine/EngineMaterials/Substrate/Glints2/dict_0004_0197" 8945
"/Engine/EngineMaterials/Substrate/Glints2/dict_0004_0168" 8946
"/Engine/EngineMaterials/Substrate/Glints2/dict_0004_0170" 8947
"/Engine/EngineMaterials/Substrate/Glints2/dict_0004_0157" 8948
"../../../Engine/Content/EngineMaterials/Substrate/Glints2/dict_0004_0162.uasset" 8949
"../../../Engine/Content/EngineMaterials/Substrate/Glints2/dict_0004_0160.uasset" 8950
"../../../Engine/Content/EngineMaterials/Substrate/Glints2/dict_0004_0161.uasset" 8951
"/Engine/EngineMaterials/Substrate/Glints2/dict_0004_0167" 8952
"/Engine/EngineMaterials/Substrate/Glints2/dict_0004_0163" 8953
"/Engine/EngineMaterials/Substrate/Glints2/dict_0004_0191" 8954
"/Engine/EngineMaterials/Substrate/Glints2/dict_0004_0165" 8955
"/Engine/EngineMaterials/Substrate/Glints2/dict_0004_0160" 8956
"../../../Engine/Content/EngineMaterials/Substrate/Glints2/dict_0004_0158.uasset" 8957
"/Engine/EngineMaterials/Substrate/Glints2/dict_0004_0161" 8958
"/Engine/EngineMaterials/Substrate/Glints2/dict_0004_0162" 8959
"/Engine/EngineMaterials/Substrate/Glints2/dict_0004_0158" 8960
"../../../Engine/Content/EngineMaterials/Substrate/Glints2/dict_0004_0159.uasset" 8961
"../../../Engine/Content/EngineMaterials/Substrate/Glints2/dict_0004_0164.uasset" 8962
"/Engine/EngineMaterials/Substrate/Glints2/dict_0004_0159" 8963
"/Engine/EngineMaterials/Substrate/Glints2/dict_0004_0164" 8964
"../../../Engine/Content/EngineMaterials/Substrate/Glints2/dict_0004_0166.uasset" 8965
"/Engine/EngineMaterials/Substrate/Glints2/dict_0004_0166" 8966
"../../../Engine/Content/EngineMaterials/Substrate/Glints2/dict_0004_0127.uasset" 8967
"../../../Engine/Content/EngineMaterials/Substrate/Glints2/dict_0004_0137.uasset" 8968
"../../../Engine/Content/EngineMaterials/Substrate/Glints2/dict_0004_0132.uasset" 8969
"../../../Engine/Content/EngineMaterials/Substrate/Glints2/dict_0004_0134.uasset" 8970
"../../../Engine/Content/EngineMaterials/Substrate/Glints2/dict_0004_0136.uasset" 8971
"../../../Engine/Content/EngineMaterials/Substrate/Glints2/dict_0004_0130.uasset" 8972
"../../../Engine/Content/EngineMaterials/Substrate/Glints2/dict_0004_0146.uasset" 8973
"../../../Engine/Content/EngineMaterials/Substrate/Glints2/dict_0004_0155.uasset" 8974
"../../../Engine/Content/EngineMaterials/Substrate/Glints2/dict_0004_0140.uasset" 8975
"../../../Engine/Content/EngineMaterials/Substrate/Glints2/dict_0004_0142.uasset" 8976
"../../../Engine/Content/EngineMaterials/Substrate/Glints2/dict_0004_0126.uasset" 8977
"/Engine/EngineMaterials/Substrate/Glints2/dict_0004_0132" 8978
"../../../Engine/Content/EngineMaterials/Substrate/Glints2/dict_0004_0129.uasset" 8979
"../../../Engine/Content/EngineMaterials/Substrate/Glints2/dict_0004_0133.uasset" 8980
"/Engine/EngineMaterials/Substrate/Glints2/dict_0004_0140" 8981
"../../../Engine/Content/EngineMaterials/Substrate/Glints2/dict_0004_0125.uasset" 8982
"../../../Engine/Content/EngineMaterials/Substrate/Glints2/dict_0004_0141.uasset" 8983
"/Engine/EngineMaterials/Substrate/Glints2/dict_0004_0134" 8984
"../../../Engine/Content/EngineMaterials/Substrate/Glints2/dict_0004_0128.uasset" 8985
"/Engine/EngineMaterials/Substrate/Glints2/dict_0004_0146" 8986
"../../../Engine/Content/EngineMaterials/Substrate/Glints2/dict_0004_0138.uasset" 8987
"/Engine/EngineMaterials/Substrate/Glints2/dict_0004_0130" 8988
"../../../Engine/Content/EngineMaterials/Substrate/Glints2/dict_0004_0154.uasset" 8989
"/Engine/EngineMaterials/Substrate/Glints2/dict_0004_0136" 8990
"/Engine/EngineMaterials/Substrate/Glints2/dict_0004_0137" 8991
"/Engine/EngineMaterials/Substrate/Glints2/dict_0004_0127" 8992
"../../../Engine/Content/EngineMaterials/Substrate/Glints2/dict_0004_0148.uasset" 8993
"../../../Engine/Content/EngineMaterials/Substrate/Glints2/dict_0004_0149.uasset" 8994
"../../../Engine/Content/EngineMaterials/Substrate/Glints2/dict_0004_0147.uasset" 8995
"../../../Engine/Content/EngineMaterials/Substrate/Glints2/dict_0004_0144.uasset" 8996
"../../../Engine/Content/EngineMaterials/Substrate/Glints2/dict_0004_0153.uasset" 8997
"/Engine/EngineMaterials/Substrate/Glints2/dict_0004_0155" 8998
"../../../Engine/Content/EngineMaterials/Substrate/Glints2/dict_0004_0143.uasset" 8999
"../../../Engine/Content/EngineMaterials/Substrate/Glints2/dict_0004_0139.uasset" 9000
"../../../Engine/Content/EngineMaterials/Substrate/Glints2/dict_0004_0150.uasset" 9001
"../../../Engine/Content/EngineMaterials/Substrate/Glints2/dict_0004_0135.uasset" 9002
"/Engine/EngineMaterials/Substrate/Glints2/dict_0004_0139" 9003
"/Engine/EngineMaterials/Substrate/Glints2/dict_0004_0141" 9004
"/Engine/EngineMaterials/Substrate/Glints2/dict_0004_0133" 9005
"../../../Engine/Content/EngineMaterials/Substrate/Glints2/dict_0004_0131.uasset" 9006
"/Engine/EngineMaterials/Substrate/Glints2/dict_0004_0142" 9007
"/Engine/EngineMaterials/Substrate/Glints2/dict_0004_0143" 9008
"/Engine/EngineMaterials/Substrate/Glints2/dict_0004_0144" 9009
"/Engine/EngineMaterials/Substrate/Glints2/dict_0004_0128" 9010
"../../../Engine/Content/EngineMaterials/Substrate/Glints2/dict_0004_0156.uasset" 9011
"/Engine/EngineMaterials/Substrate/Glints2/dict_0004_0126" 9012
"../../../Engine/Content/EngineMaterials/Substrate/Glints2/dict_0004_0145.uasset" 9013
"../../../Engine/Content/EngineMaterials/Substrate/Glints2/dict_0004_0152.uasset" 9014
"../../../Engine/Content/EngineMaterials/Substrate/Glints2/dict_0004_0151.uasset" 9015
"/Engine/EngineMaterials/Substrate/Glints2/dict_0004_0129" 9016
"/Engine/EngineMaterials/Substrate/Glints2/dict_0004_0147" 9017
"/Engine/EngineMaterials/Substrate/Glints2/dict_0004_0148" 9018
"/Engine/EngineMaterials/Substrate/Glints2/dict_0004_0149" 9019
"/Engine/EngineMaterials/Substrate/Glints2/dict_0004_0150" 9020
"/Engine/EngineMaterials/Substrate/Glints2/dict_0004_0135" 9021
"/Engine/EngineMaterials/Substrate/Glints2/dict_0004_0153" 9022
"/Engine/EngineMaterials/Substrate/Glints2/dict_0004_0154" 9023
"/Engine/EngineMaterials/Substrate/Glints2/dict_0004_0138" 9024
"/Engine/EngineMaterials/Substrate/Glints2/dict_0004_0125" 9025
"../../../Engine/Content/EngineMaterials/Substrate/Glints2/dict_0004_0116.uasset" 9026
"../../../Engine/Content/EngineMaterials/Substrate/Glints2/dict_0004_0119.uasset" 9027
"/Engine/EngineMaterials/Substrate/Glints2/dict_0004_0116" 9028
"../../../Engine/Content/EngineMaterials/Substrate/Glints2/dict_0004_0120.uasset" 9029
"/Engine/EngineMaterials/Substrate/Glints2/dict_0004_0145" 9030
"../../../Engine/Content/EngineMaterials/Substrate/Glints2/dict_0004_0117.uasset" 9031
"../../../Engine/Content/EngineMaterials/Substrate/Glints2/dict_0004_0123.uasset" 9032
"/Engine/EngineMaterials/Substrate/Glints2/dict_0004_0131" 9033
"/Engine/EngineMaterials/Substrate/Glints2/dict_0004_0151" 9034
"/Engine/EngineMaterials/Substrate/Glints2/dict_0004_0152" 9035
"/Engine/EngineMaterials/Substrate/Glints2/dict_0004_0156" 9036
"/Engine/EngineMaterials/Substrate/Glints2/dict_0004_0117" 9037
"/Engine/EngineMaterials/Substrate/Glints2/dict_0004_0119" 9038
"../../../Engine/Content/EngineMaterials/Substrate/Glints2/dict_0004_0122.uasset" 9039
"/Engine/EngineMaterials/Substrate/Glints2/dict_0004_0120" 9040
"../../../Engine/Content/EngineMaterials/Substrate/Glints2/dict_0004_0118.uasset" 9041
"/Engine/EngineMaterials/Substrate/Glints2/dict_0004_0123" 9042
"/Engine/EngineMaterials/Substrate/Glints2/dict_0004_0118" 9043
"/Engine/EngineMaterials/Substrate/Glints2/dict_0004_0122" 9044
"../../../Engine/Content/EngineMaterials/Substrate/Glints2/dict_0004_0121.uasset" 9045
"../../../Engine/Content/EngineMaterials/Substrate/Glints2/dict_0004_0124.uasset" 9046
"/Engine/EngineMaterials/Substrate/Glints2/dict_0004_0121" 9047
"/Engine/EngineMaterials/Substrate/Glints2/dict_0004_0124" 9048
"../../../Engine/Content/EngineMaterials/Substrate/Glints2/dict_0004_0087.uasset" 9049
"../../../Engine/Content/EngineMaterials/Substrate/Glints2/dict_0004_0094.uasset" 9050
"../../../Engine/Content/EngineMaterials/Substrate/Glints2/dict_0004_0088.uasset" 9051
"../../../Engine/Content/EngineMaterials/Substrate/Glints2/dict_0004_0089.uasset" 9052
"../../../Engine/Content/EngineMaterials/Substrate/Glints2/dict_0004_0105.uasset" 9053
"../../../Engine/Content/EngineMaterials/Substrate/Glints2/dict_0004_0085.uasset" 9054
"../../../Engine/Content/EngineMaterials/Substrate/Glints2/dict_0004_0084.uasset" 9055
"/Engine/EngineMaterials/Substrate/Glints2/dict_0004_0088" 9056
"../../../Engine/Content/EngineMaterials/Substrate/Glints2/dict_0004_0095.uasset" 9057
"/Engine/EngineMaterials/Substrate/Glints2/dict_0004_0105" 9058
"../../../Engine/Content/EngineMaterials/Substrate/Glints2/dict_0004_0113.uasset" 9059
"../../../Engine/Content/EngineMaterials/Substrate/Glints2/dict_0004_0104.uasset" 9060
"../../../Engine/Content/EngineMaterials/Substrate/Glints2/dict_0004_0114.uasset" 9061
"../../../Engine/Content/EngineMaterials/Substrate/Glints2/dict_0004_0096.uasset" 9062
"../../../Engine/Content/EngineMaterials/Substrate/Glints2/dict_0004_0090.uasset" 9063
"/Engine/EngineMaterials/Substrate/Glints2/dict_0004_0089" 9064
"../../../Engine/Content/EngineMaterials/Substrate/Glints2/dict_0004_0093.uasset" 9065
"../../../Engine/Content/EngineMaterials/Substrate/Glints2/dict_0004_0100.uasset" 9066
"../../../Engine/Content/EngineMaterials/Substrate/Glints2/dict_0004_0099.uasset" 9067
"/Engine/EngineMaterials/Substrate/Glints2/dict_0004_0094" 9068
"../../../Engine/Content/EngineMaterials/Substrate/Glints2/dict_0004_0098.uasset" 9069
"/Engine/EngineMaterials/Substrate/Glints2/dict_0004_0084" 9070
"../../../Engine/Content/EngineMaterials/Substrate/Glints2/dict_0004_0107.uasset" 9071
"../../../Engine/Content/EngineMaterials/Substrate/Glints2/dict_0004_0101.uasset" 9072
"../../../Engine/Content/EngineMaterials/Substrate/Glints2/dict_0004_0102.uasset" 9073
"/Engine/EngineMaterials/Substrate/Glints2/dict_0004_0087" 9074
"/Engine/EngineMaterials/Substrate/Glints2/dict_0004_0085" 9075
"../../../Engine/Content/EngineMaterials/Substrate/Glints2/dict_0004_0108.uasset" 9076
"../../../Engine/Content/EngineMaterials/Substrate/Glints2/dict_0004_0111.uasset" 9077
"/Engine/EngineMaterials/Substrate/Glints2/dict_0004_0098" 9078
"../../../Engine/Content/EngineMaterials/Substrate/Glints2/dict_0004_0112.uasset" 9079
"/Engine/EngineMaterials/Substrate/Glints2/dict_0004_0099" 9080
"../../../Engine/Content/EngineMaterials/Substrate/Glints2/dict_0004_0091.uasset" 9081
"../../../Engine/Content/EngineMaterials/Substrate/Glints2/dict_0004_0097.uasset" 9082
"/Engine/EngineMaterials/Substrate/Glints2/dict_0004_0100" 9083
"../../../Engine/Content/EngineMaterials/Substrate/Glints2/dict_0004_0103.uasset" 9084
"/Engine/EngineMaterials/Substrate/Glints2/dict_0004_0101" 9085
"/Engine/EngineMaterials/Substrate/Glints2/dict_0004_0102" 9086
"../../../Engine/Content/EngineMaterials/Substrate/Glints2/dict_0004_0086.uasset" 9087
"/Engine/EngineMaterials/Substrate/Glints2/dict_0004_0104" 9088
"../../../Engine/Content/EngineMaterials/Substrate/Glints2/dict_0004_0092.uasset" 9089
"../../../Engine/Content/EngineMaterials/Substrate/Glints2/dict_0004_0106.uasset" 9090
"../../../Engine/Content/EngineMaterials/Substrate/Glints2/dict_0004_0109.uasset" 9091
"/Engine/EngineMaterials/Substrate/Glints2/dict_0004_0093" 9092
"../../../Engine/Content/EngineMaterials/Substrate/Glints2/dict_0004_0115.uasset" 9093
"/Engine/EngineMaterials/Substrate/Glints2/dict_0004_0090" 9094
"/Engine/EngineMaterials/Substrate/Glints2/dict_0004_0107" 9095
"../../../Engine/Content/EngineMaterials/Substrate/Glints2/dict_0004_0110.uasset" 9096
"/Engine/EngineMaterials/Substrate/Glints2/dict_0004_0108" 9097
"/Engine/EngineMaterials/Substrate/Glints2/dict_0004_0095" 9098
"/Engine/EngineMaterials/Substrate/Glints2/dict_0004_0096" 9099
"/Engine/EngineMaterials/Substrate/Glints2/dict_0004_0113" 9100
"/Engine/EngineMaterials/Substrate/Glints2/dict_0004_0114" 9101
"/Engine/EngineMaterials/Substrate/Glints2/dict_0004_0092" 9102
"/Engine/EngineMaterials/Substrate/Glints2/dict_0004_0103" 9103
"/Engine/EngineMaterials/Substrate/Glints2/dict_0004_0086" 9104
"/Engine/EngineMaterials/Substrate/Glints2/dict_0004_0106" 9105
"/Engine/EngineMaterials/Substrate/Glints2/dict_0004_0109" 9106
"/Engine/EngineMaterials/Substrate/Glints2/dict_0004_0110" 9107
"/Engine/EngineMaterials/Substrate/Glints2/dict_0004_0111" 9108
"/Engine/EngineMaterials/Substrate/Glints2/dict_0004_0091" 9109
"/Engine/EngineMaterials/Substrate/Glints2/dict_0004_0112" 9110
"/Engine/EngineMaterials/Substrate/Glints2/dict_0004_0097" 9111
"/Engine/EngineMaterials/Substrate/Glints2/dict_0004_0115" 9112
"../../../Engine/Content/EngineMaterials/Substrate/Glints2/dict_0004_0082.uasset" 9113
"../../../Engine/Content/EngineMaterials/Substrate/Glints2/dict_0004_0080.uasset" 9114
"../../../Engine/Content/EngineMaterials/Substrate/Glints2/dict_0004_0083.uasset" 9115
"/Engine/EngineMaterials/Substrate/Glints2/dict_0004_0080" 9116
"/Engine/EngineMaterials/Substrate/Glints2/dict_0004_0082" 9117
"/Engine/EngineMaterials/Substrate/Glints2/dict_0004_0083" 9118
"../../../Engine/Content/EngineMaterials/Substrate/Glints2/dict_0004_0077.uasset" 9119
"../../../Engine/Content/EngineMaterials/Substrate/Glints2/dict_0004_0079.uasset" 9120
"../../../Engine/Content/EngineMaterials/Substrate/Glints2/dict_0004_0053.uasset" 9121
"../../../Engine/Content/EngineMaterials/Substrate/Glints2/dict_0004_0055.uasset" 9122
"../../../Engine/Content/EngineMaterials/Substrate/Glints2/dict_0004_0066.uasset" 9123
"../../../Engine/Content/EngineMaterials/Substrate/Glints2/dict_0004_0065.uasset" 9124
"../../../Engine/Content/EngineMaterials/Substrate/Glints2/dict_0004_0062.uasset" 9125
"../../../Engine/Content/EngineMaterials/Substrate/Glints2/dict_0004_0072.uasset" 9126
"../../../Engine/Content/EngineMaterials/Substrate/Glints2/dict_0004_0063.uasset" 9127
"../../../Engine/Content/EngineMaterials/Substrate/Glints2/dict_0004_0052.uasset" 9128
"../../../Engine/Content/EngineMaterials/Substrate/Glints2/dict_0004_0073.uasset" 9129
"../../../Engine/Content/EngineMaterials/Substrate/Glints2/dict_0004_0058.uasset" 9130
"/Engine/EngineMaterials/Substrate/Glints2/dict_0004_0063" 9131
"/Engine/EngineMaterials/Substrate/Glints2/dict_0004_0052" 9132
"../../../Engine/Content/EngineMaterials/Substrate/Glints2/dict_0004_0067.uasset" 9133
"../../../Engine/Content/EngineMaterials/Substrate/Glints2/dict_0004_0078.uasset" 9134
"/Engine/EngineMaterials/Substrate/Glints2/dict_0004_0077" 9135
"../../../Engine/Content/EngineMaterials/Substrate/Glints2/dict_0004_0068.uasset" 9136
"../../../Engine/Content/EngineMaterials/Substrate/Glints2/dict_0004_0054.uasset" 9137
"/Engine/EngineMaterials/Substrate/Glints2/dict_0004_0065" 9138
"../../../Engine/Content/EngineMaterials/Substrate/Glints2/dict_0004_0059.uasset" 9139
"../../../Engine/Content/EngineMaterials/Substrate/Glints2/dict_0004_0051.uasset" 9140
"/Engine/EngineMaterials/Substrate/Glints2/dict_0004_0066" 9141
"../../../Engine/Content/EngineMaterials/Substrate/Glints2/dict_0004_0060.uasset" 9142
"../../../Engine/Content/EngineMaterials/Substrate/Glints2/dict_0004_0061.uasset" 9143
"/Engine/EngineMaterials/Substrate/Glints2/dict_0004_0053" 9144
"../../../Engine/Content/EngineMaterials/Substrate/Glints2/dict_0004_0056.uasset" 9145
"../../../Engine/Content/EngineMaterials/Substrate/Glints2/dict_0004_0057.uasset" 9146
"/Engine/EngineMaterials/Substrate/Glints2/dict_0004_0079" 9147
"../../../Engine/Content/EngineMaterials/Substrate/Glints2/dict_0004_0049.uasset" 9148
"/Engine/EngineMaterials/Substrate/Glints2/dict_0004_0055" 9149
"/Engine/EngineMaterials/Substrate/Glints2/dict_0004_0072" 9150
"../../../Engine/Content/EngineMaterials/Substrate/Glints2/dict_0004_0069.uasset" 9151
"../../../Engine/Content/EngineMaterials/Substrate/Glints2/dict_0004_0050.uasset" 9152
"/Engine/EngineMaterials/Substrate/Glints2/dict_0004_0073" 9153
"../../../Engine/Content/EngineMaterials/Substrate/Glints2/dict_0004_0070.uasset" 9154
"../../../Engine/Content/EngineMaterials/Substrate/Glints2/dict_0004_0064.uasset" 9155
"../../../Engine/Content/EngineMaterials/Substrate/Glints2/dict_0004_0075.uasset" 9156
"../../../Engine/Content/EngineMaterials/Substrate/Glints2/dict_0004_0071.uasset" 9157
"../../../Engine/Content/EngineMaterials/Substrate/Glints2/dict_0004_0076.uasset" 9158
"../../../Engine/Content/EngineMaterials/Substrate/Glints2/dict_0004_0074.uasset" 9159
"/Engine/EngineMaterials/Substrate/Glints2/dict_0004_0058" 9160
"/Engine/EngineMaterials/Substrate/Glints2/dict_0004_0062" 9161
"/Engine/EngineMaterials/Substrate/Glints2/dict_0004_0064" 9162
"/Engine/EngineMaterials/Substrate/Glints2/dict_0004_0067" 9163
"/Engine/EngineMaterials/Substrate/Glints2/dict_0004_0054" 9164
"/Engine/EngineMaterials/Substrate/Glints2/dict_0004_0068" 9165
"/Engine/EngineMaterials/Substrate/Glints2/dict_0004_0069" 9166
"/Engine/EngineMaterials/Substrate/Glints2/dict_0004_0078" 9167
"/Engine/EngineMaterials/Substrate/Glints2/dict_0004_0070" 9168
"/Engine/EngineMaterials/Substrate/Glints2/dict_0004_0071" 9169
"/Engine/EngineMaterials/Substrate/Glints2/dict_0004_0056" 9170
"/Engine/EngineMaterials/Substrate/Glints2/dict_0004_0049" 9171
"/Engine/EngineMaterials/Substrate/Glints2/dict_0004_0057" 9172
"/Engine/EngineMaterials/Substrate/Glints2/dict_0004_0074" 9173
"/Engine/EngineMaterials/Substrate/Glints2/dict_0004_0050" 9174
"/Engine/EngineMaterials/Substrate/Glints2/dict_0004_0059" 9175
"/Engine/EngineMaterials/Substrate/Glints2/dict_0004_0060" 9176
"/Engine/EngineMaterials/Substrate/Glints2/dict_0004_0075" 9177
"/Engine/EngineMaterials/Substrate/Glints2/dict_0004_0076" 9178
"/Engine/EngineMaterials/Substrate/Glints2/dict_0004_0051" 9179
"/Engine/EngineMaterials/Substrate/Glints2/dict_0004_0061" 9180
"../../../Engine/Content/EngineMaterials/Substrate/Glints2/dict_0004_0042.uasset" 9181
"../../../Engine/Content/EngineMaterials/Substrate/Glints2/dict_0004_0081.uasset" 9182
"/Engine/EngineMaterials/Substrate/Glints2/dict_0004_0042" 9183
"/Engine/EngineMaterials/Substrate/Glints2/dict_0004_0081" 9184
"../../../Engine/Content/EngineMaterials/Substrate/Glints2/dict_0004_0041.uasset" 9185
"../../../Engine/Content/EngineMaterials/Substrate/Glints2/dict_0004_0043.uasset" 9186
"../../../Engine/Content/EngineMaterials/Substrate/Glints2/dict_0004_0048.uasset" 9187
"../../../Engine/Content/EngineMaterials/Substrate/Glints2/dict_0004_0045.uasset" 9188
"../../../Engine/Content/EngineMaterials/Substrate/Glints2/dict_0004_0046.uasset" 9189
"../../../Engine/Content/EngineMaterials/Substrate/Glints2/dict_0004_0038.uasset" 9190
"../../../Engine/Content/EngineMaterials/Substrate/Glints2/dict_0004_0044.uasset" 9191
"../../../Engine/Content/EngineMaterials/Substrate/Glints2/dict_0004_0037.uasset" 9192
"../../../Engine/Content/EngineMaterials/Substrate/Glints2/dict_0004_0047.uasset" 9193
"/Engine/EngineMaterials/Substrate/Glints2/dict_0004_0037" 9194
"../../../Engine/Content/EngineMaterials/Substrate/Glints2/dict_0004_0040.uasset" 9195
"/Engine/EngineMaterials/Substrate/Glints2/dict_0004_0038" 9196
"/Engine/EngineMaterials/Substrate/Glints2/dict_0004_0041" 9197
"/Engine/EngineMaterials/Substrate/Glints2/dict_0004_0043" 9198
"/Engine/EngineMaterials/Substrate/Glints2/dict_0004_0044" 9199
"../../../Engine/Content/EngineMaterials/Substrate/Glints2/dict_0004_0039.uasset" 9200
"/Engine/EngineMaterials/Substrate/Glints2/dict_0004_0045" 9201
"/Engine/EngineMaterials/Substrate/Glints2/dict_0004_0046" 9202
"../../../Engine/Content/EngineMaterials/Substrate/Glints2/dict_0004_0027.uasset" 9203
"../../../Engine/Content/EngineMaterials/Substrate/Glints2/dict_0004_0031.uasset" 9204
"../../../Engine/Content/EngineMaterials/Substrate/Glints2/dict_0004_0034.uasset" 9205
"../../../Engine/Content/EngineMaterials/Substrate/Glints2/dict_0004_0028.uasset" 9206
"../../../Engine/Content/EngineMaterials/Substrate/Glints2/dict_0004_0022.uasset" 9207
"../../../Engine/Content/EngineMaterials/Substrate/Glints2/dict_0004_0019.uasset" 9208
"../../../Engine/Content/EngineMaterials/Substrate/Glints2/dict_0004_0033.uasset" 9209
"../../../Engine/Content/EngineMaterials/Substrate/Glints2/dict_0004_0018.uasset" 9210
"../../../Engine/Content/EngineMaterials/Substrate/Glints2/dict_0004_0030.uasset" 9211
"/Engine/EngineMaterials/Substrate/Glints2/dict_0004_0047" 9212
"/Engine/EngineMaterials/Substrate/Glints2/dict_0004_0048" 9213
"../../../Engine/Content/EngineMaterials/Substrate/Glints2/dict_0004_0032.uasset" 9214
"../../../Engine/Content/EngineMaterials/Substrate/Glints2/dict_0004_0036.uasset" 9215
"../../../Engine/Content/EngineMaterials/Substrate/Glints2/dict_0004_0035.uasset" 9216
"../../../Engine/Content/EngineMaterials/Substrate/Glints2/dict_0004_0023.uasset" 9217
"../../../Engine/Content/EngineMaterials/Substrate/Glints2/dict_0004_0021.uasset" 9218
"../../../Engine/Content/EngineMaterials/Substrate/Glints2/dict_0004_0020.uasset" 9219
"/Engine/EngineMaterials/Substrate/Glints2/dict_0004_0039" 9220
"/Engine/EngineMaterials/Substrate/Glints2/dict_0004_0018" 9221
"../../../Engine/Content/EngineMaterials/Substrate/Glints2/dict_0004_0025.uasset" 9222
"/Engine/EngineMaterials/Substrate/Glints2/dict_0004_0040" 9223
"../../../Engine/Content/EngineMaterials/Substrate/Glints2/dict_0004_0029.uasset" 9224
"../../../Engine/Content/EngineMaterials/Substrate/Glints2/dict_0004_0016.uasset" 9225
"/Engine/EngineMaterials/Substrate/Glints2/dict_0004_0019" 9226
"/Engine/EngineMaterials/Substrate/Glints2/dict_0004_0022" 9227
"/Engine/EngineMaterials/Substrate/Glints2/dict_0004_0023" 9228
"/Engine/EngineMaterials/Substrate/Glints2/dict_0004_0027" 9229
"/Engine/EngineMaterials/Substrate/Glints2/dict_0004_0028" 9230
"/Engine/EngineMaterials/Substrate/Glints2/dict_0004_0030" 9231
"/Engine/EngineMaterials/Substrate/Glints2/dict_0004_0031" 9232
"/Engine/EngineMaterials/Substrate/Glints2/dict_0004_0032" 9233
"/Engine/EngineMaterials/Substrate/Glints2/dict_0004_0033" 9234
"/Engine/EngineMaterials/Substrate/Glints2/dict_0004_0034" 9235
"/Engine/EngineMaterials/Substrate/Glints2/dict_0004_0035" 9236
"../../../Engine/Content/EngineMaterials/Substrate/Glints2/dict_0004_0026.uasset" 9237
"/Engine/EngineMaterials/Substrate/Glints2/dict_0004_0036" 9238
"/Engine/EngineMaterials/Substrate/Glints2/dict_0004_0020" 9239
"/Engine/EngineMaterials/Substrate/Glints2/dict_0004_0021" 9240
"/Engine/EngineMaterials/Substrate/Glints2/dict_0004_0025" 9241
"/Engine/EngineMaterials/Substrate/Glints2/dict_0004_0026" 9242
"/Engine/EngineMaterials/Substrate/Glints2/dict_0004_0029" 9243
"/Engine/EngineMaterials/Substrate/Glints2/dict_0004_0016" 9244
"../../../Engine/Content/EngineMaterials/Substrate/Glints2/dict_0004_0017.uasset" 9245
"../../../Engine/Content/EngineMaterials/Substrate/Glints2/dict_0004_0009.uasset" 9246
"../../../Engine/Content/EngineMaterials/Substrate/Glints2/dict_0004_0008.uasset" 9247
"../../../Engine/Content/EngineMaterials/Substrate/Glints2/dict_0004_0013.uasset" 9248
"../../../Engine/Content/EngineMaterials/Substrate/Glints2/dict_0004_0010.uasset" 9249
"../../../Engine/Content/EngineMaterials/Substrate/Glints2/dict_0004_0014.uasset" 9250
"../../../Engine/Content/EngineMaterials/Substrate/Glints2/dict_0004_0015.uasset" 9251
"../../../Engine/Content/EngineMaterials/Substrate/Glints2/dict_0004_0012.uasset" 9252
"../../../Engine/Content/EngineMaterials/Substrate/Glints2/dict_0004_0011.uasset" 9253
"../../../Engine/Content/EngineMaterials/Substrate/Glints2/dict_0004_0007.uasset" 9254
"/Engine/EngineMaterials/Substrate/Glints2/dict_0004_0007" 9255
"/Engine/EngineMaterials/Substrate/Glints2/dict_0004_0008" 9256
"/Engine/EngineMaterials/Substrate/Glints2/dict_0004_0009" 9257
"/Engine/EngineMaterials/Substrate/Glints2/dict_0004_0017" 9258
"/Engine/EngineMaterials/Substrate/Glints2/dict_0004_0010" 9259
"../../../Engine/Content/EngineMaterials/Substrate/Glints2/dict_0003_0244.uasset" 9260
"../../../Engine/Content/EngineMaterials/Substrate/Glints2/dict_0003_0251.uasset" 9261
"../../../Engine/Content/EngineMaterials/Substrate/Glints2/dict_0003_0243.uasset" 9262
"../../../Engine/Content/EngineMaterials/Substrate/Glints2/dict_0003_0253.uasset" 9263
"../../../Engine/Content/EngineMaterials/Substrate/Glints2/dict_0003_0242.uasset" 9264
"../../../Engine/Content/EngineMaterials/Substrate/Glints2/dict_0003_0254.uasset" 9265
"/Engine/EngineMaterials/Substrate/Glints2/dict_0004_0011" 9266
"/Engine/EngineMaterials/Substrate/Glints2/dict_0004_0012" 9267
"../../../Engine/Content/EngineMaterials/Substrate/Glints2/dict_0004_0024.uasset" 9268
"/Engine/EngineMaterials/Substrate/Glints2/dict_0004_0013" 9269
"../../../Engine/Content/EngineMaterials/Substrate/Glints2/dict_0003_0255.uasset" 9270
"../../../Engine/Content/EngineMaterials/Substrate/Glints2/dict_0004_0004.uasset" 9271
"/Engine/EngineMaterials/Substrate/Glints2/dict_0004_0014" 9272
"../../../Engine/Content/EngineMaterials/Substrate/Glints2/dict_0004_0002.uasset" 9273
"/Engine/EngineMaterials/Substrate/Glints2/dict_0004_0015" 9274
"/Engine/EngineMaterials/Substrate/Glints2/dict_0003_0251" 9275
"/Engine/EngineMaterials/Substrate/Glints2/dict_0003_0242" 9276
"/Engine/EngineMaterials/Substrate/Glints2/dict_0003_0243" 9277
"/Engine/EngineMaterials/Substrate/Glints2/dict_0003_0253" 9278
"/Engine/EngineMaterials/Substrate/Glints2/dict_0004_0024" 9279
"/Engine/EngineMaterials/Substrate/Glints2/dict_0003_0244" 9280
"/Engine/EngineMaterials/Substrate/Glints2/dict_0003_0254" 9281
"/Engine/EngineMaterials/Substrate/Glints2/dict_0003_0255" 9282
"/Engine/EngineMaterials/Substrate/Glints2/dict_0004_0002" 9283
"../../../Engine/Content/EngineMaterials/Substrate/Glints2/dict_0004_0003.uasset" 9284
"/Engine/EngineMaterials/Substrate/Glints2/dict_0004_0004" 9285
"/Engine/EngineMaterials/Substrate/Glints2/dict_0004_0003" 9286
"../../../Engine/Content/EngineMaterials/Substrate/Glints2/dict_0004_0000.uasset" 9287
"../../../Engine/Content/EngineMaterials/Substrate/Glints2/dict_0003_0247.uasset" 9288
"../../../Engine/Content/EngineMaterials/Substrate/Glints2/dict_0003_0249.uasset" 9289
"../../../Engine/Content/EngineMaterials/Substrate/Glints2/dict_0003_0250.uasset" 9290
"../../../Engine/Content/EngineMaterials/Substrate/Glints2/dict_0003_0248.uasset" 9291
"../../../Engine/Content/EngineMaterials/Substrate/Glints2/dict_0003_0246.uasset" 9292
"../../../Engine/Content/EngineMaterials/Substrate/Glints2/dict_0003_0252.uasset" 9293
"../../../Engine/Content/EngineMaterials/Substrate/Glints2/dict_0004_0006.uasset" 9294
"../../../Engine/Content/EngineMaterials/Substrate/Glints2/dict_0004_0001.uasset" 9295
"../../../Engine/Content/EngineMaterials/Substrate/Glints2/dict_0003_0225.uasset" 9296
"../../../Engine/Content/EngineMaterials/Substrate/Glints2/dict_0003_0228.uasset" 9297
"../../../Engine/Content/EngineMaterials/Substrate/Glints2/dict_0003_0226.uasset" 9298
"../../../Engine/Content/EngineMaterials/Substrate/Glints2/dict_0003_0233.uasset" 9299
"../../../Engine/Content/EngineMaterials/Substrate/Glints2/dict_0003_0221.uasset" 9300
"/Engine/EngineMaterials/Substrate/Glints2/dict_0003_0248" 9301
"../../../Engine/Content/EngineMaterials/Substrate/Glints2/dict_0003_0231.uasset" 9302
"/Engine/EngineMaterials/Substrate/Glints2/dict_0003_0249" 9303
"/Engine/EngineMaterials/Substrate/Glints2/dict_0003_0250" 9304
"../../../Engine/Content/EngineMaterials/Substrate/Glints2/dict_0003_0237.uasset" 9305
"/Engine/EngineMaterials/Substrate/Glints2/dict_0003_0252" 9306
"../../../Engine/Content/EngineMaterials/Substrate/Glints2/dict_0003_0245.uasset" 9307
"../../../Engine/Content/EngineMaterials/Substrate/Glints2/dict_0003_0236.uasset" 9308
"../../../Engine/Content/EngineMaterials/Substrate/Glints2/dict_0004_0005.uasset" 9309
"/Engine/EngineMaterials/Substrate/Glints2/dict_0003_0225" 9310
"../../../Engine/Content/EngineMaterials/Substrate/Glints2/dict_0003_0238.uasset" 9311
"../../../Engine/Content/EngineMaterials/Substrate/Glints2/dict_0003_0239.uasset" 9312
"../../../Engine/Content/EngineMaterials/Substrate/Glints2/dict_0003_0241.uasset" 9313
"/Engine/EngineMaterials/Substrate/Glints2/dict_0003_0226" 9314
"../../../Engine/Content/EngineMaterials/Substrate/Glints2/dict_0003_0223.uasset" 9315
"../../../Engine/Content/EngineMaterials/Substrate/Glints2/dict_0003_0235.uasset" 9316
"../../../Engine/Content/EngineMaterials/Substrate/Glints2/dict_0003_0227.uasset" 9317
"/Engine/EngineMaterials/Substrate/Glints2/dict_0003_0228" 9318
"../../../Engine/Content/EngineMaterials/Substrate/Glints2/dict_0003_0232.uasset" 9319
"../../../Engine/Content/EngineMaterials/Substrate/Glints2/dict_0003_0234.uasset" 9320
"/Engine/EngineMaterials/Substrate/Glints2/dict_0003_0246" 9321
"../../../Engine/Content/EngineMaterials/Substrate/Glints2/dict_0003_0240.uasset" 9322
"/Engine/EngineMaterials/Substrate/Glints2/dict_0003_0247" 9323
"/Engine/EngineMaterials/Substrate/Glints2/dict_0004_0000" 9324
"../../../Engine/Content/EngineMaterials/Substrate/Glints2/dict_0003_0229.uasset" 9325
"../../../Engine/Content/EngineMaterials/Substrate/Glints2/dict_0003_0222.uasset" 9326
"/Engine/EngineMaterials/Substrate/Glints2/dict_0004_0001" 9327
"/Engine/EngineMaterials/Substrate/Glints2/dict_0004_0006" 9328
"/Engine/EngineMaterials/Substrate/Glints2/dict_0003_0232" 9329
"/Engine/EngineMaterials/Substrate/Glints2/dict_0003_0233" 9330
"/Engine/EngineMaterials/Substrate/Glints2/dict_0003_0234" 9331
"/Engine/EngineMaterials/Substrate/Glints2/dict_0003_0222" 9332
"../../../Engine/Content/EngineMaterials/Substrate/Glints2/dict_0003_0230.uasset" 9333
"/Engine/EngineMaterials/Substrate/Glints2/dict_0003_0235" 9334
"/Engine/EngineMaterials/Substrate/Glints2/dict_0003_0223" 9335
"../../../Engine/Content/EngineMaterials/Substrate/Glints2/dict_0003_0224.uasset" 9336
"/Engine/EngineMaterials/Substrate/Glints2/dict_0003_0236" 9337
"/Engine/EngineMaterials/Substrate/Glints2/dict_0003_0237" 9338
"/Engine/EngineMaterials/Substrate/Glints2/dict_0003_0227" 9339
"/Engine/EngineMaterials/Substrate/Glints2/dict_0003_0238" 9340
"/Engine/EngineMaterials/Substrate/Glints2/dict_0003_0245" 9341
"/Engine/EngineMaterials/Substrate/Glints2/dict_0003_0229" 9342
"/Engine/EngineMaterials/Substrate/Glints2/dict_0003_0239" 9343
"/Engine/EngineMaterials/Substrate/Glints2/dict_0003_0240" 9344
"/Engine/EngineMaterials/Substrate/Glints2/dict_0003_0221" 9345
"../../../Engine/Content/EngineMaterials/Substrate/Glints2/dict_0003_0213.uasset" 9346
"../../../Engine/Content/EngineMaterials/Substrate/Glints2/dict_0003_0210.uasset" 9347
"../../../Engine/Content/EngineMaterials/Substrate/Glints2/dict_0003_0214.uasset" 9348
"../../../Engine/Content/EngineMaterials/Substrate/Glints2/dict_0003_0215.uasset" 9349
"../../../Engine/Content/EngineMaterials/Substrate/Glints2/dict_0003_0212.uasset" 9350
"/Engine/EngineMaterials/Substrate/Glints2/dict_0003_0231" 9351
"../../../Engine/Content/EngineMaterials/Substrate/Glints2/dict_0003_0211.uasset" 9352
"/Engine/EngineMaterials/Substrate/Glints2/dict_0004_0005" 9353
"/Engine/EngineMaterials/Substrate/Glints2/dict_0003_0241" 9354
"/Engine/EngineMaterials/Substrate/Glints2/dict_0003_0210" 9355
"/Engine/EngineMaterials/Substrate/Glints2/dict_0003_0211" 9356
"/Engine/EngineMaterials/Substrate/Glints2/dict_0003_0224" 9357
"../../../Engine/Content/EngineMaterials/Substrate/Glints2/dict_0003_0220.uasset" 9358
"/Engine/EngineMaterials/Substrate/Glints2/dict_0003_0212" 9359
"/Engine/EngineMaterials/Substrate/Glints2/dict_0003_0213" 9360
"/Engine/EngineMaterials/Substrate/Glints2/dict_0003_0214" 9361
"/Engine/EngineMaterials/Substrate/Glints2/dict_0003_0215" 9362
"../../../Engine/Content/EngineMaterials/Substrate/Glints2/dict_0003_0209.uasset" 9363
"/Engine/EngineMaterials/Substrate/Glints2/dict_0003_0230" 9364
"/Engine/EngineMaterials/Substrate/Glints2/dict_0003_0209" 9365
"../../../Engine/Content/EngineMaterials/Substrate/Glints2/dict_0003_0219.uasset" 9366
"/Engine/EngineMaterials/Substrate/Glints2/dict_0003_0220" 9367
"/Engine/EngineMaterials/Substrate/Glints2/dict_0003_0219" 9368
"../../../Engine/Content/EngineMaterials/Substrate/Glints2/dict_0003_0217.uasset" 9369
"../../../Engine/Content/EngineMaterials/Substrate/Glints2/dict_0003_0216.uasset" 9370
"../../../Engine/Content/EngineMaterials/Substrate/Glints2/dict_0003_0218.uasset" 9371
"/Engine/EngineMaterials/Substrate/Glints2/dict_0003_0216" 9372
"/Engine/EngineMaterials/Substrate/Glints2/dict_0003_0217" 9373
"/Engine/EngineMaterials/Substrate/Glints2/dict_0003_0218" 9374
"../../../Engine/Content/EngineMaterials/Substrate/Glints2/dict_0003_0195.uasset" 9375
"../../../Engine/Content/EngineMaterials/Substrate/Glints2/dict_0003_0199.uasset" 9376
"../../../Engine/Content/EngineMaterials/Substrate/Glints2/dict_0003_0186.uasset" 9377
"../../../Engine/Content/EngineMaterials/Substrate/Glints2/dict_0003_0184.uasset" 9378
"../../../Engine/Content/EngineMaterials/Substrate/Glints2/dict_0003_0205.uasset" 9379
"../../../Engine/Content/EngineMaterials/Substrate/Glints2/dict_0003_0196.uasset" 9380
"../../../Engine/Content/EngineMaterials/Substrate/Glints2/dict_0003_0190.uasset" 9381
"/Engine/EngineMaterials/Substrate/Glints2/dict_0003_0184" 9382
"../../../Engine/Content/EngineMaterials/Substrate/Glints2/dict_0003_0185.uasset" 9383
"/Engine/EngineMaterials/Substrate/Glints2/dict_0003_0195" 9384
"../../../Engine/Content/EngineMaterials/Substrate/Glints2/dict_0003_0194.uasset" 9385
"/Engine/EngineMaterials/Substrate/Glints2/dict_0003_0196" 9386
"/Engine/EngineMaterials/Substrate/Glints2/dict_0003_0186" 9387
"../../../Engine/Content/EngineMaterials/Substrate/Glints2/dict_0003_0198.uasset" 9388
"/Engine/EngineMaterials/Substrate/Glints2/dict_0003_0199" 9389
"/Engine/EngineMaterials/Substrate/Glints2/dict_0003_0190" 9390
"../../../Engine/Content/EngineMaterials/Substrate/Glints2/dict_0003_0187.uasset" 9391
"/Engine/EngineMaterials/Substrate/Glints2/dict_0003_0205" 9392
"../../../Engine/Content/EngineMaterials/Substrate/Glints2/dict_0003_0179.uasset" 9393
"/Engine/EngineMaterials/Substrate/Glints2/dict_0003_0194" 9394
"../../../Engine/Content/EngineMaterials/Substrate/Glints2/dict_0003_0189.uasset" 9395
"../../../Engine/Content/EngineMaterials/Substrate/Glints2/dict_0003_0192.uasset" 9396
"/Engine/EngineMaterials/Substrate/Glints2/dict_0003_0185" 9397
"../../../Engine/Content/EngineMaterials/Substrate/Glints2/dict_0003_0188.uasset" 9398
"../../../Engine/Content/EngineMaterials/Substrate/Glints2/dict_0003_0182.uasset" 9399
"../../../Engine/Content/EngineMaterials/Substrate/Glints2/dict_0003_0193.uasset" 9400
"../../../Engine/Content/EngineMaterials/Substrate/Glints2/dict_0003_0191.uasset" 9401
"../../../Engine/Content/EngineMaterials/Substrate/Glints2/dict_0003_0183.uasset" 9402
"/Engine/EngineMaterials/Substrate/Glints2/dict_0003_0187" 9403
"/Engine/EngineMaterials/Substrate/Glints2/dict_0003_0198" 9404
"/Engine/EngineMaterials/Substrate/Glints2/dict_0003_0179" 9405
"/Engine/EngineMaterials/Substrate/Glints2/dict_0003_0191" 9406
"/Engine/EngineMaterials/Substrate/Glints2/dict_0003_0192" 9407
"/Engine/EngineMaterials/Substrate/Glints2/dict_0003_0183" 9408
"../../../Engine/Content/EngineMaterials/Substrate/Glints2/dict_0003_0201.uasset" 9409
"../../../Engine/Content/EngineMaterials/Substrate/Glints2/dict_0003_0206.uasset" 9410
"../../../Engine/Content/EngineMaterials/Substrate/Glints2/dict_0003_0207.uasset" 9411
"/Engine/EngineMaterials/Substrate/Glints2/dict_0003_0193" 9412
"/Engine/EngineMaterials/Substrate/Glints2/dict_0003_0188" 9413
"../../../Engine/Content/EngineMaterials/Substrate/Glints2/dict_0003_0208.uasset" 9414
"../../../Engine/Content/EngineMaterials/Substrate/Glints2/dict_0003_0203.uasset" 9415
"/Engine/EngineMaterials/Substrate/Glints2/dict_0003_0189" 9416
"../../../Engine/Content/EngineMaterials/Substrate/Glints2/dict_0003_0202.uasset" 9417
"../../../Engine/Content/EngineMaterials/Substrate/Glints2/dict_0003_0200.uasset" 9418
"../../../Engine/Content/EngineMaterials/Substrate/Glints2/dict_0003_0204.uasset" 9419
"/Engine/EngineMaterials/Substrate/Glints2/dict_0003_0182" 9420
"/Engine/EngineMaterials/Substrate/Glints2/dict_0003_0200" 9421
"/Engine/EngineMaterials/Substrate/Glints2/dict_0003_0201" 9422
"../../../Engine/Content/EngineMaterials/Substrate/Glints2/dict_0003_0181.uasset" 9423
"/Engine/EngineMaterials/Substrate/Glints2/dict_0003_0202" 9424
"/Engine/EngineMaterials/Substrate/Glints2/dict_0003_0203" 9425
"/Engine/EngineMaterials/Substrate/Glints2/dict_0003_0204" 9426
"/Engine/EngineMaterials/Substrate/Glints2/dict_0003_0206" 9427
"/Engine/EngineMaterials/Substrate/Glints2/dict_0003_0207" 9428
"/Engine/EngineMaterials/Substrate/Glints2/dict_0003_0208" 9429
"/Engine/EngineMaterials/Substrate/Glints2/dict_0003_0181" 9430
"../../../Engine/Content/EngineMaterials/Substrate/Glints2/dict_0003_0197.uasset" 9431
"/Engine/EngineMaterials/Substrate/Glints2/dict_0003_0197" 9432
"../../../Engine/Content/EngineMaterials/Substrate/Glints2/dict_0003_0180.uasset" 9433
"../../../Engine/Content/EngineMaterials/Substrate/Glints2/dict_0003_0168.uasset" 9434
"../../../Engine/Content/EngineMaterials/Substrate/Glints2/dict_0003_0158.uasset" 9435
"../../../Engine/Content/EngineMaterials/Substrate/Glints2/dict_0003_0161.uasset" 9436
"/Engine/EngineMaterials/Substrate/Glints2/dict_0003_0158" 9437
"../../../Engine/Content/EngineMaterials/Substrate/Glints2/dict_0003_0171.uasset" 9438
"/Engine/EngineMaterials/Substrate/Glints2/dict_0003_0168" 9439
"/Engine/EngineMaterials/Substrate/Glints2/dict_0003_0180" 9440
"/Engine/EngineMaterials/Substrate/Glints2/dict_0003_0161" 9441
"/Engine/EngineMaterials/Substrate/Glints2/dict_0003_0171" 9442
"../../../Engine/Content/EngineMaterials/Substrate/Glints2/dict_0003_0167.uasset" 9443
"/Engine/EngineMaterials/Substrate/Glints2/dict_0003_0167" 9444
"../../../Engine/Content/EngineMaterials/Substrate/Glints2/dict_0003_0157.uasset" 9445
"../../../Engine/Content/EngineMaterials/Substrate/Glints2/dict_0003_0156.uasset" 9446
"/Engine/EngineMaterials/Substrate/Glints2/dict_0003_0156" 9447
"../../../Engine/Content/EngineMaterials/Substrate/Glints2/dict_0003_0152.uasset" 9448
"/Engine/EngineMaterials/Substrate/Glints2/dict_0003_0157" 9449
"../../../Engine/Content/EngineMaterials/Substrate/Glints2/dict_0003_0169.uasset" 9450
"/Engine/EngineMaterials/Substrate/Glints2/dict_0003_0152" 9451
"../../../Engine/Content/EngineMaterials/Substrate/Glints2/dict_0003_0151.uasset" 9452
"../../../Engine/Content/EngineMaterials/Substrate/Glints2/dict_0003_0163.uasset" 9453
"../../../Engine/Content/EngineMaterials/Substrate/Glints2/dict_0003_0159.uasset" 9454
"/Engine/EngineMaterials/Substrate/Glints2/dict_0003_0169" 9455
"../../../Engine/Content/EngineMaterials/Substrate/Glints2/dict_0003_0162.uasset" 9456
"../../../Engine/Content/EngineMaterials/Substrate/Glints2/dict_0003_0148.uasset" 9457
"../../../Engine/Content/EngineMaterials/Substrate/Glints2/dict_0003_0175.uasset" 9458
"/Engine/EngineMaterials/Substrate/Glints2/dict_0003_0159" 9459
"../../../Engine/Content/EngineMaterials/Substrate/Glints2/dict_0003_0154.uasset" 9460
"/Engine/EngineMaterials/Substrate/Glints2/dict_0003_0148" 9461
"../../../Engine/Content/EngineMaterials/Substrate/Glints2/dict_0003_0173.uasset" 9462
"/Engine/EngineMaterials/Substrate/Glints2/dict_0003_0162" 9463
"../../../Engine/Content/EngineMaterials/Substrate/Glints2/dict_0003_0153.uasset" 9464
"/Engine/EngineMaterials/Substrate/Glints2/dict_0003_0151" 9465
"/Engine/EngineMaterials/Substrate/Glints2/dict_0003_0163" 9466
"../../../Engine/Content/EngineMaterials/Substrate/Glints2/dict_0003_0172.uasset" 9467
"/Engine/EngineMaterials/Substrate/Glints2/dict_0003_0172" 9468
"/Engine/EngineMaterials/Substrate/Glints2/dict_0003_0173" 9469
"../../../Engine/Content/EngineMaterials/Substrate/Glints2/dict_0003_0177.uasset" 9470
"../../../Engine/Content/EngineMaterials/Substrate/Glints2/dict_0003_0178.uasset" 9471
"/Engine/EngineMaterials/Substrate/Glints2/dict_0003_0153" 9472
"../../../Engine/Content/EngineMaterials/Substrate/Glints2/dict_0003_0165.uasset" 9473
"/Engine/EngineMaterials/Substrate/Glints2/dict_0003_0154" 9474
"/Engine/EngineMaterials/Substrate/Glints2/dict_0003_0175" 9475
"/Engine/EngineMaterials/Substrate/Glints2/dict_0003_0165" 9476
"../../../Engine/Content/EngineMaterials/Substrate/Glints2/dict_0003_0174.uasset" 9477
"/Engine/EngineMaterials/Substrate/Glints2/dict_0003_0177" 9478
"/Engine/EngineMaterials/Substrate/Glints2/dict_0003_0178" 9479
"/Engine/EngineMaterials/Substrate/Glints2/dict_0003_0174" 9480
"../../../Engine/Content/EngineMaterials/Substrate/Glints2/dict_0003_0176.uasset" 9481
"../../../Engine/Content/EngineMaterials/Substrate/Glints2/dict_0003_0146.uasset" 9482
"../../../Engine/Content/EngineMaterials/Substrate/Glints2/dict_0003_0150.uasset" 9483
"../../../Engine/Content/EngineMaterials/Substrate/Glints2/dict_0003_0145.uasset" 9484
"../../../Engine/Content/EngineMaterials/Substrate/Glints2/dict_0003_0160.uasset" 9485
"../../../Engine/Content/EngineMaterials/Substrate/Glints2/dict_0003_0164.uasset" 9486
"../../../Engine/Content/EngineMaterials/Substrate/Glints2/dict_0003_0139.uasset" 9487
"../../../Engine/Content/EngineMaterials/Substrate/Glints2/dict_0003_0138.uasset" 9488
"../../../Engine/Content/EngineMaterials/Substrate/Glints2/dict_0003_0147.uasset" 9489
"../../../Engine/Content/EngineMaterials/Substrate/Glints2/dict_0003_0143.uasset" 9490
"../../../Engine/Content/EngineMaterials/Substrate/Glints2/dict_0003_0141.uasset" 9491
"../../../Engine/Content/EngineMaterials/Substrate/Glints2/dict_0003_0140.uasset" 9492
"../../../Engine/Content/EngineMaterials/Substrate/Glints2/dict_0003_0131.uasset" 9493
"../../../Engine/Content/EngineMaterials/Substrate/Glints2/dict_0003_0127.uasset" 9494
"../../../Engine/Content/EngineMaterials/Substrate/Glints2/dict_0003_0136.uasset" 9495
"../../../Engine/Content/EngineMaterials/Substrate/Glints2/dict_0003_0142.uasset" 9496
"/Engine/EngineMaterials/Substrate/Glints2/dict_0003_0145" 9497
"../../../Engine/Content/EngineMaterials/Substrate/Glints2/dict_0003_0125.uasset" 9498
"/Engine/EngineMaterials/Substrate/Glints2/dict_0003_0160" 9499
"../../../Engine/Content/EngineMaterials/Substrate/Glints2/dict_0003_0134.uasset" 9500
"../../../Engine/Content/EngineMaterials/Substrate/Glints2/dict_0003_0126.uasset" 9501
"../../../Engine/Content/EngineMaterials/Substrate/Glints2/dict_0003_0166.uasset" 9502
"../../../Engine/Content/EngineMaterials/Substrate/Glints2/dict_0003_0149.uasset" 9503
"/Engine/EngineMaterials/Substrate/Glints2/dict_0003_0143" 9504
"../../../Engine/Content/EngineMaterials/Substrate/Glints2/dict_0003_0128.uasset" 9505
"../../../Engine/Content/EngineMaterials/Substrate/Glints2/dict_0003_0170.uasset" 9506
"../../../Engine/Content/EngineMaterials/Substrate/Glints2/dict_0003_0137.uasset" 9507
"../../../Engine/Content/EngineMaterials/Substrate/Glints2/dict_0003_0129.uasset" 9508
"/Engine/EngineMaterials/Substrate/Glints2/dict_0003_0146" 9509
"/Engine/EngineMaterials/Substrate/Glints2/dict_0003_0150" 9510
"/Engine/EngineMaterials/Substrate/Glints2/dict_0003_0138" 9511
"/Engine/EngineMaterials/Substrate/Glints2/dict_0003_0139" 9512
"/Engine/EngineMaterials/Substrate/Glints2/dict_0003_0147" 9513
"../../../Engine/Content/EngineMaterials/Substrate/Glints2/dict_0003_0144.uasset" 9514
"/Engine/EngineMaterials/Substrate/Glints2/dict_0003_0176" 9515
"/Engine/EngineMaterials/Substrate/Glints2/dict_0003_0140" 9516
"../../../Engine/Content/EngineMaterials/Substrate/Glints2/dict_0003_0133.uasset" 9517
"/Engine/EngineMaterials/Substrate/Glints2/dict_0003_0164" 9518
"../../../Engine/Content/EngineMaterials/Substrate/Glints2/dict_0003_0132.uasset" 9519
"../../../Engine/Content/EngineMaterials/Substrate/Glints2/dict_0003_0130.uasset" 9520
"../../../Engine/Content/EngineMaterials/Substrate/Glints2/dict_0003_0155.uasset" 9521
"/Engine/EngineMaterials/Substrate/Glints2/dict_0003_0141" 9522
"../../../Engine/Content/EngineMaterials/Substrate/Glints2/dict_0003_0135.uasset" 9523
"/Engine/EngineMaterials/Substrate/Glints2/dict_0003_0133" 9524
"/Engine/EngineMaterials/Substrate/Glints2/dict_0003_0149" 9525
"/Engine/EngineMaterials/Substrate/Glints2/dict_0003_0170" 9526
"/Engine/EngineMaterials/Substrate/Glints2/dict_0003_0125" 9527
"/Engine/EngineMaterials/Substrate/Glints2/dict_0003_0144" 9528
"/Engine/EngineMaterials/Substrate/Glints2/dict_0003_0128" 9529
"/Engine/EngineMaterials/Substrate/Glints2/dict_0003_0166" 9530
"../../../Engine/Content/EngineMaterials/Substrate/Glints2/dict_0003_0124.uasset" 9531
"/Engine/EngineMaterials/Substrate/Glints2/dict_0003_0129" 9532
"/Engine/EngineMaterials/Substrate/Glints2/dict_0003_0142" 9533
"/Engine/EngineMaterials/Substrate/Glints2/dict_0003_0134" 9534
"/Engine/EngineMaterials/Substrate/Glints2/dict_0003_0136" 9535
"/Engine/EngineMaterials/Substrate/Glints2/dict_0003_0137" 9536
"/Engine/EngineMaterials/Substrate/Glints2/dict_0003_0130" 9537
"/Engine/EngineMaterials/Substrate/Glints2/dict_0003_0131" 9538
"/Engine/EngineMaterials/Substrate/Glints2/dict_0003_0126" 9539
"/Engine/EngineMaterials/Substrate/Glints2/dict_0003_0127" 9540
"/Engine/EngineMaterials/Substrate/Glints2/dict_0003_0132" 9541
"/Engine/EngineMaterials/Substrate/Glints2/dict_0003_0155" 9542
"/Engine/EngineMaterials/Substrate/Glints2/dict_0003_0135" 9543
"/Engine/EngineMaterials/Substrate/Glints2/dict_0003_0124" 9544
"../../../Engine/Content/EngineMaterials/Substrate/Glints2/dict_0003_0121.uasset" 9545
"../../../Engine/Content/EngineMaterials/Substrate/Glints2/dict_0003_0118.uasset" 9546
"../../../Engine/Content/EngineMaterials/Substrate/Glints2/dict_0003_0116.uasset" 9547
"../../../Engine/Content/EngineMaterials/Substrate/Glints2/dict_0003_0123.uasset" 9548
"../../../Engine/Content/EngineMaterials/Substrate/Glints2/dict_0003_0117.uasset" 9549
"../../../Engine/Content/EngineMaterials/Substrate/Glints2/dict_0003_0113.uasset" 9550
"../../../Engine/Content/EngineMaterials/Substrate/Glints2/dict_0003_0114.uasset" 9551
"../../../Engine/Content/EngineMaterials/Substrate/Glints2/dict_0003_0112.uasset" 9552
"../../../Engine/Content/EngineMaterials/Substrate/Glints2/dict_0003_0122.uasset" 9553
"../../../Engine/Content/EngineMaterials/Substrate/Glints2/dict_0003_0115.uasset" 9554
"../../../Engine/Content/EngineMaterials/Substrate/Glints2/dict_0003_0119.uasset" 9555
"/Engine/EngineMaterials/Substrate/Glints2/dict_0003_0112" 9556
"/Engine/EngineMaterials/Substrate/Glints2/dict_0003_0113" 9557
"/Engine/EngineMaterials/Substrate/Glints2/dict_0003_0114" 9558
"/Engine/EngineMaterials/Substrate/Glints2/dict_0003_0115" 9559
"/Engine/EngineMaterials/Substrate/Glints2/dict_0003_0116" 9560
"../../../Engine/Content/EngineMaterials/Substrate/Glints2/dict_0003_0120.uasset" 9561
"/Engine/EngineMaterials/Substrate/Glints2/dict_0003_0117" 9562
"../../../Engine/Content/EngineMaterials/Substrate/Glints2/dict_0003_0102.uasset" 9563
"../../../Engine/Content/EngineMaterials/Substrate/Glints2/dict_0003_0104.uasset" 9564
"/Engine/EngineMaterials/Substrate/Glints2/dict_0003_0118" 9565
"../../../Engine/Content/EngineMaterials/Substrate/Glints2/dict_0003_0096.uasset" 9566
"../../../Engine/Content/EngineMaterials/Substrate/Glints2/dict_0003_0098.uasset" 9567
"../../../Engine/Content/EngineMaterials/Substrate/Glints2/dict_0003_0105.uasset" 9568
"../../../Engine/Content/EngineMaterials/Substrate/Glints2/dict_0003_0108.uasset" 9569
"../../../Engine/Content/EngineMaterials/Substrate/Glints2/dict_0003_0101.uasset" 9570
"../../../Engine/Content/EngineMaterials/Substrate/Glints2/dict_0003_0099.uasset" 9571
"../../../Engine/Content/EngineMaterials/Substrate/Glints2/dict_0003_0100.uasset" 9572
"../../../Engine/Content/EngineMaterials/Substrate/Glints2/dict_0003_0103.uasset" 9573
"../../../Engine/Content/EngineMaterials/Substrate/Glints2/dict_0003_0111.uasset" 9574
"../../../Engine/Content/EngineMaterials/Substrate/Glints2/dict_0003_0094.uasset" 9575
"../../../Engine/Content/EngineMaterials/Substrate/Glints2/dict_0003_0097.uasset" 9576
"../../../Engine/Content/EngineMaterials/Substrate/Glints2/dict_0003_0092.uasset" 9577
"/Engine/EngineMaterials/Substrate/Glints2/dict_0003_0119" 9578
"../../../Engine/Content/EngineMaterials/Substrate/Glints2/dict_0003_0093.uasset" 9579
"/Engine/EngineMaterials/Substrate/Glints2/dict_0003_0121" 9580
"/Engine/EngineMaterials/Substrate/Glints2/dict_0003_0122" 9581
"../../../Engine/Content/EngineMaterials/Substrate/Glints2/dict_0003_0106.uasset" 9582
"/Engine/EngineMaterials/Substrate/Glints2/dict_0003_0123" 9583
"/Engine/EngineMaterials/Substrate/Glints2/dict_0003_0094" 9584
"../../../Engine/Content/EngineMaterials/Substrate/Glints2/dict_0003_0095.uasset" 9585
"/Engine/EngineMaterials/Substrate/Glints2/dict_0003_0096" 9586
"/Engine/EngineMaterials/Substrate/Glints2/dict_0003_0097" 9587
"/Engine/EngineMaterials/Substrate/Glints2/dict_0003_0098" 9588
"/Engine/EngineMaterials/Substrate/Glints2/dict_0003_0099" 9589
"/Engine/EngineMaterials/Substrate/Glints2/dict_0003_0100" 9590
"/Engine/EngineMaterials/Substrate/Glints2/dict_0003_0101" 9591
"../../../Engine/Content/EngineMaterials/Substrate/Glints2/dict_0003_0109.uasset" 9592
"../../../Engine/Content/EngineMaterials/Substrate/Glints2/dict_0003_0110.uasset" 9593
"/Engine/EngineMaterials/Substrate/Glints2/dict_0003_0102" 9594
"/Engine/EngineMaterials/Substrate/Glints2/dict_0003_0103" 9595
"/Engine/EngineMaterials/Substrate/Glints2/dict_0003_0092" 9596
"/Engine/EngineMaterials/Substrate/Glints2/dict_0003_0093" 9597
"../../../Engine/Content/EngineMaterials/Substrate/Glints2/dict_0003_0107.uasset" 9598
"/Engine/EngineMaterials/Substrate/Glints2/dict_0003_0104" 9599
"/Engine/EngineMaterials/Substrate/Glints2/dict_0003_0105" 9600
"/Engine/EngineMaterials/Substrate/Glints2/dict_0003_0106" 9601
"/Engine/EngineMaterials/Substrate/Glints2/dict_0003_0108" 9602
"/Engine/EngineMaterials/Substrate/Glints2/dict_0003_0120" 9603
"/Engine/EngineMaterials/Substrate/Glints2/dict_0003_0111" 9604
"/Engine/EngineMaterials/Substrate/Glints2/dict_0003_0095" 9605
"/Engine/EngineMaterials/Substrate/Glints2/dict_0003_0107" 9606
"/Engine/EngineMaterials/Substrate/Glints2/dict_0003_0109" 9607
"/Engine/EngineMaterials/Substrate/Glints2/dict_0003_0110" 9608
"../../../Engine/Content/EngineMaterials/Substrate/Glints2/dict_0003_0083.uasset" 9609
"../../../Engine/Content/EngineMaterials/Substrate/Glints2/dict_0003_0085.uasset" 9610
"../../../Engine/Content/EngineMaterials/Substrate/Glints2/dict_0003_0081.uasset" 9611
"../../../Engine/Content/EngineMaterials/Substrate/Glints2/dict_0003_0087.uasset" 9612
"../../../Engine/Content/EngineMaterials/Substrate/Glints2/dict_0003_0086.uasset" 9613
"../../../Engine/Content/EngineMaterials/Substrate/Glints2/dict_0003_0091.uasset" 9614
"../../../Engine/Content/EngineMaterials/Substrate/Glints2/dict_0003_0090.uasset" 9615
"/Engine/EngineMaterials/Substrate/Glints2/dict_0003_0081" 9616
"/Engine/EngineMaterials/Substrate/Glints2/dict_0003_0083" 9617
"../../../Engine/Content/EngineMaterials/Substrate/Glints2/dict_0003_0082.uasset" 9618
"../../../Engine/Content/EngineMaterials/Substrate/Glints2/dict_0003_0088.uasset" 9619
"../../../Engine/Content/EngineMaterials/Substrate/Glints2/dict_0003_0084.uasset" 9620
"/Engine/EngineMaterials/Substrate/Glints2/dict_0003_0085" 9621
"../../../Engine/Content/EngineMaterials/Substrate/Glints2/dict_0003_0089.uasset" 9622
"/Engine/EngineMaterials/Substrate/Glints2/dict_0003_0086" 9623
"/Engine/EngineMaterials/Substrate/Glints2/dict_0003_0087" 9624
"/Engine/EngineMaterials/Substrate/Glints2/dict_0003_0090" 9625
"/Engine/EngineMaterials/Substrate/Glints2/dict_0003_0091" 9626
"../../../Engine/Content/EngineMaterials/Substrate/Glints2/dict_0003_0077.uasset" 9627
"../../../Engine/Content/EngineMaterials/Substrate/Glints2/dict_0003_0075.uasset" 9628
"../../../Engine/Content/EngineMaterials/Substrate/Glints2/dict_0003_0074.uasset" 9629
"../../../Engine/Content/EngineMaterials/Substrate/Glints2/dict_0003_0080.uasset" 9630
"/Engine/EngineMaterials/Substrate/Glints2/dict_0003_0082" 9631
"/Engine/EngineMaterials/Substrate/Glints2/dict_0003_0084" 9632
"/Engine/EngineMaterials/Substrate/Glints2/dict_0003_0074" 9633
"/Engine/EngineMaterials/Substrate/Glints2/dict_0003_0075" 9634
"../../../Engine/Content/EngineMaterials/Substrate/Glints2/dict_0003_0079.uasset" 9635
"../../../Engine/Content/EngineMaterials/Substrate/Glints2/dict_0003_0076.uasset" 9636
"/Engine/EngineMaterials/Substrate/Glints2/dict_0003_0077" 9637
"/Engine/EngineMaterials/Substrate/Glints2/dict_0003_0088" 9638
"/Engine/EngineMaterials/Substrate/Glints2/dict_0003_0080" 9639
"/Engine/EngineMaterials/Substrate/Glints2/dict_0003_0089" 9640
"../../../Engine/Content/EngineMaterials/Substrate/Glints2/dict_0003_0071.uasset" 9641
"../../../Engine/Content/EngineMaterials/Substrate/Glints2/dict_0003_0078.uasset" 9642
"/Engine/EngineMaterials/Substrate/Glints2/dict_0003_0071" 9643
"/Engine/EngineMaterials/Substrate/Glints2/dict_0003_0076" 9644
"/Engine/EngineMaterials/Substrate/Glints2/dict_0003_0078" 9645
"../../../Engine/Content/EngineMaterials/Substrate/Glints2/dict_0003_0061.uasset" 9646
"/Engine/EngineMaterials/Substrate/Glints2/dict_0003_0079" 9647
"../../../Engine/Content/EngineMaterials/Substrate/Glints2/dict_0003_0062.uasset" 9648
"/Engine/EngineMaterials/Substrate/Glints2/dict_0003_0061" 9649
"/Engine/EngineMaterials/Substrate/Glints2/dict_0003_0062" 9650
"../../../Engine/Content/EngineMaterials/Substrate/Glints2/dict_0003_0073.uasset" 9651
"../../../Engine/Content/EngineMaterials/Substrate/Glints2/dict_0003_0060.uasset" 9652
"../../../Engine/Content/EngineMaterials/Substrate/Glints2/dict_0003_0068.uasset" 9653
"../../../Engine/Content/EngineMaterials/Substrate/Glints2/dict_0003_0064.uasset" 9654
"../../../Engine/Content/EngineMaterials/Substrate/Glints2/dict_0003_0070.uasset" 9655
"../../../Engine/Content/EngineMaterials/Substrate/Glints2/dict_0003_0066.uasset" 9656
"../../../Engine/Content/EngineMaterials/Substrate/Glints2/dict_0003_0063.uasset" 9657
"../../../Engine/Content/EngineMaterials/Substrate/Glints2/dict_0003_0065.uasset" 9658
"../../../Engine/Content/EngineMaterials/Substrate/Glints2/dict_0003_0055.uasset" 9659
"../../../Engine/Content/EngineMaterials/Substrate/Glints2/dict_0003_0056.uasset" 9660
"../../../Engine/Content/EngineMaterials/Substrate/Glints2/dict_0003_0052.uasset" 9661
"../../../Engine/Content/EngineMaterials/Substrate/Glints2/dict_0003_0051.uasset" 9662
"../../../Engine/Content/EngineMaterials/Substrate/Glints2/dict_0003_0041.uasset" 9663
"../../../Engine/Content/EngineMaterials/Substrate/Glints2/dict_0003_0072.uasset" 9664
"/Engine/EngineMaterials/Substrate/Glints2/dict_0003_0064" 9665
"/Engine/EngineMaterials/Substrate/Glints2/dict_0003_0060" 9666
"../../../Engine/Content/EngineMaterials/Substrate/Glints2/dict_0003_0040.uasset" 9667
"/Engine/EngineMaterials/Substrate/Glints2/dict_0003_0065" 9668
"../../../Engine/Content/EngineMaterials/Substrate/Glints2/dict_0003_0058.uasset" 9669
"/Engine/EngineMaterials/Substrate/Glints2/dict_0003_0066" 9670
"../../../Engine/Content/EngineMaterials/Substrate/Glints2/dict_0003_0049.uasset" 9671
"../../../Engine/Content/EngineMaterials/Substrate/Glints2/dict_0003_0057.uasset" 9672
"../../../Engine/Content/EngineMaterials/Substrate/Glints2/dict_0003_0067.uasset" 9673
"/Engine/EngineMaterials/Substrate/Glints2/dict_0003_0068" 9674
"../../../Engine/Content/EngineMaterials/Substrate/Glints2/dict_0003_0039.uasset" 9675
"../../../Engine/Content/EngineMaterials/Substrate/Glints2/dict_0003_0069.uasset" 9676
"/Engine/EngineMaterials/Substrate/Glints2/dict_0003_0070" 9677
"../../../Engine/Content/EngineMaterials/Substrate/Glints2/dict_0003_0044.uasset" 9678
"../../../Engine/Content/EngineMaterials/Substrate/Glints2/dict_0003_0046.uasset" 9679
"../../../Engine/Content/EngineMaterials/Substrate/Glints2/dict_0003_0050.uasset" 9680
"/Engine/EngineMaterials/Substrate/Glints2/dict_0003_0073" 9681
"../../../Engine/Content/EngineMaterials/Substrate/Glints2/dict_0003_0059.uasset" 9682
"/Engine/EngineMaterials/Substrate/Glints2/dict_0003_0055" 9683
"../../../Engine/Content/EngineMaterials/Substrate/Glints2/dict_0003_0053.uasset" 9684
"/Engine/EngineMaterials/Substrate/Glints2/dict_0003_0056" 9685
"../../../Engine/Content/EngineMaterials/Substrate/Glints2/dict_0003_0043.uasset" 9686
"/Engine/EngineMaterials/Substrate/Glints2/dict_0003_0063" 9687
"../../../Engine/Content/EngineMaterials/Substrate/Glints2/dict_0003_0048.uasset" 9688
"../../../Engine/Content/EngineMaterials/Substrate/Glints2/dict_0003_0045.uasset" 9689
"/Engine/EngineMaterials/Substrate/Glints2/dict_0003_0051" 9690
"../../../Engine/Content/EngineMaterials/Substrate/Glints2/dict_0003_0054.uasset" 9691
"../../../Engine/Content/EngineMaterials/Substrate/Glints2/dict_0003_0042.uasset" 9692
"../../../Engine/Content/EngineMaterials/Substrate/Glints2/dict_0003_0047.uasset" 9693
"/Engine/EngineMaterials/Substrate/Glints2/dict_0003_0052" 9694
"/Engine/EngineMaterials/Substrate/Glints2/dict_0003_0053" 9695
"/Engine/EngineMaterials/Substrate/Glints2/dict_0003_0045" 9696
"/Engine/EngineMaterials/Substrate/Glints2/dict_0003_0054" 9697
"/Engine/EngineMaterials/Substrate/Glints2/dict_0003_0067" 9698
"/Engine/EngineMaterials/Substrate/Glints2/dict_0003_0069" 9699
"/Engine/EngineMaterials/Substrate/Glints2/dict_0003_0041" 9700
"/Engine/EngineMaterials/Substrate/Glints2/dict_0003_0072" 9701
"/Engine/EngineMaterials/Substrate/Glints2/dict_0003_0046" 9702
"/Engine/EngineMaterials/Substrate/Glints2/dict_0003_0047" 9703
"/Engine/EngineMaterials/Substrate/Glints2/dict_0003_0048" 9704
"/Engine/EngineMaterials/Substrate/Glints2/dict_0003_0042" 9705
"/Engine/EngineMaterials/Substrate/Glints2/dict_0003_0049" 9706
"/Engine/EngineMaterials/Substrate/Glints2/dict_0003_0039" 9707
"/Engine/EngineMaterials/Substrate/Glints2/dict_0003_0043" 9708
"/Engine/EngineMaterials/Substrate/Glints2/dict_0003_0040" 9709
"/Engine/EngineMaterials/Substrate/Glints2/dict_0003_0057" 9710
"/Engine/EngineMaterials/Substrate/Glints2/dict_0003_0050" 9711
"/Engine/EngineMaterials/Substrate/Glints2/dict_0003_0044" 9712
"/Engine/EngineMaterials/Substrate/Glints2/dict_0003_0058" 9713
"/Engine/EngineMaterials/Substrate/Glints2/dict_0003_0059" 9714
"../../../Engine/Content/EngineMaterials/Substrate/Glints2/dict_0003_0032.uasset" 9715
"../../../Engine/Content/EngineMaterials/Substrate/Glints2/dict_0003_0038.uasset" 9716
"../../../Engine/Content/EngineMaterials/Substrate/Glints2/dict_0003_0037.uasset" 9717
"../../../Engine/Content/EngineMaterials/Substrate/Glints2/dict_0003_0029.uasset" 9718
"../../../Engine/Content/EngineMaterials/Substrate/Glints2/dict_0003_0027.uasset" 9719
"../../../Engine/Content/EngineMaterials/Substrate/Glints2/dict_0003_0036.uasset" 9720
"../../../Engine/Content/EngineMaterials/Substrate/Glints2/dict_0003_0031.uasset" 9721
"../../../Engine/Content/EngineMaterials/Substrate/Glints2/dict_0003_0030.uasset" 9722
"../../../Engine/Content/EngineMaterials/Substrate/Glints2/dict_0003_0034.uasset" 9723
"../../../Engine/Content/EngineMaterials/Substrate/Glints2/dict_0003_0035.uasset" 9724
"/Engine/EngineMaterials/Substrate/Glints2/dict_0003_0027" 9725
"/Engine/EngineMaterials/Substrate/Glints2/dict_0003_0029" 9726
"../../../Engine/Content/EngineMaterials/Substrate/Glints2/dict_0003_0028.uasset" 9727
"/Engine/EngineMaterials/Substrate/Glints2/dict_0003_0030" 9728
"/Engine/EngineMaterials/Substrate/Glints2/dict_0003_0031" 9729
"/Engine/EngineMaterials/Substrate/Glints2/dict_0003_0032" 9730
"/Engine/EngineMaterials/Substrate/Glints2/dict_0003_0034" 9731
"/Engine/EngineMaterials/Substrate/Glints2/dict_0003_0035" 9732
"/Engine/EngineMaterials/Substrate/Glints2/dict_0003_0036" 9733
"/Engine/EngineMaterials/Substrate/Glints2/dict_0003_0037" 9734
"../../../Engine/Content/EngineMaterials/Substrate/Glints2/dict_0003_0010.uasset" 9735
"../../../Engine/Content/EngineMaterials/Substrate/Glints2/dict_0003_0024.uasset" 9736
"../../../Engine/Content/EngineMaterials/Substrate/Glints2/dict_0003_0011.uasset" 9737
"../../../Engine/Content/EngineMaterials/Substrate/Glints2/dict_0003_0025.uasset" 9738
"../../../Engine/Content/EngineMaterials/Substrate/Glints2/dict_0003_0033.uasset" 9739
"../../../Engine/Content/EngineMaterials/Substrate/Glints2/dict_0003_0015.uasset" 9740
"/Engine/EngineMaterials/Substrate/Glints2/dict_0003_0038" 9741
"../../../Engine/Content/EngineMaterials/Substrate/Glints2/dict_0003_0009.uasset" 9742
"/Engine/EngineMaterials/Substrate/Glints2/dict_0003_0028" 9743
"../../../Engine/Content/EngineMaterials/Substrate/Glints2/dict_0003_0021.uasset" 9744
"/Engine/EngineMaterials/Substrate/Glints2/dict_0003_0010" 9745
"../../../Engine/Content/EngineMaterials/Substrate/Glints2/dict_0003_0018.uasset" 9746
"/Engine/EngineMaterials/Substrate/Glints2/dict_0003_0011" 9747
"../../../Engine/Content/EngineMaterials/Substrate/Glints2/dict_0003_0020.uasset" 9748
"/Engine/EngineMaterials/Substrate/Glints2/dict_0003_0033" 9749
"../../../Engine/Content/EngineMaterials/Substrate/Glints2/dict_0003_0017.uasset" 9750
"../../../Engine/Content/EngineMaterials/Substrate/Glints2/dict_0003_0016.uasset" 9751
"../../../Engine/Content/EngineMaterials/Substrate/Glints2/dict_0003_0012.uasset" 9752
"../../../Engine/Content/EngineMaterials/Substrate/Glints2/dict_0003_0014.uasset" 9753
"../../../Engine/Content/EngineMaterials/Substrate/Glints2/dict_0003_0013.uasset" 9754
"../../../Engine/Content/EngineMaterials/Substrate/Glints2/dict_0003_0023.uasset" 9755
"/Engine/EngineMaterials/Substrate/Glints2/dict_0003_0015" 9756
"/Engine/EngineMaterials/Substrate/Glints2/dict_0003_0024" 9757
"../../../Engine/Content/EngineMaterials/Substrate/Glints2/dict_0003_0022.uasset" 9758
"/Engine/EngineMaterials/Substrate/Glints2/dict_0003_0025" 9759
"../../../Engine/Content/EngineMaterials/Substrate/Glints2/dict_0003_0008.uasset" 9760
"../../../Engine/Content/EngineMaterials/Substrate/Glints2/dict_0003_0007.uasset" 9761
"/Engine/EngineMaterials/Substrate/Glints2/dict_0003_0009" 9762
"/Engine/EngineMaterials/Substrate/Glints2/dict_0003_0012" 9763
"../../../Engine/Content/EngineMaterials/Substrate/Glints2/dict_0003_0026.uasset" 9764
"/Engine/EngineMaterials/Substrate/Glints2/dict_0003_0013" 9765
"/Engine/EngineMaterials/Substrate/Glints2/dict_0003_0014" 9766
"../../../Engine/Content/EngineMaterials/Substrate/Glints2/dict_0003_0019.uasset" 9767
"/Engine/EngineMaterials/Substrate/Glints2/dict_0003_0016" 9768
"/Engine/EngineMaterials/Substrate/Glints2/dict_0003_0017" 9769
"/Engine/EngineMaterials/Substrate/Glints2/dict_0003_0018" 9770
"../../../Engine/Content/EngineMaterials/Substrate/Glints2/dict_0002_0250.uasset" 9771
"../../../Engine/Content/EngineMaterials/Substrate/Glints2/dict_0002_0247.uasset" 9772
"/Engine/EngineMaterials/Substrate/Glints2/dict_0003_0020" 9773
"/Engine/EngineMaterials/Substrate/Glints2/dict_0003_0021" 9774
"../../../Engine/Content/EngineMaterials/Substrate/Glints2/dict_0003_0004.uasset" 9775
"../../../Engine/Content/EngineMaterials/Substrate/Glints2/dict_0002_0254.uasset" 9776
"../../../Engine/Content/EngineMaterials/Substrate/Glints2/dict_0003_0000.uasset" 9777
"../../../Engine/Content/EngineMaterials/Substrate/Glints2/dict_0002_0246.uasset" 9778
"../../../Engine/Content/EngineMaterials/Substrate/Glints2/dict_0003_0002.uasset" 9779
"../../../Engine/Content/EngineMaterials/Substrate/Glints2/dict_0003_0005.uasset" 9780
"/Engine/EngineMaterials/Substrate/Glints2/dict_0003_0022" 9781
"../../../Engine/Content/EngineMaterials/Substrate/Glints2/dict_0002_0248.uasset" 9782
"../../../Engine/Content/EngineMaterials/Substrate/Glints2/dict_0003_0006.uasset" 9783
"../../../Engine/Content/EngineMaterials/Substrate/Glints2/dict_0003_0001.uasset" 9784
"/Engine/EngineMaterials/Substrate/Glints2/dict_0003_0023" 9785
"/Engine/EngineMaterials/Substrate/Glints2/dict_0003_0007" 9786
"../../../Engine/Content/EngineMaterials/Substrate/Glints2/dict_0002_0253.uasset" 9787
"/Engine/EngineMaterials/Substrate/Glints2/dict_0002_0246" 9788
"/Engine/EngineMaterials/Substrate/Glints2/dict_0003_0008" 9789
"/Engine/EngineMaterials/Substrate/Glints2/dict_0002_0254" 9790
"../../../Engine/Content/EngineMaterials/Substrate/Glints2/dict_0002_0252.uasset" 9791
"/Engine/EngineMaterials/Substrate/Glints2/dict_0002_0247" 9792
"../../../Engine/Content/EngineMaterials/Substrate/Glints2/dict_0002_0249.uasset" 9793
"/Engine/EngineMaterials/Substrate/Glints2/dict_0003_0000" 9794
"/Engine/EngineMaterials/Substrate/Glints2/dict_0002_0248" 9795
"/Engine/EngineMaterials/Substrate/Glints2/dict_0003_0001" 9796
"/Engine/EngineMaterials/Substrate/Glints2/dict_0002_0250" 9797
"/Engine/EngineMaterials/Substrate/Glints2/dict_0003_0002" 9798
"/Engine/EngineMaterials/Substrate/Glints2/dict_0003_0019" 9799
"/Engine/EngineMaterials/Substrate/Glints2/dict_0003_0004" 9800
"/Engine/EngineMaterials/Substrate/Glints2/dict_0003_0005" 9801
"/Engine/EngineMaterials/Substrate/Glints2/dict_0003_0006" 9802
"/Engine/EngineMaterials/Substrate/Glints2/dict_0003_0026" 9803
"/Engine/EngineMaterials/Substrate/Glints2/dict_0002_0253" 9804
"../../../Engine/Content/EngineMaterials/Substrate/Glints2/dict_0003_0003.uasset" 9805
"/Engine/EngineMaterials/Substrate/Glints2/dict_0002_0249" 9806
"../../../Engine/Content/EngineMaterials/Substrate/Glints2/dict_0002_0251.uasset" 9807
"../../../Engine/Content/EngineMaterials/Substrate/Glints2/dict_0002_0255.uasset" 9808
"/Engine/EngineMaterials/Substrate/Glints2/dict_0002_0252" 9809
"/Engine/EngineMaterials/Substrate/Glints2/dict_0002_0255" 9810
"/Engine/EngineMaterials/Substrate/Glints2/dict_0003_0003" 9811
"/Engine/EngineMaterials/Substrate/Glints2/dict_0002_0251" 9812
"../../../Engine/Content/EngineMaterials/Substrate/Glints2/dict_0002_0227.uasset" 9813
"../../../Engine/Content/EngineMaterials/Substrate/Glints2/dict_0002_0226.uasset" 9814
"../../../Engine/Content/EngineMaterials/Substrate/Glints2/dict_0002_0228.uasset" 9815
"../../../Engine/Content/EngineMaterials/Substrate/Glints2/dict_0002_0225.uasset" 9816
"../../../Engine/Content/EngineMaterials/Substrate/Glints2/dict_0002_0229.uasset" 9817
"../../../Engine/Content/EngineMaterials/Substrate/Glints2/dict_0002_0234.uasset" 9818
"../../../Engine/Content/EngineMaterials/Substrate/Glints2/dict_0002_0216.uasset" 9819
"/Engine/EngineMaterials/Substrate/Glints2/dict_0002_0228" 9820
"../../../Engine/Content/EngineMaterials/Substrate/Glints2/dict_0002_0218.uasset" 9821
"../../../Engine/Content/EngineMaterials/Substrate/Glints2/dict_0002_0219.uasset" 9822
"../../../Engine/Content/EngineMaterials/Substrate/Glints2/dict_0002_0235.uasset" 9823
"../../../Engine/Content/EngineMaterials/Substrate/Glints2/dict_0002_0236.uasset" 9824
"/Engine/EngineMaterials/Substrate/Glints2/dict_0002_0229" 9825
"../../../Engine/Content/EngineMaterials/Substrate/Glints2/dict_0002_0241.uasset" 9826
"/Engine/EngineMaterials/Substrate/Glints2/dict_0002_0234" 9827
"../../../Engine/Content/EngineMaterials/Substrate/Glints2/dict_0002_0231.uasset" 9828
"/Engine/EngineMaterials/Substrate/Glints2/dict_0002_0235" 9829
"../../../Engine/Content/EngineMaterials/Substrate/Glints2/dict_0002_0230.uasset" 9830
"/Engine/EngineMaterials/Substrate/Glints2/dict_0002_0225" 9831
"../../../Engine/Content/EngineMaterials/Substrate/Glints2/dict_0002_0215.uasset" 9832
"../../../Engine/Content/EngineMaterials/Substrate/Glints2/dict_0002_0232.uasset" 9833
"/Engine/EngineMaterials/Substrate/Glints2/dict_0002_0226" 9834
"../../../Engine/Content/EngineMaterials/Substrate/Glints2/dict_0002_0224.uasset" 9835
"../../../Engine/Content/EngineMaterials/Substrate/Glints2/dict_0002_0214.uasset" 9836
"/Engine/EngineMaterials/Substrate/Glints2/dict_0002_0227" 9837
"/Engine/EngineMaterials/Substrate/Glints2/dict_0002_0236" 9838
"../../../Engine/Content/EngineMaterials/Substrate/Glints2/dict_0002_0223.uasset" 9839
"../../../Engine/Content/EngineMaterials/Substrate/Glints2/dict_0002_0221.uasset" 9840
"../../../Engine/Content/EngineMaterials/Substrate/Glints2/dict_0002_0244.uasset" 9841
"../../../Engine/Content/EngineMaterials/Substrate/Glints2/dict_0002_0217.uasset" 9842
"../../../Engine/Content/EngineMaterials/Substrate/Glints2/dict_0002_0222.uasset" 9843
"/Engine/EngineMaterials/Substrate/Glints2/dict_0002_0218" 9844
"../../../Engine/Content/EngineMaterials/Substrate/Glints2/dict_0002_0220.uasset" 9845
"../../../Engine/Content/EngineMaterials/Substrate/Glints2/dict_0002_0239.uasset" 9846
"../../../Engine/Content/EngineMaterials/Substrate/Glints2/dict_0002_0245.uasset" 9847
"/Engine/EngineMaterials/Substrate/Glints2/dict_0002_0241" 9848
"../../../Engine/Content/EngineMaterials/Substrate/Glints2/dict_0002_0243.uasset" 9849
"../../../Engine/Content/EngineMaterials/Substrate/Glints2/dict_0002_0238.uasset" 9850
"../../../Engine/Content/EngineMaterials/Substrate/Glints2/dict_0002_0240.uasset" 9851
"/Engine/EngineMaterials/Substrate/Glints2/dict_0002_0231" 9852
"/Engine/EngineMaterials/Substrate/Glints2/dict_0002_0216" 9853
"../../../Engine/Content/EngineMaterials/Substrate/Glints2/dict_0002_0233.uasset" 9854
"/Engine/EngineMaterials/Substrate/Glints2/dict_0002_0219" 9855
"../../../Engine/Content/EngineMaterials/Substrate/Glints2/dict_0002_0237.uasset" 9856
"/Engine/EngineMaterials/Substrate/Glints2/dict_0002_0220" 9857
"/Engine/EngineMaterials/Substrate/Glints2/dict_0002_0217" 9858
"../../../Engine/Content/EngineMaterials/Substrate/Glints2/dict_0002_0242.uasset" 9859
"/Engine/EngineMaterials/Substrate/Glints2/dict_0002_0221" 9860
"/Engine/EngineMaterials/Substrate/Glints2/dict_0002_0222" 9861
"/Engine/EngineMaterials/Substrate/Glints2/dict_0002_0223" 9862
"../../../Engine/Content/EngineMaterials/Substrate/Glints2/dict_0002_0211.uasset" 9863
"/Engine/EngineMaterials/Substrate/Glints2/dict_0002_0214" 9864
"/Engine/EngineMaterials/Substrate/Glints2/dict_0002_0224" 9865
"/Engine/EngineMaterials/Substrate/Glints2/dict_0002_0237" 9866
"/Engine/EngineMaterials/Substrate/Glints2/dict_0002_0238" 9867
"/Engine/EngineMaterials/Substrate/Glints2/dict_0002_0239" 9868
"/Engine/EngineMaterials/Substrate/Glints2/dict_0002_0240" 9869
"../../../Engine/Content/EngineMaterials/Substrate/Glints2/dict_0002_0213.uasset" 9870
"/Engine/EngineMaterials/Substrate/Glints2/dict_0002_0215" 9871
"/Engine/EngineMaterials/Substrate/Glints2/dict_0002_0230" 9872
"../../../Engine/Content/EngineMaterials/Substrate/Glints2/dict_0002_0209.uasset" 9873
"../../../Engine/Content/EngineMaterials/Substrate/Glints2/dict_0002_0212.uasset" 9874
"/Engine/EngineMaterials/Substrate/Glints2/dict_0002_0243" 9875
"../../../Engine/Content/EngineMaterials/Substrate/Glints2/dict_0002_0208.uasset" 9876
"../../../Engine/Content/EngineMaterials/Substrate/Glints2/dict_0002_0202.uasset" 9877
"/Engine/EngineMaterials/Substrate/Glints2/dict_0002_0244" 9878
"/Engine/EngineMaterials/Substrate/Glints2/dict_0002_0245" 9879
"../../../Engine/Content/EngineMaterials/Substrate/Glints2/dict_0002_0203.uasset" 9880
"../../../Engine/Content/EngineMaterials/Substrate/Glints2/dict_0002_0206.uasset" 9881
"/Engine/EngineMaterials/Substrate/Glints2/dict_0002_0232" 9882
"/Engine/EngineMaterials/Substrate/Glints2/dict_0002_0233" 9883
"/Engine/EngineMaterials/Substrate/Glints2/dict_0002_0202" 9884
"../../../Engine/Content/EngineMaterials/Substrate/Glints2/dict_0002_0210.uasset" 9885
"/Engine/EngineMaterials/Substrate/Glints2/dict_0002_0203" 9886
"/Engine/EngineMaterials/Substrate/Glints2/dict_0002_0206" 9887
"/Engine/EngineMaterials/Substrate/Glints2/dict_0002_0211" 9888
"/Engine/EngineMaterials/Substrate/Glints2/dict_0002_0212" 9889
"/Engine/EngineMaterials/Substrate/Glints2/dict_0002_0242" 9890
"../../../Engine/Content/EngineMaterials/Substrate/Glints2/dict_0002_0205.uasset" 9891
"/Engine/EngineMaterials/Substrate/Glints2/dict_0002_0208" 9892
"/Engine/EngineMaterials/Substrate/Glints2/dict_0002_0209" 9893
"/Engine/EngineMaterials/Substrate/Glints2/dict_0002_0213" 9894
"/Engine/EngineMaterials/Substrate/Glints2/dict_0002_0205" 9895
"../../../Engine/Content/EngineMaterials/Substrate/Glints2/dict_0002_0204.uasset" 9896
"/Engine/EngineMaterials/Substrate/Glints2/dict_0002_0210" 9897
"../../../Engine/Content/EngineMaterials/Substrate/Glints2/dict_0002_0207.uasset" 9898
"/Engine/EngineMaterials/Substrate/Glints2/dict_0002_0204" 9899
"/Engine/EngineMaterials/Substrate/Glints2/dict_0002_0207" 9900
"../../../Engine/Content/EngineMaterials/Substrate/Glints2/dict_0002_0190.uasset" 9901
"../../../Engine/Content/EngineMaterials/Substrate/Glints2/dict_0002_0178.uasset" 9902
"../../../Engine/Content/EngineMaterials/Substrate/Glints2/dict_0002_0182.uasset" 9903
"/Engine/EngineMaterials/Substrate/Glints2/dict_0002_0190" 9904
"../../../Engine/Content/EngineMaterials/Substrate/Glints2/dict_0002_0175.uasset" 9905
"../../../Engine/Content/EngineMaterials/Substrate/Glints2/dict_0002_0177.uasset" 9906
"../../../Engine/Content/EngineMaterials/Substrate/Glints2/dict_0002_0180.uasset" 9907
"../../../Engine/Content/EngineMaterials/Substrate/Glints2/dict_0002_0174.uasset" 9908
"../../../Engine/Content/EngineMaterials/Substrate/Glints2/dict_0002_0179.uasset" 9909
"../../../Engine/Content/EngineMaterials/Substrate/Glints2/dict_0002_0176.uasset" 9910
"../../../Engine/Content/EngineMaterials/Substrate/Glints2/dict_0002_0187.uasset" 9911
"../../../Engine/Content/EngineMaterials/Substrate/Glints2/dict_0002_0186.uasset" 9912
"../../../Engine/Content/EngineMaterials/Substrate/Glints2/dict_0002_0185.uasset" 9913
"../../../Engine/Content/EngineMaterials/Substrate/Glints2/dict_0002_0173.uasset" 9914
"../../../Engine/Content/EngineMaterials/Substrate/Glints2/dict_0002_0194.uasset" 9915
"/Engine/EngineMaterials/Substrate/Glints2/dict_0002_0178" 9916
"../../../Engine/Content/EngineMaterials/Substrate/Glints2/dict_0002_0198.uasset" 9917
"../../../Engine/Content/EngineMaterials/Substrate/Glints2/dict_0002_0184.uasset" 9918
"../../../Engine/Content/EngineMaterials/Substrate/Glints2/dict_0002_0181.uasset" 9919
"../../../Engine/Content/EngineMaterials/Substrate/Glints2/dict_0002_0195.uasset" 9920
"/Engine/EngineMaterials/Substrate/Glints2/dict_0002_0184" 9921
"/Engine/EngineMaterials/Substrate/Glints2/dict_0002_0185" 9922
"/Engine/EngineMaterials/Substrate/Glints2/dict_0002_0186" 9923
"../../../Engine/Content/EngineMaterials/Substrate/Glints2/dict_0002_0172.uasset" 9924
"../../../Engine/Content/EngineMaterials/Substrate/Glints2/dict_0002_0183.uasset" 9925
"../../../Engine/Content/EngineMaterials/Substrate/Glints2/dict_0002_0199.uasset" 9926
"../../../Engine/Content/EngineMaterials/Substrate/Glints2/dict_0002_0191.uasset" 9927
"/Engine/EngineMaterials/Substrate/Glints2/dict_0002_0187" 9928
"../../../Engine/Content/EngineMaterials/Substrate/Glints2/dict_0002_0196.uasset" 9929
"../../../Engine/Content/EngineMaterials/Substrate/Glints2/dict_0002_0193.uasset" 9930
"/Engine/EngineMaterials/Substrate/Glints2/dict_0002_0174" 9931
"../../../Engine/Content/EngineMaterials/Substrate/Glints2/dict_0002_0200.uasset" 9932
"../../../Engine/Content/EngineMaterials/Substrate/Glints2/dict_0002_0197.uasset" 9933
"/Engine/EngineMaterials/Substrate/Glints2/dict_0002_0175" 9934
"/Engine/EngineMaterials/Substrate/Glints2/dict_0002_0176" 9935
"/Engine/EngineMaterials/Substrate/Glints2/dict_0002_0177" 9936
"/Engine/EngineMaterials/Substrate/Glints2/dict_0002_0194" 9937
"/Engine/EngineMaterials/Substrate/Glints2/dict_0002_0195" 9938
"/Engine/EngineMaterials/Substrate/Glints2/dict_0002_0179" 9939
"../../../Engine/Content/EngineMaterials/Substrate/Glints2/dict_0002_0192.uasset" 9940
"/Engine/EngineMaterials/Substrate/Glints2/dict_0002_0198" 9941
"/Engine/EngineMaterials/Substrate/Glints2/dict_0002_0180" 9942
"/Engine/EngineMaterials/Substrate/Glints2/dict_0002_0181" 9943
"/Engine/EngineMaterials/Substrate/Glints2/dict_0002_0173" 9944
"/Engine/EngineMaterials/Substrate/Glints2/dict_0002_0182" 9945
"../../../Engine/Content/EngineMaterials/Substrate/Glints2/dict_0002_0171.uasset" 9946
"/Engine/EngineMaterials/Substrate/Glints2/dict_0002_0183" 9947
"/Engine/EngineMaterials/Substrate/Glints2/dict_0002_0171" 9948
"/Engine/EngineMaterials/Substrate/Glints2/dict_0002_0172" 9949
"/Engine/EngineMaterials/Substrate/Glints2/dict_0002_0191" 9950
"/Engine/EngineMaterials/Substrate/Glints2/dict_0002_0192" 9951
"/Engine/EngineMaterials/Substrate/Glints2/dict_0002_0193" 9952
"/Engine/EngineMaterials/Substrate/Glints2/dict_0002_0196" 9953
"../../../Engine/Content/EngineMaterials/Substrate/Glints2/dict_0002_0170.uasset" 9954
"../../../Engine/Content/EngineMaterials/Substrate/Glints2/dict_0002_0168.uasset" 9955
"/Engine/EngineMaterials/Substrate/Glints2/dict_0002_0197" 9956
"../../../Engine/Content/EngineMaterials/Substrate/Glints2/dict_0002_0188.uasset" 9957
"/Engine/EngineMaterials/Substrate/Glints2/dict_0002_0199" 9958
"../../../Engine/Content/EngineMaterials/Substrate/Glints2/dict_0002_0189.uasset" 9959
"/Engine/EngineMaterials/Substrate/Glints2/dict_0002_0200" 9960
"/Engine/EngineMaterials/Substrate/Glints2/dict_0002_0188" 9961
"/Engine/EngineMaterials/Substrate/Glints2/dict_0002_0189" 9962
"../../../Engine/Content/EngineMaterials/Substrate/Glints2/dict_0002_0201.uasset" 9963
"/Engine/EngineMaterials/Substrate/Glints2/dict_0002_0168" 9964
"/Engine/EngineMaterials/Substrate/Glints2/dict_0002_0170" 9965
"/Engine/EngineMaterials/Substrate/Glints2/dict_0002_0201" 9966
"../../../Engine/Content/EngineMaterials/Substrate/Glints2/dict_0002_0169.uasset" 9967
"../../../Engine/Content/EngineMaterials/Substrate/Glints2/dict_0002_0157.uasset" 9968
"/Engine/EngineMaterials/Substrate/Glints2/dict_0002_0157" 9969
"../../../Engine/Content/EngineMaterials/Substrate/Glints2/dict_0002_0155.uasset" 9970
"../../../Engine/Content/EngineMaterials/Substrate/Glints2/dict_0002_0147.uasset" 9971
"/Engine/EngineMaterials/Substrate/Glints2/dict_0002_0169" 9972
"../../../Engine/Content/EngineMaterials/Substrate/Glints2/dict_0002_0145.uasset" 9973
"../../../Engine/Content/EngineMaterials/Substrate/Glints2/dict_0002_0152.uasset" 9974
"../../../Engine/Content/EngineMaterials/Substrate/Glints2/dict_0002_0142.uasset" 9975
"../../../Engine/Content/EngineMaterials/Substrate/Glints2/dict_0002_0150.uasset" 9976
"/Engine/EngineMaterials/Substrate/Glints2/dict_0002_0152" 9977
"/Engine/EngineMaterials/Substrate/Glints2/dict_0002_0155" 9978
"../../../Engine/Content/EngineMaterials/Substrate/Glints2/dict_0002_0154.uasset" 9979
"../../../Engine/Content/EngineMaterials/Substrate/Glints2/dict_0002_0153.uasset" 9980
"/Engine/EngineMaterials/Substrate/Glints2/dict_0002_0145" 9981
"/Engine/EngineMaterials/Substrate/Glints2/dict_0002_0147" 9982
"../../../Engine/Content/EngineMaterials/Substrate/Glints2/dict_0002_0161.uasset" 9983
"../../../Engine/Content/EngineMaterials/Substrate/Glints2/dict_0002_0149.uasset" 9984
"../../../Engine/Content/EngineMaterials/Substrate/Glints2/dict_0002_0143.uasset" 9985
"../../../Engine/Content/EngineMaterials/Substrate/Glints2/dict_0002_0163.uasset" 9986
"../../../Engine/Content/EngineMaterials/Substrate/Glints2/dict_0002_0165.uasset" 9987
"/Engine/EngineMaterials/Substrate/Glints2/dict_0002_0142" 9988
"../../../Engine/Content/EngineMaterials/Substrate/Glints2/dict_0002_0144.uasset" 9989
"/Engine/EngineMaterials/Substrate/Glints2/dict_0002_0153" 9990
"../../../Engine/Content/EngineMaterials/Substrate/Glints2/dict_0002_0137.uasset" 9991
"../../../Engine/Content/EngineMaterials/Substrate/Glints2/dict_0002_0148.uasset" 9992
"../../../Engine/Content/EngineMaterials/Substrate/Glints2/dict_0002_0141.uasset" 9993
"../../../Engine/Content/EngineMaterials/Substrate/Glints2/dict_0002_0146.uasset" 9994
"../../../Engine/Content/EngineMaterials/Substrate/Glints2/dict_0002_0156.uasset" 9995
"../../../Engine/Content/EngineMaterials/Substrate/Glints2/dict_0002_0159.uasset" 9996
"../../../Engine/Content/EngineMaterials/Substrate/Glints2/dict_0002_0162.uasset" 9997
"../../../Engine/Content/EngineMaterials/Substrate/Glints2/dict_0002_0138.uasset" 9998
"../../../Engine/Content/EngineMaterials/Substrate/Glints2/dict_0002_0140.uasset" 9999
"../../../Engine/Content/EngineMaterials/Substrate/Glints2/dict_0002_0139.uasset" 10000
"/Engine/EngineMaterials/Substrate/Glints2/dict_0002_0154" 10001
"../../../Engine/Content/EngineMaterials/Substrate/Glints2/dict_0002_0158.uasset" 10002
"../../../Engine/Content/EngineMaterials/Substrate/Glints2/dict_0002_0164.uasset" 10003
"/Engine/EngineMaterials/Substrate/Glints2/dict_0002_0143" 10004
"/Engine/EngineMaterials/Substrate/Glints2/dict_0002_0161" 10005
"../../../Engine/Content/EngineMaterials/Substrate/Glints2/dict_0002_0167.uasset" 10006
"/Engine/EngineMaterials/Substrate/Glints2/dict_0002_0149" 10007
"../../../Engine/Content/EngineMaterials/Substrate/Glints2/dict_0002_0160.uasset" 10008
"../../../Engine/Content/EngineMaterials/Substrate/Glints2/dict_0002_0166.uasset" 10009
"/Engine/EngineMaterials/Substrate/Glints2/dict_0002_0163" 10010
"/Engine/EngineMaterials/Substrate/Glints2/dict_0002_0165" 10011
"/Engine/EngineMaterials/Substrate/Glints2/dict_0002_0150" 10012
"/Engine/EngineMaterials/Substrate/Glints2/dict_0002_0137" 10013
"/Engine/EngineMaterials/Substrate/Glints2/dict_0002_0138" 10014
"/Engine/EngineMaterials/Substrate/Glints2/dict_0002_0139" 10015
"/Engine/EngineMaterials/Substrate/Glints2/dict_0002_0156" 10016
"../../../Engine/Content/EngineMaterials/Substrate/Glints2/dict_0002_0134.uasset" 10017
"/Engine/EngineMaterials/Substrate/Glints2/dict_0002_0144" 10018
"/Engine/EngineMaterials/Substrate/Glints2/dict_0002_0140" 10019
"/Engine/EngineMaterials/Substrate/Glints2/dict_0002_0158" 10020
"/Engine/EngineMaterials/Substrate/Glints2/dict_0002_0159" 10021
"../../../Engine/Content/EngineMaterials/Substrate/Glints2/dict_0002_0131.uasset" 10022
"/Engine/EngineMaterials/Substrate/Glints2/dict_0002_0146" 10023
"../../../Engine/Content/EngineMaterials/Substrate/Glints2/dict_0002_0151.uasset" 10024
"../../../Engine/Content/EngineMaterials/Substrate/Glints2/dict_0002_0136.uasset" 10025
"/Engine/EngineMaterials/Substrate/Glints2/dict_0002_0160" 10026
"/Engine/EngineMaterials/Substrate/Glints2/dict_0002_0141" 10027
"/Engine/EngineMaterials/Substrate/Glints2/dict_0002_0162" 10028
"/Engine/EngineMaterials/Substrate/Glints2/dict_0002_0148" 10029
"../../../Engine/Content/EngineMaterials/Substrate/Glints2/dict_0002_0132.uasset" 10030
"../../../Engine/Content/EngineMaterials/Substrate/Glints2/dict_0002_0133.uasset" 10031
"/Engine/EngineMaterials/Substrate/Glints2/dict_0002_0164" 10032
"/Engine/EngineMaterials/Substrate/Glints2/dict_0002_0166" 10033
"/Engine/EngineMaterials/Substrate/Glints2/dict_0002_0167" 10034
"/Engine/EngineMaterials/Substrate/Glints2/dict_0002_0131" 10035
"/Engine/EngineMaterials/Substrate/Glints2/dict_0002_0132" 10036
"/Engine/EngineMaterials/Substrate/Glints2/dict_0002_0133" 10037
"/Engine/EngineMaterials/Substrate/Glints2/dict_0002_0136" 10038
"/Engine/EngineMaterials/Substrate/Glints2/dict_0002_0134" 10039
"../../../Engine/Content/EngineMaterials/Substrate/Glints2/dict_0002_0130.uasset" 10040
"/Engine/EngineMaterials/Substrate/Glints2/dict_0002_0151" 10041
"/Engine/EngineMaterials/Substrate/Glints2/dict_0002_0130" 10042
"../../../Engine/Content/EngineMaterials/Substrate/Glints2/dict_0002_0129.uasset" 10043
"../../../Engine/Content/EngineMaterials/Substrate/Glints2/dict_0002_0126.uasset" 10044
"../../../Engine/Content/EngineMaterials/Substrate/Glints2/dict_0002_0125.uasset" 10045
"../../../Engine/Content/EngineMaterials/Substrate/Glints2/dict_0002_0135.uasset" 10046
"../../../Engine/Content/EngineMaterials/Substrate/Glints2/dict_0002_0128.uasset" 10047
"../../../Engine/Content/EngineMaterials/Substrate/Glints2/dict_0002_0127.uasset" 10048
"../../../Engine/Content/EngineMaterials/Substrate/Glints2/dict_0002_0099.uasset" 10049
"../../../Engine/Content/EngineMaterials/Substrate/Glints2/dict_0002_0120.uasset" 10050
"../../../Engine/Content/EngineMaterials/Substrate/Glints2/dict_0002_0109.uasset" 10051
"../../../Engine/Content/EngineMaterials/Substrate/Glints2/dict_0002_0100.uasset" 10052
"../../../Engine/Content/EngineMaterials/Substrate/Glints2/dict_0002_0116.uasset" 10053
"../../../Engine/Content/EngineMaterials/Substrate/Glints2/dict_0002_0110.uasset" 10054
"../../../Engine/Content/EngineMaterials/Substrate/Glints2/dict_0002_0123.uasset" 10055
"../../../Engine/Content/EngineMaterials/Substrate/Glints2/dict_0002_0101.uasset" 10056
"../../../Engine/Content/EngineMaterials/Substrate/Glints2/dict_0002_0121.uasset" 10057
"../../../Engine/Content/EngineMaterials/Substrate/Glints2/dict_0002_0103.uasset" 10058
"../../../Engine/Content/EngineMaterials/Substrate/Glints2/dict_0002_0111.uasset" 10059
"../../../Engine/Content/EngineMaterials/Substrate/Glints2/dict_0002_0107.uasset" 10060
"../../../Engine/Content/EngineMaterials/Substrate/Glints2/dict_0002_0105.uasset" 10061
"/Engine/EngineMaterials/Substrate/Glints2/dict_0002_0100" 10062
"../../../Engine/Content/EngineMaterials/Substrate/Glints2/dict_0002_0117.uasset" 10063
"../../../Engine/Content/EngineMaterials/Substrate/Glints2/dict_0002_0114.uasset" 10064
"../../../Engine/Content/EngineMaterials/Substrate/Glints2/dict_0002_0102.uasset" 10065
"/Engine/EngineMaterials/Substrate/Glints2/dict_0002_0123" 10066
"/Engine/EngineMaterials/Substrate/Glints2/dict_0002_0101" 10067
"../../../Engine/Content/EngineMaterials/Substrate/Glints2/dict_0002_0106.uasset" 10068
"../../../Engine/Content/EngineMaterials/Substrate/Glints2/dict_0002_0104.uasset" 10069
"../../../Engine/Content/EngineMaterials/Substrate/Glints2/dict_0002_0124.uasset" 10070
"../../../Engine/Content/EngineMaterials/Substrate/Glints2/dict_0002_0122.uasset" 10071
"../../../Engine/Content/EngineMaterials/Substrate/Glints2/dict_0002_0113.uasset" 10072
"../../../Engine/Content/EngineMaterials/Substrate/Glints2/dict_0002_0115.uasset" 10073
"/Engine/EngineMaterials/Substrate/Glints2/dict_0002_0109" 10074
"/Engine/EngineMaterials/Substrate/Glints2/dict_0002_0135" 10075
"../../../Engine/Content/EngineMaterials/Substrate/Glints2/dict_0002_0118.uasset" 10076
"/Engine/EngineMaterials/Substrate/Glints2/dict_0002_0125" 10077
"/Engine/EngineMaterials/Substrate/Glints2/dict_0002_0110" 10078
"/Engine/EngineMaterials/Substrate/Glints2/dict_0002_0116" 10079
"../../../Engine/Content/EngineMaterials/Substrate/Glints2/dict_0002_0112.uasset" 10080
"/Engine/EngineMaterials/Substrate/Glints2/dict_0002_0126" 10081
"../../../Engine/Content/EngineMaterials/Substrate/Glints2/dict_0002_0108.uasset" 10082
"../../../Engine/Content/EngineMaterials/Substrate/Glints2/dict_0002_0119.uasset" 10083
"/Engine/EngineMaterials/Substrate/Glints2/dict_0002_0127" 10084
"/Engine/EngineMaterials/Substrate/Glints2/dict_0002_0128" 10085
"/Engine/EngineMaterials/Substrate/Glints2/dict_0002_0129" 10086
"/Engine/EngineMaterials/Substrate/Glints2/dict_0002_0099" 10087
"/Engine/EngineMaterials/Substrate/Glints2/dict_0002_0120" 10088
"/Engine/EngineMaterials/Substrate/Glints2/dict_0002_0121" 10089
"/Engine/EngineMaterials/Substrate/Glints2/dict_0002_0122" 10090
"/Engine/EngineMaterials/Substrate/Glints2/dict_0002_0124" 10091
"/Engine/EngineMaterials/Substrate/Glints2/dict_0002_0106" 10092
"/Engine/EngineMaterials/Substrate/Glints2/dict_0002_0107" 10093
"/Engine/EngineMaterials/Substrate/Glints2/dict_0002_0108" 10094
"/Engine/EngineMaterials/Substrate/Glints2/dict_0002_0111" 10095
"/Engine/EngineMaterials/Substrate/Glints2/dict_0002_0102" 10096
"/Engine/EngineMaterials/Substrate/Glints2/dict_0002_0112" 10097
"/Engine/EngineMaterials/Substrate/Glints2/dict_0002_0113" 10098
"/Engine/EngineMaterials/Substrate/Glints2/dict_0002_0103" 10099
"/Engine/EngineMaterials/Substrate/Glints2/dict_0002_0114" 10100
"/Engine/EngineMaterials/Substrate/Glints2/dict_0002_0104" 10101
"/Engine/EngineMaterials/Substrate/Glints2/dict_0002_0115" 10102
"/Engine/EngineMaterials/Substrate/Glints2/dict_0002_0117" 10103
"/Engine/EngineMaterials/Substrate/Glints2/dict_0002_0118" 10104
"../../../Engine/Content/EngineMaterials/Substrate/Glints2/dict_0002_0093.uasset" 10105
"../../../Engine/Content/EngineMaterials/Substrate/Glints2/dict_0002_0092.uasset" 10106
"../../../Engine/Content/EngineMaterials/Substrate/Glints2/dict_0002_0098.uasset" 10107
"../../../Engine/Content/EngineMaterials/Substrate/Glints2/dict_0002_0089.uasset" 10108
"/Engine/EngineMaterials/Substrate/Glints2/dict_0002_0119" 10109
"../../../Engine/Content/EngineMaterials/Substrate/Glints2/dict_0002_0095.uasset" 10110
"../../../Engine/Content/EngineMaterials/Substrate/Glints2/dict_0002_0088.uasset" 10111
"../../../Engine/Content/EngineMaterials/Substrate/Glints2/dict_0002_0090.uasset" 10112
"../../../Engine/Content/EngineMaterials/Substrate/Glints2/dict_0002_0084.uasset" 10113
"../../../Engine/Content/EngineMaterials/Substrate/Glints2/dict_0002_0085.uasset" 10114
"../../../Engine/Content/EngineMaterials/Substrate/Glints2/dict_0002_0086.uasset" 10115
"/Engine/EngineMaterials/Substrate/Glints2/dict_0002_0105" 10116
"../../../Engine/Content/EngineMaterials/Substrate/Glints2/dict_0002_0094.uasset" 10117
"../../../Engine/Content/EngineMaterials/Substrate/Glints2/dict_0002_0087.uasset" 10118
"../../../Engine/Content/EngineMaterials/Substrate/Glints2/dict_0002_0096.uasset" 10119
"../../../Engine/Content/EngineMaterials/Substrate/Glints2/dict_0002_0097.uasset" 10120
"/Engine/EngineMaterials/Substrate/Glints2/dict_0002_0084" 10121
"/Engine/EngineMaterials/Substrate/Glints2/dict_0002_0085" 10122
"/Engine/EngineMaterials/Substrate/Glints2/dict_0002_0086" 10123
"/Engine/EngineMaterials/Substrate/Glints2/dict_0002_0087" 10124
"/Engine/EngineMaterials/Substrate/Glints2/dict_0002_0088" 10125
"/Engine/EngineMaterials/Substrate/Glints2/dict_0002_0089" 10126
"/Engine/EngineMaterials/Substrate/Glints2/dict_0002_0090" 10127
"/Engine/EngineMaterials/Substrate/Glints2/dict_0002_0092" 10128
"/Engine/EngineMaterials/Substrate/Glints2/dict_0002_0093" 10129
"/Engine/EngineMaterials/Substrate/Glints2/dict_0002_0094" 10130
"/Engine/EngineMaterials/Substrate/Glints2/dict_0002_0095" 10131
"/Engine/EngineMaterials/Substrate/Glints2/dict_0002_0096" 10132
"../../../Engine/Content/EngineMaterials/Substrate/Glints2/dict_0002_0091.uasset" 10133
"/Engine/EngineMaterials/Substrate/Glints2/dict_0002_0097" 10134
"/Engine/EngineMaterials/Substrate/Glints2/dict_0002_0098" 10135
"/Engine/EngineMaterials/Substrate/Glints2/dict_0002_0091" 10136
"../../../Engine/Content/EngineMaterials/Substrate/Glints2/dict_0002_0064.uasset" 10137
"../../../Engine/Content/EngineMaterials/Substrate/Glints2/dict_0002_0061.uasset" 10138
"../../../Engine/Content/EngineMaterials/Substrate/Glints2/dict_0002_0072.uasset" 10139
"../../../Engine/Content/EngineMaterials/Substrate/Glints2/dict_0002_0070.uasset" 10140
"../../../Engine/Content/EngineMaterials/Substrate/Glints2/dict_0002_0063.uasset" 10141
"../../../Engine/Content/EngineMaterials/Substrate/Glints2/dict_0002_0055.uasset" 10142
"../../../Engine/Content/EngineMaterials/Substrate/Glints2/dict_0002_0066.uasset" 10143
"../../../Engine/Content/EngineMaterials/Substrate/Glints2/dict_0002_0059.uasset" 10144
"../../../Engine/Content/EngineMaterials/Substrate/Glints2/dict_0002_0054.uasset" 10145
"../../../Engine/Content/EngineMaterials/Substrate/Glints2/dict_0002_0071.uasset" 10146
"../../../Engine/Content/EngineMaterials/Substrate/Glints2/dict_0002_0058.uasset" 10147
"../../../Engine/Content/EngineMaterials/Substrate/Glints2/dict_0002_0065.uasset" 10148
"../../../Engine/Content/EngineMaterials/Substrate/Glints2/dict_0002_0069.uasset" 10149
"../../../Engine/Content/EngineMaterials/Substrate/Glints2/dict_0002_0074.uasset" 10150
"../../../Engine/Content/EngineMaterials/Substrate/Glints2/dict_0002_0067.uasset" 10151
"../../../Engine/Content/EngineMaterials/Substrate/Glints2/dict_0002_0062.uasset" 10152
"../../../Engine/Content/EngineMaterials/Substrate/Glints2/dict_0002_0057.uasset" 10153
"/Engine/EngineMaterials/Substrate/Glints2/dict_0002_0067" 10154
"/Engine/EngineMaterials/Substrate/Glints2/dict_0002_0054" 10155
"../../../Engine/Content/EngineMaterials/Substrate/Glints2/dict_0002_0052.uasset" 10156
"/Engine/EngineMaterials/Substrate/Glints2/dict_0002_0055" 10157
"../../../Engine/Content/EngineMaterials/Substrate/Glints2/dict_0002_0068.uasset" 10158
"../../../Engine/Content/EngineMaterials/Substrate/Glints2/dict_0002_0078.uasset" 10159
"/Engine/EngineMaterials/Substrate/Glints2/dict_0002_0069" 10160
"/Engine/EngineMaterials/Substrate/Glints2/dict_0002_0070" 10161
"../../../Engine/Content/EngineMaterials/Substrate/Glints2/dict_0002_0075.uasset" 10162
"/Engine/EngineMaterials/Substrate/Glints2/dict_0002_0071" 10163
"/Engine/EngineMaterials/Substrate/Glints2/dict_0002_0057" 10164
"/Engine/EngineMaterials/Substrate/Glints2/dict_0002_0058" 10165
"../../../Engine/Content/EngineMaterials/Substrate/Glints2/dict_0002_0080.uasset" 10166
"/Engine/EngineMaterials/Substrate/Glints2/dict_0002_0059" 10167
"/Engine/EngineMaterials/Substrate/Glints2/dict_0002_0072" 10168
"/Engine/EngineMaterials/Substrate/Glints2/dict_0002_0074" 10169
"../../../Engine/Content/EngineMaterials/Substrate/Glints2/dict_0002_0073.uasset" 10170
"../../../Engine/Content/EngineMaterials/Substrate/Glints2/dict_0002_0053.uasset" 10171
"/Engine/EngineMaterials/Substrate/Glints2/dict_0002_0061" 10172
"/Engine/EngineMaterials/Substrate/Glints2/dict_0002_0062" 10173
"../../../Engine/Content/EngineMaterials/Substrate/Glints2/dict_0002_0081.uasset" 10174
"/Engine/EngineMaterials/Substrate/Glints2/dict_0002_0063" 10175
"/Engine/EngineMaterials/Substrate/Glints2/dict_0002_0064" 10176
"/Engine/EngineMaterials/Substrate/Glints2/dict_0002_0065" 10177
"/Engine/EngineMaterials/Substrate/Glints2/dict_0002_0066" 10178
"/Engine/EngineMaterials/Substrate/Glints2/dict_0002_0053" 10179
"/Engine/EngineMaterials/Substrate/Glints2/dict_0002_0068" 10180
"../../../Engine/Content/EngineMaterials/Substrate/Glints2/dict_0002_0077.uasset" 10181
"/Engine/EngineMaterials/Substrate/Glints2/dict_0002_0073" 10182
"/Engine/EngineMaterials/Substrate/Glints2/dict_0002_0075" 10183
"../../../Engine/Content/EngineMaterials/Substrate/Glints2/dict_0002_0079.uasset" 10184
"/Engine/EngineMaterials/Substrate/Glints2/dict_0002_0078" 10185
"/Engine/EngineMaterials/Substrate/Glints2/dict_0002_0052" 10186
"/Engine/EngineMaterials/Substrate/Glints2/dict_0002_0080" 10187
"/Engine/EngineMaterials/Substrate/Glints2/dict_0002_0081" 10188
"/Engine/EngineMaterials/Substrate/Glints2/dict_0002_0077" 10189
"/Engine/EngineMaterials/Substrate/Glints2/dict_0002_0079" 10190
"../../../Engine/Content/EngineMaterials/Substrate/Glints2/dict_0002_0060.uasset" 10191
"../../../Engine/Content/EngineMaterials/Substrate/Glints2/dict_0002_0056.uasset" 10192
"../../../Engine/Content/EngineMaterials/Substrate/Glints2/dict_0002_0083.uasset" 10193
"../../../Engine/Content/EngineMaterials/Substrate/Glints2/dict_0002_0076.uasset" 10194
"../../../Engine/Content/EngineMaterials/Substrate/Glints2/dict_0002_0082.uasset" 10195
"/Engine/EngineMaterials/Substrate/Glints2/dict_0002_0056" 10196
"/Engine/EngineMaterials/Substrate/Glints2/dict_0002_0076" 10197
"../../../Engine/Content/EngineMaterials/Substrate/Glints2/dict_0002_0035.uasset" 10198
"/Engine/EngineMaterials/Substrate/Glints2/dict_0002_0060" 10199
"../../../Engine/Content/EngineMaterials/Substrate/Glints2/dict_0002_0049.uasset" 10200
"/Engine/EngineMaterials/Substrate/Glints2/dict_0002_0082" 10201
"/Engine/EngineMaterials/Substrate/Glints2/dict_0002_0083" 10202
"/Engine/EngineMaterials/Substrate/Glints2/dict_0002_0035" 10203
"../../../Engine/Content/EngineMaterials/Substrate/Glints2/dict_0002_0025.uasset" 10204
"/Engine/EngineMaterials/Substrate/Glints2/dict_0002_0049" 10205
"/Engine/EngineMaterials/Substrate/Glints2/dict_0002_0025" 10206
"../../../Engine/Content/EngineMaterials/Substrate/Glints2/dict_0002_0032.uasset" 10207
"/Engine/EngineMaterials/Substrate/Glints2/dict_0002_0032" 10208
"../../../Engine/Content/EngineMaterials/Substrate/Glints2/dict_0002_0047.uasset" 10209
"../../../Engine/Content/EngineMaterials/Substrate/Glints2/dict_0002_0039.uasset" 10210
"../../../Engine/Content/EngineMaterials/Substrate/Glints2/dict_0002_0042.uasset" 10211
"../../../Engine/Content/EngineMaterials/Substrate/Glints2/dict_0002_0031.uasset" 10212
"../../../Engine/Content/EngineMaterials/Substrate/Glints2/dict_0002_0034.uasset" 10213
"../../../Engine/Content/EngineMaterials/Substrate/Glints2/dict_0002_0029.uasset" 10214
"../../../Engine/Content/EngineMaterials/Substrate/Glints2/dict_0002_0036.uasset" 10215
"../../../Engine/Content/EngineMaterials/Substrate/Glints2/dict_0002_0045.uasset" 10216
"../../../Engine/Content/EngineMaterials/Substrate/Glints2/dict_0002_0038.uasset" 10217
"../../../Engine/Content/EngineMaterials/Substrate/Glints2/dict_0002_0026.uasset" 10218
"../../../Engine/Content/EngineMaterials/Substrate/Glints2/dict_0002_0050.uasset" 10219
"../../../Engine/Content/EngineMaterials/Substrate/Glints2/dict_0002_0044.uasset" 10220
"../../../Engine/Content/EngineMaterials/Substrate/Glints2/dict_0002_0040.uasset" 10221
"../../../Engine/Content/EngineMaterials/Substrate/Glints2/dict_0002_0046.uasset" 10222
"../../../Engine/Content/EngineMaterials/Substrate/Glints2/dict_0002_0043.uasset" 10223
"../../../Engine/Content/EngineMaterials/Substrate/Glints2/dict_0002_0048.uasset" 10224
"../../../Engine/Content/EngineMaterials/Substrate/Glints2/dict_0002_0037.uasset" 10225
"../../../Engine/Content/EngineMaterials/Substrate/Glints2/dict_0002_0030.uasset" 10226
"../../../Engine/Content/EngineMaterials/Substrate/Glints2/dict_0002_0041.uasset" 10227
"../../../Engine/Content/EngineMaterials/Substrate/Glints2/dict_0002_0051.uasset" 10228
"../../../Engine/Content/EngineMaterials/Substrate/Glints2/dict_0002_0033.uasset" 10229
"../../../Engine/Content/EngineMaterials/Substrate/Glints2/dict_0002_0028.uasset" 10230
"/Engine/EngineMaterials/Substrate/Glints2/dict_0002_0036" 10231
"/Engine/EngineMaterials/Substrate/Glints2/dict_0002_0028" 10232
"/Engine/EngineMaterials/Substrate/Glints2/dict_0002_0037" 10233
"../../../Engine/Content/EngineMaterials/Substrate/Glints2/dict_0002_0021.uasset" 10234
"../../../Engine/Content/EngineMaterials/Substrate/Glints2/dict_0002_0020.uasset" 10235
"../../../Engine/Content/EngineMaterials/Substrate/Glints2/dict_0002_0022.uasset" 10236
"/Engine/EngineMaterials/Substrate/Glints2/dict_0002_0038" 10237
"/Engine/EngineMaterials/Substrate/Glints2/dict_0002_0039" 10238
"../../../Engine/Content/EngineMaterials/Substrate/Glints2/dict_0002_0019.uasset" 10239
"/Engine/EngineMaterials/Substrate/Glints2/dict_0002_0040" 10240
"../../../Engine/Content/EngineMaterials/Substrate/Glints2/dict_0002_0024.uasset" 10241
"/Engine/EngineMaterials/Substrate/Glints2/dict_0002_0041" 10242
"/Engine/EngineMaterials/Substrate/Glints2/dict_0002_0042" 10243
"/Engine/EngineMaterials/Substrate/Glints2/dict_0002_0043" 10244
"/Engine/EngineMaterials/Substrate/Glints2/dict_0002_0044" 10245
"/Engine/EngineMaterials/Substrate/Glints2/dict_0002_0029" 10246
"/Engine/EngineMaterials/Substrate/Glints2/dict_0002_0045" 10247
"/Engine/EngineMaterials/Substrate/Glints2/dict_0002_0030" 10248
"/Engine/EngineMaterials/Substrate/Glints2/dict_0002_0031" 10249
"/Engine/EngineMaterials/Substrate/Glints2/dict_0002_0026" 10250
"../../../Engine/Content/EngineMaterials/Substrate/Glints2/dict_0002_0023.uasset" 10251
"/Engine/EngineMaterials/Substrate/Glints2/dict_0002_0034" 10252
"/Engine/EngineMaterials/Substrate/Glints2/dict_0002_0046" 10253
"/Engine/EngineMaterials/Substrate/Glints2/dict_0002_0047" 10254
"../../../Engine/Content/EngineMaterials/Substrate/Glints2/dict_0002_0018.uasset" 10255
"/Engine/EngineMaterials/Substrate/Glints2/dict_0002_0048" 10256
"/Engine/EngineMaterials/Substrate/Glints2/dict_0002_0050" 10257
"../../../Engine/Content/EngineMaterials/Substrate/Glints2/dict_0002_0016.uasset" 10258
"/Engine/EngineMaterials/Substrate/Glints2/dict_0002_0051" 10259
"/Engine/EngineMaterials/Substrate/Glints2/dict_0002_0018" 10260
"/Engine/EngineMaterials/Substrate/Glints2/dict_0002_0020" 10261
"/Engine/EngineMaterials/Substrate/Glints2/dict_0002_0021" 10262
"/Engine/EngineMaterials/Substrate/Glints2/dict_0002_0016" 10263
"/Engine/EngineMaterials/Substrate/Glints2/dict_0002_0022" 10264
"/Engine/EngineMaterials/Substrate/Glints2/dict_0002_0033" 10265
"/Engine/EngineMaterials/Substrate/Glints2/dict_0002_0023" 10266
"/Engine/EngineMaterials/Substrate/Glints2/dict_0002_0019" 10267
"../../../Engine/Content/EngineMaterials/Substrate/Glints2/dict_0002_0027.uasset" 10268
"../../../Engine/Content/EngineMaterials/Substrate/Glints2/dict_0002_0017.uasset" 10269
"/Engine/EngineMaterials/Substrate/Glints2/dict_0002_0024" 10270
"/Engine/EngineMaterials/Substrate/Glints2/dict_0002_0027" 10271
"/Engine/EngineMaterials/Substrate/Glints2/dict_0002_0017" 10272
"../../../Engine/Content/EngineMaterials/Substrate/Glints2/dict_0002_0004.uasset" 10273
"../../../Engine/Content/EngineMaterials/Substrate/Glints2/dict_0001_0252.uasset" 10274
"../../../Engine/Content/EngineMaterials/Substrate/Glints2/dict_0002_0002.uasset" 10275
"../../../Engine/Content/EngineMaterials/Substrate/Glints2/dict_0001_0248.uasset" 10276
"../../../Engine/Content/EngineMaterials/Substrate/Glints2/dict_0002_0012.uasset" 10277
"../../../Engine/Content/EngineMaterials/Substrate/Glints2/dict_0002_0005.uasset" 10278
"../../../Engine/Content/EngineMaterials/Substrate/Glints2/dict_0002_0009.uasset" 10279
"../../../Engine/Content/EngineMaterials/Substrate/Glints2/dict_0001_0243.uasset" 10280
"../../../Engine/Content/EngineMaterials/Substrate/Glints2/dict_0002_0006.uasset" 10281
"../../../Engine/Content/EngineMaterials/Substrate/Glints2/dict_0002_0003.uasset" 10282
"../../../Engine/Content/EngineMaterials/Substrate/Glints2/dict_0002_0011.uasset" 10283
"/Engine/EngineMaterials/Substrate/Glints2/dict_0001_0252" 10284
"../../../Engine/Content/EngineMaterials/Substrate/Glints2/dict_0002_0008.uasset" 10285
"../../../Engine/Content/EngineMaterials/Substrate/Glints2/dict_0001_0255.uasset" 10286
"/Engine/EngineMaterials/Substrate/Glints2/dict_0001_0243" 10287
"../../../Engine/Content/EngineMaterials/Substrate/Glints2/dict_0002_0014.uasset" 10288
"/Engine/EngineMaterials/Substrate/Glints2/dict_0002_0002" 10289
"/Engine/EngineMaterials/Substrate/Glints2/dict_0002_0003" 10290
"/Engine/EngineMaterials/Substrate/Glints2/dict_0002_0004" 10291
"../../../Engine/Content/EngineMaterials/Substrate/Glints2/dict_0001_0247.uasset" 10292
"../../../Engine/Content/EngineMaterials/Substrate/Glints2/dict_0001_0246.uasset" 10293
"/Engine/EngineMaterials/Substrate/Glints2/dict_0002_0005" 10294
"../../../Engine/Content/EngineMaterials/Substrate/Glints2/dict_0001_0242.uasset" 10295
"../../../Engine/Content/EngineMaterials/Substrate/Glints2/dict_0002_0001.uasset" 10296
"/Engine/EngineMaterials/Substrate/Glints2/dict_0002_0006" 10297
"/Engine/EngineMaterials/Substrate/Glints2/dict_0002_0009" 10298
"../../../Engine/Content/EngineMaterials/Substrate/Glints2/dict_0002_0010.uasset" 10299
"/Engine/EngineMaterials/Substrate/Glints2/dict_0002_0011" 10300
"../../../Engine/Content/EngineMaterials/Substrate/Glints2/dict_0001_0254.uasset" 10301
"../../../Engine/Content/EngineMaterials/Substrate/Glints2/dict_0001_0251.uasset" 10302
"/Engine/EngineMaterials/Substrate/Glints2/dict_0002_0012" 10303
"../../../Engine/Content/EngineMaterials/Substrate/Glints2/dict_0002_0007.uasset" 10304
"../../../Engine/Content/EngineMaterials/Substrate/Glints2/dict_0001_0253.uasset" 10305
"/Engine/EngineMaterials/Substrate/Glints2/dict_0001_0248" 10306
"/Engine/EngineMaterials/Substrate/Glints2/dict_0001_0242" 10307
"../../../Engine/Content/EngineMaterials/Substrate/Glints2/dict_0001_0249.uasset" 10308
"/Engine/EngineMaterials/Substrate/Glints2/dict_0001_0251" 10309
"/Engine/EngineMaterials/Substrate/Glints2/dict_0001_0253" 10310
"../../../Engine/Content/EngineMaterials/Substrate/Glints2/dict_0002_0013.uasset" 10311
"/Engine/EngineMaterials/Substrate/Glints2/dict_0001_0254" 10312
"/Engine/EngineMaterials/Substrate/Glints2/dict_0001_0255" 10313
"../../../Engine/Content/EngineMaterials/Substrate/Glints2/dict_0002_0000.uasset" 10314
"../../../Engine/Content/EngineMaterials/Substrate/Glints2/dict_0001_0250.uasset" 10315
"../../../Engine/Content/EngineMaterials/Substrate/Glints2/dict_0001_0240.uasset" 10316
"/Engine/EngineMaterials/Substrate/Glints2/dict_0002_0001" 10317
"../../../Engine/Content/EngineMaterials/Substrate/Glints2/dict_0001_0244.uasset" 10318
"../../../Engine/Content/EngineMaterials/Substrate/Glints2/dict_0001_0241.uasset" 10319
"/Engine/EngineMaterials/Substrate/Glints2/dict_0002_0007" 10320
"../../../Engine/Content/EngineMaterials/Substrate/Glints2/dict_0001_0245.uasset" 10321
"/Engine/EngineMaterials/Substrate/Glints2/dict_0002_0008" 10322
"/Engine/EngineMaterials/Substrate/Glints2/dict_0001_0246" 10323
"/Engine/EngineMaterials/Substrate/Glints2/dict_0001_0247" 10324
"/Engine/EngineMaterials/Substrate/Glints2/dict_0002_0010" 10325
"/Engine/EngineMaterials/Substrate/Glints2/dict_0002_0014" 10326
"/Engine/EngineMaterials/Substrate/Glints2/dict_0001_0240" 10327
"/Engine/EngineMaterials/Substrate/Glints2/dict_0002_0000" 10328
"../../../Engine/Content/EngineMaterials/Substrate/Glints2/dict_0002_0015.uasset" 10329
"/Engine/EngineMaterials/Substrate/Glints2/dict_0001_0244" 10330
"/Engine/EngineMaterials/Substrate/Glints2/dict_0001_0241" 10331
"/Engine/EngineMaterials/Substrate/Glints2/dict_0001_0245" 10332
"/Engine/EngineMaterials/Substrate/Glints2/dict_0002_0013" 10333
"/Engine/EngineMaterials/Substrate/Glints2/dict_0001_0249" 10334
"/Engine/EngineMaterials/Substrate/Glints2/dict_0001_0250" 10335
"/Engine/EngineMaterials/Substrate/Glints2/dict_0002_0015" 10336
"../../../Engine/Content/EngineMaterials/Substrate/Glints2/dict_0001_0224.uasset" 10337
"../../../Engine/Content/EngineMaterials/Substrate/Glints2/dict_0001_0213.uasset" 10338
"../../../Engine/Content/EngineMaterials/Substrate/Glints2/dict_0001_0236.uasset" 10339
"../../../Engine/Content/EngineMaterials/Substrate/Glints2/dict_0001_0225.uasset" 10340
"../../../Engine/Content/EngineMaterials/Substrate/Glints2/dict_0001_0223.uasset" 10341
"../../../Engine/Content/EngineMaterials/Substrate/Glints2/dict_0001_0212.uasset" 10342
"../../../Engine/Content/EngineMaterials/Substrate/Glints2/dict_0001_0226.uasset" 10343
"../../../Engine/Content/EngineMaterials/Substrate/Glints2/dict_0001_0218.uasset" 10344
"../../../Engine/Content/EngineMaterials/Substrate/Glints2/dict_0001_0217.uasset" 10345
"../../../Engine/Content/EngineMaterials/Substrate/Glints2/dict_0001_0233.uasset" 10346
"../../../Engine/Content/EngineMaterials/Substrate/Glints2/dict_0001_0216.uasset" 10347
"../../../Engine/Content/EngineMaterials/Substrate/Glints2/dict_0001_0232.uasset" 10348
"../../../Engine/Content/EngineMaterials/Substrate/Glints2/dict_0001_0227.uasset" 10349
"../../../Engine/Content/EngineMaterials/Substrate/Glints2/dict_0001_0239.uasset" 10350
"../../../Engine/Content/EngineMaterials/Substrate/Glints2/dict_0001_0234.uasset" 10351
"../../../Engine/Content/EngineMaterials/Substrate/Glints2/dict_0001_0220.uasset" 10352
"../../../Engine/Content/EngineMaterials/Substrate/Glints2/dict_0001_0211.uasset" 10353
"../../../Engine/Content/EngineMaterials/Substrate/Glints2/dict_0001_0214.uasset" 10354
"../../../Engine/Content/EngineMaterials/Substrate/Glints2/dict_0001_0215.uasset" 10355
"/Engine/EngineMaterials/Substrate/Glints2/dict_0001_0217" 10356
"../../../Engine/Content/EngineMaterials/Substrate/Glints2/dict_0001_0219.uasset" 10357
"/Engine/EngineMaterials/Substrate/Glints2/dict_0001_0218" 10358
"/Engine/EngineMaterials/Substrate/Glints2/dict_0001_0220" 10359
"/Engine/EngineMaterials/Substrate/Glints2/dict_0001_0232" 10360
"/Engine/EngineMaterials/Substrate/Glints2/dict_0001_0233" 10361
"/Engine/EngineMaterials/Substrate/Glints2/dict_0001_0234" 10362
"../../../Engine/Content/EngineMaterials/Substrate/Glints2/dict_0001_0209.uasset" 10363
"/Engine/EngineMaterials/Substrate/Glints2/dict_0001_0223" 10364
"../../../Engine/Content/EngineMaterials/Substrate/Glints2/dict_0001_0221.uasset" 10365
"../../../Engine/Content/EngineMaterials/Substrate/Glints2/dict_0001_0222.uasset" 10366
"/Engine/EngineMaterials/Substrate/Glints2/dict_0001_0211" 10367
"../../../Engine/Content/EngineMaterials/Substrate/Glints2/dict_0001_0238.uasset" 10368
"../../../Engine/Content/EngineMaterials/Substrate/Glints2/dict_0001_0230.uasset" 10369
"/Engine/EngineMaterials/Substrate/Glints2/dict_0001_0212" 10370
"../../../Engine/Content/EngineMaterials/Substrate/Glints2/dict_0001_0231.uasset" 10371
"/Engine/EngineMaterials/Substrate/Glints2/dict_0001_0224" 10372
"../../../Engine/Content/EngineMaterials/Substrate/Glints2/dict_0001_0228.uasset" 10373
"/Engine/EngineMaterials/Substrate/Glints2/dict_0001_0236" 10374
"/Engine/EngineMaterials/Substrate/Glints2/dict_0001_0225" 10375
"../../../Engine/Content/EngineMaterials/Substrate/Glints2/dict_0001_0210.uasset" 10376
"/Engine/EngineMaterials/Substrate/Glints2/dict_0001_0226" 10377
"/Engine/EngineMaterials/Substrate/Glints2/dict_0001_0227" 10378
"/Engine/EngineMaterials/Substrate/Glints2/dict_0001_0239" 10379
"/Engine/EngineMaterials/Substrate/Glints2/dict_0001_0214" 10380
"../../../Engine/Content/EngineMaterials/Substrate/Glints2/dict_0001_0235.uasset" 10381
"/Engine/EngineMaterials/Substrate/Glints2/dict_0001_0216" 10382
"/Engine/EngineMaterials/Substrate/Glints2/dict_0001_0209" 10383
"/Engine/EngineMaterials/Substrate/Glints2/dict_0001_0219" 10384
"/Engine/EngineMaterials/Substrate/Glints2/dict_0001_0221" 10385
"/Engine/EngineMaterials/Substrate/Glints2/dict_0001_0210" 10386
"/Engine/EngineMaterials/Substrate/Glints2/dict_0001_0230" 10387
"/Engine/EngineMaterials/Substrate/Glints2/dict_0001_0222" 10388
"/Engine/EngineMaterials/Substrate/Glints2/dict_0001_0231" 10389
"/Engine/EngineMaterials/Substrate/Glints2/dict_0001_0235" 10390
"/Engine/EngineMaterials/Substrate/Glints2/dict_0001_0213" 10391
"/Engine/EngineMaterials/Substrate/Glints2/dict_0001_0238" 10392
"../../../Engine/Content/EngineMaterials/Substrate/Glints2/dict_0001_0237.uasset" 10393
"/Engine/EngineMaterials/Substrate/Glints2/dict_0001_0215" 10394
"../../../Engine/Content/EngineMaterials/Substrate/Glints2/dict_0001_0229.uasset" 10395
"/Engine/EngineMaterials/Substrate/Glints2/dict_0001_0228" 10396
"/Engine/EngineMaterials/Substrate/Glints2/dict_0001_0229" 10397
"/Engine/EngineMaterials/Substrate/Glints2/dict_0001_0237" 10398
"../../../Engine/Content/EngineMaterials/Substrate/Glints2/dict_0001_0208.uasset" 10399
"../../../Engine/Content/EngineMaterials/Substrate/Glints2/dict_0001_0185.uasset" 10400
"../../../Engine/Content/EngineMaterials/Substrate/Glints2/dict_0001_0183.uasset" 10401
"../../../Engine/Content/EngineMaterials/Substrate/Glints2/dict_0001_0188.uasset" 10402
"../../../Engine/Content/EngineMaterials/Substrate/Glints2/dict_0001_0206.uasset" 10403
"../../../Engine/Content/EngineMaterials/Substrate/Glints2/dict_0001_0204.uasset" 10404
"/Engine/EngineMaterials/Substrate/Glints2/dict_0001_0183" 10405
"../../../Engine/Content/EngineMaterials/Substrate/Glints2/dict_0001_0180.uasset" 10406
"../../../Engine/Content/EngineMaterials/Substrate/Glints2/dict_0001_0184.uasset" 10407
"../../../Engine/Content/EngineMaterials/Substrate/Glints2/dict_0001_0201.uasset" 10408
"../../../Engine/Content/EngineMaterials/Substrate/Glints2/dict_0001_0178.uasset" 10409
"../../../Engine/Content/EngineMaterials/Substrate/Glints2/dict_0001_0182.uasset" 10410
"../../../Engine/Content/EngineMaterials/Substrate/Glints2/dict_0001_0205.uasset" 10411
"/Engine/EngineMaterials/Substrate/Glints2/dict_0001_0185" 10412
"../../../Engine/Content/EngineMaterials/Substrate/Glints2/dict_0001_0181.uasset" 10413
"../../../Engine/Content/EngineMaterials/Substrate/Glints2/dict_0001_0207.uasset" 10414
"/Engine/EngineMaterials/Substrate/Glints2/dict_0001_0204" 10415
"/Engine/EngineMaterials/Substrate/Glints2/dict_0001_0188" 10416
"../../../Engine/Content/EngineMaterials/Substrate/Glints2/dict_0001_0197.uasset" 10417
"/Engine/EngineMaterials/Substrate/Glints2/dict_0001_0206" 10418
"../../../Engine/Content/EngineMaterials/Substrate/Glints2/dict_0001_0193.uasset" 10419
"../../../Engine/Content/EngineMaterials/Substrate/Glints2/dict_0001_0191.uasset" 10420
"../../../Engine/Content/EngineMaterials/Substrate/Glints2/dict_0001_0190.uasset" 10421
"/Engine/EngineMaterials/Substrate/Glints2/dict_0001_0208" 10422
"../../../Engine/Content/EngineMaterials/Substrate/Glints2/dict_0001_0202.uasset" 10423
"/Engine/EngineMaterials/Substrate/Glints2/dict_0001_0191" 10424
"../../../Engine/Content/EngineMaterials/Substrate/Glints2/dict_0001_0179.uasset" 10425
"/Engine/EngineMaterials/Substrate/Glints2/dict_0001_0180" 10426
"../../../Engine/Content/EngineMaterials/Substrate/Glints2/dict_0001_0199.uasset" 10427
"../../../Engine/Content/EngineMaterials/Substrate/Glints2/dict_0001_0192.uasset" 10428
"../../../Engine/Content/EngineMaterials/Substrate/Glints2/dict_0001_0196.uasset" 10429
"../../../Engine/Content/EngineMaterials/Substrate/Glints2/dict_0001_0189.uasset" 10430
"../../../Engine/Content/EngineMaterials/Substrate/Glints2/dict_0001_0177.uasset" 10431
"/Engine/EngineMaterials/Substrate/Glints2/dict_0001_0193" 10432
"../../../Engine/Content/EngineMaterials/Substrate/Glints2/dict_0001_0195.uasset" 10433
"/Engine/EngineMaterials/Substrate/Glints2/dict_0001_0181" 10434
"../../../Engine/Content/EngineMaterials/Substrate/Glints2/dict_0001_0186.uasset" 10435
"../../../Engine/Content/EngineMaterials/Substrate/Glints2/dict_0001_0203.uasset" 10436
"../../../Engine/Content/EngineMaterials/Substrate/Glints2/dict_0001_0194.uasset" 10437
"../../../Engine/Content/EngineMaterials/Substrate/Glints2/dict_0001_0198.uasset" 10438
"/Engine/EngineMaterials/Substrate/Glints2/dict_0001_0182" 10439
"/Engine/EngineMaterials/Substrate/Glints2/dict_0001_0184" 10440
"../../../Engine/Content/EngineMaterials/Substrate/Glints2/dict_0001_0200.uasset" 10441
"/Engine/EngineMaterials/Substrate/Glints2/dict_0001_0197" 10442
"../../../Engine/Content/EngineMaterials/Substrate/Glints2/dict_0001_0172.uasset" 10443
"/Engine/EngineMaterials/Substrate/Glints2/dict_0001_0201" 10444
"../../../Engine/Content/EngineMaterials/Substrate/Glints2/dict_0001_0175.uasset" 10445
"/Engine/EngineMaterials/Substrate/Glints2/dict_0001_0202" 10446
"../../../Engine/Content/EngineMaterials/Substrate/Glints2/dict_0001_0174.uasset" 10447
"../../../Engine/Content/EngineMaterials/Substrate/Glints2/dict_0001_0173.uasset" 10448
"../../../Engine/Content/EngineMaterials/Substrate/Glints2/dict_0001_0171.uasset" 10449
"/Engine/EngineMaterials/Substrate/Glints2/dict_0001_0178" 10450
"../../../Engine/Content/EngineMaterials/Substrate/Glints2/dict_0001_0176.uasset" 10451
"../../../Engine/Content/EngineMaterials/Substrate/Glints2/dict_0001_0187.uasset" 10452
"/Engine/EngineMaterials/Substrate/Glints2/dict_0001_0205" 10453
"/Engine/EngineMaterials/Substrate/Glints2/dict_0001_0207" 10454
"/Engine/EngineMaterials/Substrate/Glints2/dict_0001_0190" 10455
"/Engine/EngineMaterials/Substrate/Glints2/dict_0001_0179" 10456
"/Engine/EngineMaterials/Substrate/Glints2/dict_0001_0192" 10457
"/Engine/EngineMaterials/Substrate/Glints2/dict_0001_0177" 10458
"/Engine/EngineMaterials/Substrate/Glints2/dict_0001_0171" 10459
"/Engine/EngineMaterials/Substrate/Glints2/dict_0001_0172" 10460
"/Engine/EngineMaterials/Substrate/Glints2/dict_0001_0194" 10461
"/Engine/EngineMaterials/Substrate/Glints2/dict_0001_0195" 10462
"/Engine/EngineMaterials/Substrate/Glints2/dict_0001_0196" 10463
"/Engine/EngineMaterials/Substrate/Glints2/dict_0001_0186" 10464
"/Engine/EngineMaterials/Substrate/Glints2/dict_0001_0198" 10465
"/Engine/EngineMaterials/Substrate/Glints2/dict_0001_0199" 10466
"/Engine/EngineMaterials/Substrate/Glints2/dict_0001_0200" 10467
"/Engine/EngineMaterials/Substrate/Glints2/dict_0001_0203" 10468
"/Engine/EngineMaterials/Substrate/Glints2/dict_0001_0173" 10469
"/Engine/EngineMaterials/Substrate/Glints2/dict_0001_0174" 10470
"/Engine/EngineMaterials/Substrate/Glints2/dict_0001_0175" 10471
"/Engine/EngineMaterials/Substrate/Glints2/dict_0001_0189" 10472
"/Engine/EngineMaterials/Substrate/Glints2/dict_0001_0176" 10473
"../../../Engine/Content/EngineMaterials/Substrate/Glints2/dict_0001_0161.uasset" 10474
"../../../Engine/Content/EngineMaterials/Substrate/Glints2/dict_0001_0169.uasset" 10475
"../../../Engine/Content/EngineMaterials/Substrate/Glints2/dict_0001_0168.uasset" 10476
"/Engine/EngineMaterials/Substrate/Glints2/dict_0001_0161" 10477
"/Engine/EngineMaterials/Substrate/Glints2/dict_0001_0187" 10478
"../../../Engine/Content/EngineMaterials/Substrate/Glints2/dict_0001_0167.uasset" 10479
"/Engine/EngineMaterials/Substrate/Glints2/dict_0001_0168" 10480
"/Engine/EngineMaterials/Substrate/Glints2/dict_0001_0169" 10481
"/Engine/EngineMaterials/Substrate/Glints2/dict_0001_0167" 10482
"../../../Engine/Content/EngineMaterials/Substrate/Glints2/dict_0001_0162.uasset" 10483
"/Engine/EngineMaterials/Substrate/Glints2/dict_0001_0162" 10484
"../../../Engine/Content/EngineMaterials/Substrate/Glints2/dict_0001_0170.uasset" 10485
"../../../Engine/Content/EngineMaterials/Substrate/Glints2/dict_0001_0158.uasset" 10486
"../../../Engine/Content/EngineMaterials/Substrate/Glints2/dict_0001_0163.uasset" 10487
"../../../Engine/Content/EngineMaterials/Substrate/Glints2/dict_0001_0165.uasset" 10488
"../../../Engine/Content/EngineMaterials/Substrate/Glints2/dict_0001_0164.uasset" 10489
"../../../Engine/Content/EngineMaterials/Substrate/Glints2/dict_0001_0145.uasset" 10490
"../../../Engine/Content/EngineMaterials/Substrate/Glints2/dict_0001_0151.uasset" 10491
"../../../Engine/Content/EngineMaterials/Substrate/Glints2/dict_0001_0148.uasset" 10492
"../../../Engine/Content/EngineMaterials/Substrate/Glints2/dict_0001_0146.uasset" 10493
"/Engine/EngineMaterials/Substrate/Glints2/dict_0001_0158" 10494
"../../../Engine/Content/EngineMaterials/Substrate/Glints2/dict_0001_0149.uasset" 10495
"../../../Engine/Content/EngineMaterials/Substrate/Glints2/dict_0001_0141.uasset" 10496
"../../../Engine/Content/EngineMaterials/Substrate/Glints2/dict_0001_0147.uasset" 10497
"/Engine/EngineMaterials/Substrate/Glints2/dict_0001_0163" 10498
"/Engine/EngineMaterials/Substrate/Glints2/dict_0001_0145" 10499
"../../../Engine/Content/EngineMaterials/Substrate/Glints2/dict_0001_0139.uasset" 10500
"../../../Engine/Content/EngineMaterials/Substrate/Glints2/dict_0001_0166.uasset" 10501
"/Engine/EngineMaterials/Substrate/Glints2/dict_0001_0146" 10502
"/Engine/EngineMaterials/Substrate/Glints2/dict_0001_0148" 10503
"../../../Engine/Content/EngineMaterials/Substrate/Glints2/dict_0001_0156.uasset" 10504
"../../../Engine/Content/EngineMaterials/Substrate/Glints2/dict_0001_0143.uasset" 10505
"../../../Engine/Content/EngineMaterials/Substrate/Glints2/dict_0001_0135.uasset" 10506
"../../../Engine/Content/EngineMaterials/Substrate/Glints2/dict_0001_0153.uasset" 10507
"../../../Engine/Content/EngineMaterials/Substrate/Glints2/dict_0001_0144.uasset" 10508
"/Engine/EngineMaterials/Substrate/Glints2/dict_0001_0164" 10509
"../../../Engine/Content/EngineMaterials/Substrate/Glints2/dict_0001_0152.uasset" 10510
"../../../Engine/Content/EngineMaterials/Substrate/Glints2/dict_0001_0134.uasset" 10511
"../../../Engine/Content/EngineMaterials/Substrate/Glints2/dict_0001_0137.uasset" 10512
"../../../Engine/Content/EngineMaterials/Substrate/Glints2/dict_0001_0136.uasset" 10513
"../../../Engine/Content/EngineMaterials/Substrate/Glints2/dict_0001_0157.uasset" 10514
"../../../Engine/Content/EngineMaterials/Substrate/Glints2/dict_0001_0155.uasset" 10515
"/Engine/EngineMaterials/Substrate/Glints2/dict_0001_0151" 10516
"/Engine/EngineMaterials/Substrate/Glints2/dict_0001_0165" 10517
"/Engine/EngineMaterials/Substrate/Glints2/dict_0001_0170" 10518
"../../../Engine/Content/EngineMaterials/Substrate/Glints2/dict_0001_0140.uasset" 10519
"/Engine/EngineMaterials/Substrate/Glints2/dict_0001_0140" 10520
"/Engine/EngineMaterials/Substrate/Glints2/dict_0001_0141" 10521
"/Engine/EngineMaterials/Substrate/Glints2/dict_0001_0136" 10522
"../../../Engine/Content/EngineMaterials/Substrate/Glints2/dict_0001_0160.uasset" 10523
"../../../Engine/Content/EngineMaterials/Substrate/Glints2/dict_0001_0159.uasset" 10524
"/Engine/EngineMaterials/Substrate/Glints2/dict_0001_0134" 10525
"/Engine/EngineMaterials/Substrate/Glints2/dict_0001_0143" 10526
"../../../Engine/Content/EngineMaterials/Substrate/Glints2/dict_0001_0154.uasset" 10527
"/Engine/EngineMaterials/Substrate/Glints2/dict_0001_0144" 10528
"/Engine/EngineMaterials/Substrate/Glints2/dict_0001_0147" 10529
"/Engine/EngineMaterials/Substrate/Glints2/dict_0001_0149" 10530
"../../../Engine/Content/EngineMaterials/Substrate/Glints2/dict_0001_0150.uasset" 10531
"../../../Engine/Content/EngineMaterials/Substrate/Glints2/dict_0001_0142.uasset" 10532
"/Engine/EngineMaterials/Substrate/Glints2/dict_0001_0137" 10533
"/Engine/EngineMaterials/Substrate/Glints2/dict_0001_0166" 10534
"../../../Engine/Content/EngineMaterials/Substrate/Glints2/dict_0001_0138.uasset" 10535
"/Engine/EngineMaterials/Substrate/Glints2/dict_0001_0152" 10536
"/Engine/EngineMaterials/Substrate/Glints2/dict_0001_0153" 10537
"/Engine/EngineMaterials/Substrate/Glints2/dict_0001_0135" 10538
"/Engine/EngineMaterials/Substrate/Glints2/dict_0001_0155" 10539
"/Engine/EngineMaterials/Substrate/Glints2/dict_0001_0156" 10540
"/Engine/EngineMaterials/Substrate/Glints2/dict_0001_0139" 10541
"/Engine/EngineMaterials/Substrate/Glints2/dict_0001_0157" 10542
"/Engine/EngineMaterials/Substrate/Glints2/dict_0001_0142" 10543
"../../../Engine/Content/EngineMaterials/Substrate/Glints2/dict_0001_0126.uasset" 10544
"/Engine/EngineMaterials/Substrate/Glints2/dict_0001_0159" 10545
"/Engine/EngineMaterials/Substrate/Glints2/dict_0001_0160" 10546
"/Engine/EngineMaterials/Substrate/Glints2/dict_0001_0150" 10547
"../../../Engine/Content/EngineMaterials/Substrate/Glints2/dict_0001_0128.uasset" 10548
"../../../Engine/Content/EngineMaterials/Substrate/Glints2/dict_0001_0133.uasset" 10549
"/Engine/EngineMaterials/Substrate/Glints2/dict_0001_0154" 10550
"/Engine/EngineMaterials/Substrate/Glints2/dict_0001_0138" 10551
"/Engine/EngineMaterials/Substrate/Glints2/dict_0001_0126" 10552
"../../../Engine/Content/EngineMaterials/Substrate/Glints2/dict_0001_0130.uasset" 10553
"/Engine/EngineMaterials/Substrate/Glints2/dict_0001_0128" 10554
"../../../Engine/Content/EngineMaterials/Substrate/Glints2/dict_0001_0131.uasset" 10555
"../../../Engine/Content/EngineMaterials/Substrate/Glints2/dict_0001_0129.uasset" 10556
"/Engine/EngineMaterials/Substrate/Glints2/dict_0001_0133" 10557
"/Engine/EngineMaterials/Substrate/Glints2/dict_0001_0129" 10558
"/Engine/EngineMaterials/Substrate/Glints2/dict_0001_0130" 10559
"/Engine/EngineMaterials/Substrate/Glints2/dict_0001_0131" 10560
"../../../Engine/Content/EngineMaterials/Substrate/Glints2/dict_0001_0132.uasset" 10561
"../../../Engine/Content/EngineMaterials/Substrate/Glints2/dict_0001_0108.uasset" 10562
"../../../Engine/Content/EngineMaterials/Substrate/Glints2/dict_0001_0114.uasset" 10563
"../../../Engine/Content/EngineMaterials/Substrate/Glints2/dict_0001_0112.uasset" 10564
"../../../Engine/Content/EngineMaterials/Substrate/Glints2/dict_0001_0098.uasset" 10565
"/Engine/EngineMaterials/Substrate/Glints2/dict_0001_0108" 10566
"../../../Engine/Content/EngineMaterials/Substrate/Glints2/dict_0001_0120.uasset" 10567
"../../../Engine/Content/EngineMaterials/Substrate/Glints2/dict_0001_0102.uasset" 10568
"/Engine/EngineMaterials/Substrate/Glints2/dict_0001_0112" 10569
"../../../Engine/Content/EngineMaterials/Substrate/Glints2/dict_0001_0117.uasset" 10570
"/Engine/EngineMaterials/Substrate/Glints2/dict_0001_0114" 10571
"/Engine/EngineMaterials/Substrate/Glints2/dict_0001_0098" 10572
"/Engine/EngineMaterials/Substrate/Glints2/dict_0001_0132" 10573
"../../../Engine/Content/EngineMaterials/Substrate/Glints2/dict_0001_0101.uasset" 10574
"../../../Engine/Content/EngineMaterials/Substrate/Glints2/dict_0001_0124.uasset" 10575
"/Engine/EngineMaterials/Substrate/Glints2/dict_0001_0102" 10576
"/Engine/EngineMaterials/Substrate/Glints2/dict_0001_0117" 10577
"../../../Engine/Content/EngineMaterials/Substrate/Glints2/dict_0001_0096.uasset" 10578
"../../../Engine/Content/EngineMaterials/Substrate/Glints2/dict_0001_0109.uasset" 10579
"../../../Engine/Content/EngineMaterials/Substrate/Glints2/dict_0001_0103.uasset" 10580
"../../../Engine/Content/EngineMaterials/Substrate/Glints2/dict_0001_0111.uasset" 10581
"../../../Engine/Content/EngineMaterials/Substrate/Glints2/dict_0001_0104.uasset" 10582
"/Engine/EngineMaterials/Substrate/Glints2/dict_0001_0120" 10583
"/Engine/EngineMaterials/Substrate/Glints2/dict_0001_0101" 10584
"/Engine/EngineMaterials/Substrate/Glints2/dict_0001_0109" 10585
"../../../Engine/Content/EngineMaterials/Substrate/Glints2/dict_0001_0107.uasset" 10586
"../../../Engine/Content/EngineMaterials/Substrate/Glints2/dict_0001_0110.uasset" 10587
"../../../Engine/Content/EngineMaterials/Substrate/Glints2/dict_0001_0125.uasset" 10588
"../../../Engine/Content/EngineMaterials/Substrate/Glints2/dict_0001_0105.uasset" 10589
"/Engine/EngineMaterials/Substrate/Glints2/dict_0001_0103" 10590
"../../../Engine/Content/EngineMaterials/Substrate/Glints2/dict_0001_0118.uasset" 10591
"/Engine/EngineMaterials/Substrate/Glints2/dict_0001_0104" 10592
"/Engine/EngineMaterials/Substrate/Glints2/dict_0001_0111" 10593
"/Engine/EngineMaterials/Substrate/Glints2/dict_0001_0096" 10594
"/Engine/EngineMaterials/Substrate/Glints2/dict_0001_0124" 10595
"/Engine/EngineMaterials/Substrate/Glints2/dict_0001_0125" 10596
"/Engine/EngineMaterials/Substrate/Glints2/dict_0001_0110" 10597
"/Engine/EngineMaterials/Substrate/Glints2/dict_0001_0105" 10598
"/Engine/EngineMaterials/Substrate/Glints2/dict_0001_0118" 10599
"/Engine/EngineMaterials/Substrate/Glints2/dict_0001_0107" 10600
"../../../Engine/Content/EngineMaterials/Substrate/Glints2/dict_0001_0089.uasset" 10601
"../../../Engine/Content/EngineMaterials/Substrate/Glints2/dict_0001_0094.uasset" 10602
"../../../Engine/Content/EngineMaterials/Substrate/Glints2/dict_0001_0115.uasset" 10603
"../../../Engine/Content/EngineMaterials/Substrate/Glints2/dict_0001_0092.uasset" 10604
"../../../Engine/Content/EngineMaterials/Substrate/Glints2/dict_0001_0090.uasset" 10605
"../../../Engine/Content/EngineMaterials/Substrate/Glints2/dict_0001_0087.uasset" 10606
"../../../Engine/Content/EngineMaterials/Substrate/Glints2/dict_0001_0113.uasset" 10607
"../../../Engine/Content/EngineMaterials/Substrate/Glints2/dict_0001_0088.uasset" 10608
"../../../Engine/Content/EngineMaterials/Substrate/Glints2/dict_0001_0100.uasset" 10609
"../../../Engine/Content/EngineMaterials/Substrate/Glints2/dict_0001_0106.uasset" 10610
"../../../Engine/Content/EngineMaterials/Substrate/Glints2/dict_0001_0086.uasset" 10611
"../../../Engine/Content/EngineMaterials/Substrate/Glints2/dict_0001_0081.uasset" 10612
"/Engine/EngineMaterials/Substrate/Glints2/dict_0001_0081" 10613
"../../../Engine/Content/EngineMaterials/Substrate/Glints2/dict_0001_0079.uasset" 10614
"/Engine/EngineMaterials/Substrate/Glints2/dict_0001_0087" 10615
"../../../Engine/Content/EngineMaterials/Substrate/Glints2/dict_0001_0127.uasset" 10616
"/Engine/EngineMaterials/Substrate/Glints2/dict_0001_0092" 10617
"/Engine/EngineMaterials/Substrate/Glints2/dict_0001_0113" 10618
"../../../Engine/Content/EngineMaterials/Substrate/Glints2/dict_0001_0076.uasset" 10619
"../../../Engine/Content/EngineMaterials/Substrate/Glints2/dict_0001_0078.uasset" 10620
"../../../Engine/Content/EngineMaterials/Substrate/Glints2/dict_0001_0099.uasset" 10621
"/Engine/EngineMaterials/Substrate/Glints2/dict_0001_0100" 10622
"../../../Engine/Content/EngineMaterials/Substrate/Glints2/dict_0001_0119.uasset" 10623
"../../../Engine/Content/EngineMaterials/Substrate/Glints2/dict_0001_0083.uasset" 10624
"/Engine/EngineMaterials/Substrate/Glints2/dict_0001_0115" 10625
"../../../Engine/Content/EngineMaterials/Substrate/Glints2/dict_0001_0122.uasset" 10626
"../../../Engine/Content/EngineMaterials/Substrate/Glints2/dict_0001_0095.uasset" 10627
"/Engine/EngineMaterials/Substrate/Glints2/dict_0001_0094" 10628
"/Engine/EngineMaterials/Substrate/Glints2/dict_0001_0088" 10629
"/Engine/EngineMaterials/Substrate/Glints2/dict_0001_0089" 10630
"../../../Engine/Content/EngineMaterials/Substrate/Glints2/dict_0001_0085.uasset" 10631
"/Engine/EngineMaterials/Substrate/Glints2/dict_0001_0106" 10632
"../../../Engine/Content/EngineMaterials/Substrate/Glints2/dict_0001_0077.uasset" 10633
"/Engine/EngineMaterials/Substrate/Glints2/dict_0001_0090" 10634
"../../../Engine/Content/EngineMaterials/Substrate/Glints2/dict_0001_0121.uasset" 10635
"/Engine/EngineMaterials/Substrate/Glints2/dict_0001_0086" 10636
"../../../Engine/Content/EngineMaterials/Substrate/Glints2/dict_0001_0097.uasset" 10637
"../../../Engine/Content/EngineMaterials/Substrate/Glints2/dict_0001_0123.uasset" 10638
"../../../Engine/Content/EngineMaterials/Substrate/Glints2/dict_0001_0116.uasset" 10639
"/Engine/EngineMaterials/Substrate/Glints2/dict_0001_0076" 10640
"/Engine/EngineMaterials/Substrate/Glints2/dict_0001_0083" 10641
"/Engine/EngineMaterials/Substrate/Glints2/dict_0001_0077" 10642
"../../../Engine/Content/EngineMaterials/Substrate/Glints2/dict_0001_0082.uasset" 10643
"/Engine/EngineMaterials/Substrate/Glints2/dict_0001_0099" 10644
"/Engine/EngineMaterials/Substrate/Glints2/dict_0001_0127" 10645
"/Engine/EngineMaterials/Substrate/Glints2/dict_0001_0085" 10646
"/Engine/EngineMaterials/Substrate/Glints2/dict_0001_0097" 10647
"/Engine/EngineMaterials/Substrate/Glints2/dict_0001_0078" 10648
"../../../Engine/Content/EngineMaterials/Substrate/Glints2/dict_0001_0084.uasset" 10649
"/Engine/EngineMaterials/Substrate/Glints2/dict_0001_0095" 10650
"/Engine/EngineMaterials/Substrate/Glints2/dict_0001_0079" 10651
"/Engine/EngineMaterials/Substrate/Glints2/dict_0001_0119" 10652
"/Engine/EngineMaterials/Substrate/Glints2/dict_0001_0121" 10653
"/Engine/EngineMaterials/Substrate/Glints2/dict_0001_0122" 10654
"/Engine/EngineMaterials/Substrate/Glints2/dict_0001_0123" 10655
"../../../Engine/Content/EngineMaterials/Substrate/Glints2/dict_0001_0080.uasset" 10656
"../../../Engine/Content/EngineMaterials/Substrate/Glints2/dict_0001_0091.uasset" 10657
"/Engine/EngineMaterials/Substrate/Glints2/dict_0001_0091" 10658
"../../../Engine/Content/EngineMaterials/Substrate/Glints2/dict_0001_0093.uasset" 10659
"/Engine/EngineMaterials/Substrate/Glints2/dict_0001_0082" 10660
"/Engine/EngineMaterials/Substrate/Glints2/dict_0001_0084" 10661
"/Engine/EngineMaterials/Substrate/Glints2/dict_0001_0116" 10662
"../../../Engine/Content/EngineMaterials/Substrate/Glints2/dict_0001_0067.uasset" 10663
"../../../Engine/Content/EngineMaterials/Substrate/Glints2/dict_0001_0064.uasset" 10664
"../../../Engine/Content/EngineMaterials/Substrate/Glints2/dict_0001_0070.uasset" 10665
"/Engine/EngineMaterials/Substrate/Glints2/dict_0001_0080" 10666
"../../../Engine/Content/EngineMaterials/Substrate/Glints2/dict_0001_0074.uasset" 10667
"../../../Engine/Content/EngineMaterials/Substrate/Glints2/dict_0001_0069.uasset" 10668
"../../../Engine/Content/EngineMaterials/Substrate/Glints2/dict_0001_0072.uasset" 10669
"../../../Engine/Content/EngineMaterials/Substrate/Glints2/dict_0001_0071.uasset" 10670
"../../../Engine/Content/EngineMaterials/Substrate/Glints2/dict_0001_0057.uasset" 10671
"../../../Engine/Content/EngineMaterials/Substrate/Glints2/dict_0001_0052.uasset" 10672
"/Engine/EngineMaterials/Substrate/Glints2/dict_0001_0064" 10673
"../../../Engine/Content/EngineMaterials/Substrate/Glints2/dict_0001_0060.uasset" 10674
"../../../Engine/Content/EngineMaterials/Substrate/Glints2/dict_0001_0062.uasset" 10675
"../../../Engine/Content/EngineMaterials/Substrate/Glints2/dict_0001_0058.uasset" 10676
"/Engine/EngineMaterials/Substrate/Glints2/dict_0001_0067" 10677
"/Engine/EngineMaterials/Substrate/Glints2/dict_0001_0093" 10678
"../../../Engine/Content/EngineMaterials/Substrate/Glints2/dict_0001_0073.uasset" 10679
"/Engine/EngineMaterials/Substrate/Glints2/dict_0001_0069" 10680
"../../../Engine/Content/EngineMaterials/Substrate/Glints2/dict_0001_0061.uasset" 10681
"../../../Engine/Content/EngineMaterials/Substrate/Glints2/dict_0001_0053.uasset" 10682
"/Engine/EngineMaterials/Substrate/Glints2/dict_0001_0057" 10683
"../../../Engine/Content/EngineMaterials/Substrate/Glints2/dict_0001_0063.uasset" 10684
"/Engine/EngineMaterials/Substrate/Glints2/dict_0001_0070" 10685
"../../../Engine/Content/EngineMaterials/Substrate/Glints2/dict_0001_0059.uasset" 10686
"/Engine/EngineMaterials/Substrate/Glints2/dict_0001_0071" 10687
"/Engine/EngineMaterials/Substrate/Glints2/dict_0001_0072" 10688
"/Engine/EngineMaterials/Substrate/Glints2/dict_0001_0074" 10689
"../../../Engine/Content/EngineMaterials/Substrate/Glints2/dict_0001_0051.uasset" 10690
"/Engine/EngineMaterials/Substrate/Glints2/dict_0001_0051" 10691
"../../../Engine/Content/EngineMaterials/Substrate/Glints2/dict_0001_0049.uasset" 10692
"../../../Engine/Content/EngineMaterials/Substrate/Glints2/dict_0001_0048.uasset" 10693
"../../../Engine/Content/EngineMaterials/Substrate/Glints2/dict_0001_0055.uasset" 10694
"/Engine/EngineMaterials/Substrate/Glints2/dict_0001_0052" 10695
"../../../Engine/Content/EngineMaterials/Substrate/Glints2/dict_0001_0075.uasset" 10696
"../../../Engine/Content/EngineMaterials/Substrate/Glints2/dict_0001_0050.uasset" 10697
"/Engine/EngineMaterials/Substrate/Glints2/dict_0001_0053" 10698
"/Engine/EngineMaterials/Substrate/Glints2/dict_0001_0058" 10699
"../../../Engine/Content/EngineMaterials/Substrate/Glints2/dict_0001_0047.uasset" 10700
"../../../Engine/Content/EngineMaterials/Substrate/Glints2/dict_0001_0054.uasset" 10701
"/Engine/EngineMaterials/Substrate/Glints2/dict_0001_0059" 10702
"../../../Engine/Content/EngineMaterials/Substrate/Glints2/dict_0001_0056.uasset" 10703
"/Engine/EngineMaterials/Substrate/Glints2/dict_0001_0060" 10704
"/Engine/EngineMaterials/Substrate/Glints2/dict_0001_0073" 10705
"../../../Engine/Content/EngineMaterials/Substrate/Glints2/dict_0001_0046.uasset" 10706
"../../../Engine/Content/EngineMaterials/Substrate/Glints2/dict_0001_0068.uasset" 10707
"/Engine/EngineMaterials/Substrate/Glints2/dict_0001_0061" 10708
"/Engine/EngineMaterials/Substrate/Glints2/dict_0001_0062" 10709
"/Engine/EngineMaterials/Substrate/Glints2/dict_0001_0063" 10710
"/Engine/EngineMaterials/Substrate/Glints2/dict_0001_0050" 10711
"/Engine/EngineMaterials/Substrate/Glints2/dict_0001_0046" 10712
"/Engine/EngineMaterials/Substrate/Glints2/dict_0001_0047" 10713
"/Engine/EngineMaterials/Substrate/Glints2/dict_0001_0054" 10714
"/Engine/EngineMaterials/Substrate/Glints2/dict_0001_0068" 10715
"/Engine/EngineMaterials/Substrate/Glints2/dict_0001_0055" 10716
"../../../Engine/Content/EngineMaterials/Substrate/Glints2/dict_0001_0045.uasset" 10717
"/Engine/EngineMaterials/Substrate/Glints2/dict_0001_0056" 10718
"/Engine/EngineMaterials/Substrate/Glints2/dict_0001_0048" 10719
"/Engine/EngineMaterials/Substrate/Glints2/dict_0001_0049" 10720
"/Engine/EngineMaterials/Substrate/Glints2/dict_0001_0075" 10721
"/Engine/EngineMaterials/Substrate/Glints2/dict_0001_0045" 10722
"../../../Engine/Content/EngineMaterials/Substrate/Glints2/dict_0001_0031.uasset" 10723
"../../../Engine/Content/EngineMaterials/Substrate/Glints2/dict_0001_0033.uasset" 10724
"../../../Engine/Content/EngineMaterials/Substrate/Glints2/dict_0001_0029.uasset" 10725
"../../../Engine/Content/EngineMaterials/Substrate/Glints2/dict_0001_0034.uasset" 10726
"/Engine/EngineMaterials/Substrate/Glints2/dict_0001_0029" 10727
"../../../Engine/Content/EngineMaterials/Substrate/Glints2/dict_0001_0030.uasset" 10728
"/Engine/EngineMaterials/Substrate/Glints2/dict_0001_0031" 10729
"/Engine/EngineMaterials/Substrate/Glints2/dict_0001_0033" 10730
"../../../Engine/Content/EngineMaterials/Substrate/Glints2/dict_0001_0038.uasset" 10731
"/Engine/EngineMaterials/Substrate/Glints2/dict_0001_0034" 10732
"../../../Engine/Content/EngineMaterials/Substrate/Glints2/dict_0001_0028.uasset" 10733
"../../../Engine/Content/EngineMaterials/Substrate/Glints2/dict_0001_0041.uasset" 10734
"../../../Engine/Content/EngineMaterials/Substrate/Glints2/dict_0001_0044.uasset" 10735
"/Engine/EngineMaterials/Substrate/Glints2/dict_0001_0028" 10736
"/Engine/EngineMaterials/Substrate/Glints2/dict_0001_0038" 10737
"../../../Engine/Content/EngineMaterials/Substrate/Glints2/dict_0001_0039.uasset" 10738
"/Engine/EngineMaterials/Substrate/Glints2/dict_0001_0041" 10739
"/Engine/EngineMaterials/Substrate/Glints2/dict_0001_0030" 10740
"../../../Engine/Content/EngineMaterials/Substrate/Glints2/dict_0001_0040.uasset" 10741
"/Engine/EngineMaterials/Substrate/Glints2/dict_0001_0044" 10742
"/Engine/EngineMaterials/Substrate/Glints2/dict_0001_0039" 10743
"/Engine/EngineMaterials/Substrate/Glints2/dict_0001_0040" 10744
"../../../Engine/Content/EngineMaterials/Substrate/Glints2/dict_0001_0026.uasset" 10745
"../../../Engine/Content/EngineMaterials/Substrate/Glints2/dict_0001_0024.uasset" 10746
"../../../Engine/Content/EngineMaterials/Substrate/Glints2/dict_0001_0017.uasset" 10747
"../../../Engine/Content/EngineMaterials/Substrate/Glints2/dict_0001_0043.uasset" 10748
"../../../Engine/Content/EngineMaterials/Substrate/Glints2/dict_0001_0042.uasset" 10749
"../../../Engine/Content/EngineMaterials/Substrate/Glints2/dict_0001_0025.uasset" 10750
"../../../Engine/Content/EngineMaterials/Substrate/Glints2/dict_0001_0012.uasset" 10751
"../../../Engine/Content/EngineMaterials/Substrate/Glints2/dict_0001_0037.uasset" 10752
"../../../Engine/Content/EngineMaterials/Substrate/Glints2/dict_0001_0032.uasset" 10753
"../../../Engine/Content/EngineMaterials/Substrate/Glints2/dict_0001_0009.uasset" 10754
"../../../Engine/Content/EngineMaterials/Substrate/Glints2/dict_0001_0023.uasset" 10755
"/Engine/EngineMaterials/Substrate/Glints2/dict_0001_0017" 10756
"../../../Engine/Content/EngineMaterials/Substrate/Glints2/dict_0001_0015.uasset" 10757
"/Engine/EngineMaterials/Substrate/Glints2/dict_0001_0026" 10758
"../../../Engine/Content/EngineMaterials/Substrate/Glints2/dict_0001_0013.uasset" 10759
"/Engine/EngineMaterials/Substrate/Glints2/dict_0001_0037" 10760
"../../../Engine/Content/EngineMaterials/Substrate/Glints2/dict_0001_0006.uasset" 10761
"/Engine/EngineMaterials/Substrate/Glints2/dict_0001_0023" 10762
"/Engine/EngineMaterials/Substrate/Glints2/dict_0001_0042" 10763
"../../../Engine/Content/EngineMaterials/Substrate/Glints2/dict_0001_0007.uasset" 10764
"../../../Engine/Content/EngineMaterials/Substrate/Glints2/dict_0001_0008.uasset" 10765
"../../../Engine/Content/EngineMaterials/Substrate/Glints2/dict_0001_0014.uasset" 10766
"../../../Engine/Content/EngineMaterials/Substrate/Glints2/dict_0001_0005.uasset" 10767
"/Engine/EngineMaterials/Substrate/Glints2/dict_0001_0009" 10768
"../../../Engine/Content/EngineMaterials/Substrate/Glints2/dict_0001_0016.uasset" 10769
"../../../Engine/Content/EngineMaterials/Substrate/Glints2/dict_0001_0019.uasset" 10770
"/Engine/EngineMaterials/Substrate/Glints2/dict_0001_0012" 10771
"/Engine/EngineMaterials/Substrate/Glints2/dict_0001_0043" 10772
"../../../Engine/Content/EngineMaterials/Substrate/Glints2/dict_0001_0011.uasset" 10773
"/Engine/EngineMaterials/Substrate/Glints2/dict_0001_0032" 10774
"/Engine/EngineMaterials/Substrate/Glints2/dict_0001_0024" 10775
"../../../Engine/Content/EngineMaterials/Substrate/Glints2/dict_0001_0022.uasset" 10776
"../../../Engine/Content/EngineMaterials/Substrate/Glints2/dict_0001_0020.uasset" 10777
"../../../Engine/Content/EngineMaterials/Substrate/Glints2/dict_0001_0010.uasset" 10778
"/Engine/EngineMaterials/Substrate/Glints2/dict_0001_0025" 10779
"/Engine/EngineMaterials/Substrate/Glints2/dict_0001_0016" 10780
"../../../Engine/Content/EngineMaterials/Substrate/Glints2/dict_0001_0021.uasset" 10781
"/Engine/EngineMaterials/Substrate/Glints2/dict_0001_0015" 10782
"/Engine/EngineMaterials/Substrate/Glints2/dict_0001_0006" 10783
"/Engine/EngineMaterials/Substrate/Glints2/dict_0001_0019" 10784
"/Engine/EngineMaterials/Substrate/Glints2/dict_0001_0020" 10785
"../../../Engine/Content/EngineMaterials/Substrate/Glints2/dict_0001_0018.uasset" 10786
"/Engine/EngineMaterials/Substrate/Glints2/dict_0001_0007" 10787
"/Engine/EngineMaterials/Substrate/Glints2/dict_0001_0022" 10788
"../../../Engine/Content/EngineMaterials/Substrate/Glints2/dict_0001_0065.uasset" 10789
"/Engine/EngineMaterials/Substrate/Glints2/dict_0001_0005" 10790
"../../../Engine/Content/EngineMaterials/Substrate/Glints2/dict_0001_0027.uasset" 10791
"/Engine/EngineMaterials/Substrate/Glints2/dict_0001_0008" 10792
"../../../Engine/Content/EngineMaterials/Substrate/Glints2/dict_0001_0035.uasset" 10793
"../../../Engine/Content/EngineMaterials/Substrate/Glints2/dict_0001_0036.uasset" 10794
"/Engine/EngineMaterials/Substrate/Glints2/dict_0001_0011" 10795
"../../../Engine/Content/EngineMaterials/Substrate/Glints2/dict_0001_0003.uasset" 10796
"../../../Engine/Content/EngineMaterials/Substrate/Glints2/dict_0001_0066.uasset" 10797
"/Engine/EngineMaterials/Substrate/Glints2/dict_0001_0013" 10798
"../../../Engine/Content/EngineMaterials/Substrate/Glints2/dict_0001_0000.uasset" 10799
"../../../Engine/Content/EngineMaterials/Substrate/Glints2/dict_0000_0253.uasset" 10800
"../../../Engine/Content/EngineMaterials/Substrate/Glints2/dict_0001_0004.uasset" 10801
"../../../Engine/Content/EngineMaterials/Substrate/Glints2/dict_0001_0002.uasset" 10802
"/Engine/EngineMaterials/Substrate/Glints2/dict_0001_0014" 10803
"../../../Engine/Content/EngineMaterials/Substrate/Glints2/dict_0000_0254.uasset" 10804
"../../../Engine/Content/EngineMaterials/Substrate/Glints2/dict_0000_0250.uasset" 10805
"/Engine/EngineMaterials/Substrate/Glints2/dict_0001_0010" 10806
"../../../Engine/Content/EngineMaterials/Substrate/Glints2/dict_0000_0251.uasset" 10807
"../../../Engine/Content/EngineMaterials/Substrate/Glints2/dict_0000_0252.uasset" 10808
"../../../Engine/Content/EngineMaterials/Substrate/Glints2/dict_0001_0001.uasset" 10809
"/Engine/EngineMaterials/Substrate/Glints2/dict_0001_0036" 10810
"../../../Engine/Content/EngineMaterials/Substrate/Glints2/dict_0000_0249.uasset" 10811
"/Engine/EngineMaterials/Substrate/Glints2/dict_0001_0065" 10812
"/Engine/EngineMaterials/Substrate/Glints2/dict_0000_0250" 10813
"../../../Engine/Content/EngineMaterials/Substrate/Glints2/dict_0000_0255.uasset" 10814
"/Engine/EngineMaterials/Substrate/Glints2/dict_0001_0027" 10815
"/Engine/EngineMaterials/Substrate/Glints2/dict_0001_0018" 10816
"/Engine/EngineMaterials/Substrate/Glints2/dict_0001_0066" 10817
"/Engine/EngineMaterials/Substrate/Glints2/dict_0000_0251" 10818
"/Engine/EngineMaterials/Substrate/Glints2/dict_0001_0021" 10819
"/Engine/EngineMaterials/Substrate/Glints2/dict_0001_0004" 10820
"/Engine/EngineMaterials/Substrate/Glints2/dict_0000_0253" 10821
"/Engine/EngineMaterials/Substrate/Glints2/dict_0000_0254" 10822
"/Engine/EngineMaterials/Substrate/Glints2/dict_0001_0000" 10823
"../../../Engine/Content/EngineMaterials/Substrate/Glints2/dict_0000_0247.uasset" 10824
"../../../Engine/Content/EngineMaterials/Substrate/Glints2/dict_0000_0244.uasset" 10825
"../../../Engine/Content/EngineMaterials/Substrate/Glints2/dict_0000_0243.uasset" 10826
"../../../Engine/Content/EngineMaterials/Substrate/Glints2/dict_0000_0248.uasset" 10827
"/Engine/EngineMaterials/Substrate/Glints2/dict_0001_0002" 10828
"/Engine/EngineMaterials/Substrate/Glints2/dict_0001_0035" 10829
"../../../Engine/Content/EngineMaterials/Substrate/Glints2/dict_0000_0246.uasset" 10830
"/Engine/EngineMaterials/Substrate/Glints2/dict_0001_0003" 10831
"../../../Engine/Content/EngineMaterials/Substrate/Glints2/dict_0000_0241.uasset" 10832
"../../../Engine/Content/EngineMaterials/Substrate/Glints2/dict_0000_0236.uasset" 10833
"../../../Engine/Content/EngineMaterials/Substrate/Glints2/dict_0000_0240.uasset" 10834
"/Engine/EngineMaterials/Substrate/Glints2/dict_0000_0236" 10835
"/Engine/EngineMaterials/Substrate/Glints2/dict_0000_0249" 10836
"/Engine/EngineMaterials/Substrate/Glints2/dict_0000_0240" 10837
"/Engine/EngineMaterials/Substrate/Glints2/dict_0000_0241" 10838
"/Engine/EngineMaterials/Substrate/Glints2/dict_0000_0243" 10839
"/Engine/EngineMaterials/Substrate/Glints2/dict_0000_0244" 10840
"/Engine/EngineMaterials/Substrate/Glints2/dict_0000_0252" 10841
"/Engine/EngineMaterials/Substrate/Glints2/dict_0000_0255" 10842
"/Engine/EngineMaterials/Substrate/Glints2/dict_0001_0001" 10843
"/Engine/EngineMaterials/Substrate/Glints2/dict_0000_0246" 10844
"/Engine/EngineMaterials/Substrate/Glints2/dict_0000_0247" 10845
"/Engine/EngineMaterials/Substrate/Glints2/dict_0000_0248" 10846
"../../../Engine/Content/EngineMaterials/Substrate/Glints2/dict_0000_0237.uasset" 10847
"../../../Engine/Content/EngineMaterials/Substrate/Glints2/dict_0000_0231.uasset" 10848
"../../../Engine/Content/EngineMaterials/Substrate/Glints2/dict_0000_0227.uasset" 10849
"../../../Engine/Content/EngineMaterials/Substrate/Glints2/dict_0000_0239.uasset" 10850
"../../../Engine/Content/EngineMaterials/Substrate/Glints2/dict_0000_0234.uasset" 10851
"../../../Engine/Content/EngineMaterials/Substrate/Glints2/dict_0000_0232.uasset" 10852
"../../../Engine/Content/EngineMaterials/Substrate/Glints2/dict_0000_0225.uasset" 10853
"../../../Engine/Content/EngineMaterials/Substrate/Glints2/dict_0000_0238.uasset" 10854
"../../../Engine/Content/EngineMaterials/Substrate/Glints2/dict_0000_0229.uasset" 10855
"../../../Engine/Content/EngineMaterials/Substrate/Glints2/dict_0000_0242.uasset" 10856
"../../../Engine/Content/EngineMaterials/Substrate/Glints2/dict_0000_0224.uasset" 10857
"../../../Engine/Content/EngineMaterials/Substrate/Glints2/dict_0000_0245.uasset" 10858
"../../../Engine/Content/EngineMaterials/Substrate/Glints2/dict_0000_0228.uasset" 10859
"../../../Engine/Content/EngineMaterials/Substrate/Glints2/dict_0000_0223.uasset" 10860
"/Engine/EngineMaterials/Substrate/Glints2/dict_0000_0237" 10861
"../../../Engine/Content/EngineMaterials/Substrate/Glints2/dict_0000_0226.uasset" 10862
"../../../Engine/Content/EngineMaterials/Substrate/Glints2/dict_0000_0214.uasset" 10863
"../../../Engine/Content/EngineMaterials/Substrate/Glints2/dict_0000_0235.uasset" 10864
"../../../Engine/Content/EngineMaterials/Substrate/Glints2/dict_0000_0213.uasset" 10865
"../../../Engine/Content/EngineMaterials/Substrate/Glints2/dict_0000_0217.uasset" 10866
"../../../Engine/Content/EngineMaterials/Substrate/Glints2/dict_0000_0233.uasset" 10867
"../../../Engine/Content/EngineMaterials/Substrate/Glints2/dict_0000_0230.uasset" 10868
"../../../Engine/Content/EngineMaterials/Substrate/Glints2/dict_0000_0216.uasset" 10869
"../../../Engine/Content/EngineMaterials/Substrate/Glints2/dict_0000_0222.uasset" 10870
"../../../Engine/Content/EngineMaterials/Substrate/Glints2/dict_0000_0219.uasset" 10871
"../../../Engine/Content/EngineMaterials/Substrate/Glints2/dict_0000_0220.uasset" 10872
"../../../Engine/Content/EngineMaterials/Substrate/Glints2/dict_0000_0212.uasset" 10873
"../../../Engine/Content/EngineMaterials/Substrate/Glints2/dict_0000_0211.uasset" 10874
"../../../Engine/Content/EngineMaterials/Substrate/Glints2/dict_0000_0210.uasset" 10875
"/Engine/EngineMaterials/Substrate/Glints2/dict_0000_0223" 10876
"../../../Engine/Content/EngineMaterials/Substrate/Glints2/dict_0000_0221.uasset" 10877
"/Engine/EngineMaterials/Substrate/Glints2/dict_0000_0224" 10878
"/Engine/EngineMaterials/Substrate/Glints2/dict_0000_0225" 10879
"/Engine/EngineMaterials/Substrate/Glints2/dict_0000_0238" 10880
"../../../Engine/Content/EngineMaterials/Substrate/Glints2/dict_0000_0209.uasset" 10881
"/Engine/EngineMaterials/Substrate/Glints2/dict_0000_0227" 10882
"/Engine/EngineMaterials/Substrate/Glints2/dict_0000_0239" 10883
"/Engine/EngineMaterials/Substrate/Glints2/dict_0000_0228" 10884
"/Engine/EngineMaterials/Substrate/Glints2/dict_0000_0242" 10885
"/Engine/EngineMaterials/Substrate/Glints2/dict_0000_0229" 10886
"/Engine/EngineMaterials/Substrate/Glints2/dict_0000_0245" 10887
"/Engine/EngineMaterials/Substrate/Glints2/dict_0000_0231" 10888
"/Engine/EngineMaterials/Substrate/Glints2/dict_0000_0232" 10889
"../../../Engine/Content/EngineMaterials/Substrate/Glints2/dict_0000_0218.uasset" 10890
"/Engine/EngineMaterials/Substrate/Glints2/dict_0000_0234" 10891
"/Engine/EngineMaterials/Substrate/Glints2/dict_0000_0209" 10892
"/Engine/EngineMaterials/Substrate/Glints2/dict_0000_0221" 10893
"/Engine/EngineMaterials/Substrate/Glints2/dict_0000_0222" 10894
"/Engine/EngineMaterials/Substrate/Glints2/dict_0000_0210" 10895
"/Engine/EngineMaterials/Substrate/Glints2/dict_0000_0226" 10896
"/Engine/EngineMaterials/Substrate/Glints2/dict_0000_0211" 10897
"/Engine/EngineMaterials/Substrate/Glints2/dict_0000_0212" 10898
"/Engine/EngineMaterials/Substrate/Glints2/dict_0000_0213" 10899
"/Engine/EngineMaterials/Substrate/Glints2/dict_0000_0214" 10900
"/Engine/EngineMaterials/Substrate/Glints2/dict_0000_0230" 10901
"/Engine/EngineMaterials/Substrate/Glints2/dict_0000_0216" 10902
"/Engine/EngineMaterials/Substrate/Glints2/dict_0000_0217" 10903
"/Engine/EngineMaterials/Substrate/Glints2/dict_0000_0233" 10904
"../../../Engine/Content/EngineMaterials/Substrate/Glints2/dict_0000_0215.uasset" 10905
"/Engine/EngineMaterials/Substrate/Glints2/dict_0000_0218" 10906
"/Engine/EngineMaterials/Substrate/Glints2/dict_0000_0219" 10907
"/Engine/EngineMaterials/Substrate/Glints2/dict_0000_0220" 10908
"/Engine/EngineMaterials/Substrate/Glints2/dict_0000_0235" 10909
"/Engine/EngineMaterials/Substrate/Glints2/dict_0000_0215" 10910
"../../../Engine/Content/EngineMaterials/Substrate/Glints2/dict_0000_0202.uasset" 10911
"../../../Engine/Content/EngineMaterials/Substrate/Glints2/dict_0000_0198.uasset" 10912
"../../../Engine/Content/EngineMaterials/Substrate/Glints2/dict_0000_0201.uasset" 10913
"../../../Engine/Content/EngineMaterials/Substrate/Glints2/dict_0000_0206.uasset" 10914
"../../../Engine/Content/EngineMaterials/Substrate/Glints2/dict_0000_0208.uasset" 10915
"../../../Engine/Content/EngineMaterials/Substrate/Glints2/dict_0000_0197.uasset" 10916
"../../../Engine/Content/EngineMaterials/Substrate/Glints2/dict_0000_0195.uasset" 10917
"../../../Engine/Content/EngineMaterials/Substrate/Glints2/dict_0000_0200.uasset" 10918
"../../../Engine/Content/EngineMaterials/Substrate/Glints2/dict_0000_0199.uasset" 10919
"../../../Engine/Content/EngineMaterials/Substrate/Glints2/dict_0000_0207.uasset" 10920
"../../../Engine/Content/EngineMaterials/Substrate/Glints2/dict_0000_0205.uasset" 10921
"../../../Engine/Content/EngineMaterials/Substrate/Glints2/dict_0000_0204.uasset" 10922
"../../../Engine/Content/EngineMaterials/Substrate/Glints2/dict_0000_0194.uasset" 10923
"../../../Engine/Content/EngineMaterials/Substrate/Glints2/dict_0000_0193.uasset" 10924
"../../../Engine/Content/EngineMaterials/Substrate/Glints2/dict_0000_0183.uasset" 10925
"../../../Engine/Content/EngineMaterials/Substrate/Glints2/dict_0000_0181.uasset" 10926
"../../../Engine/Content/EngineMaterials/Substrate/Glints2/dict_0000_0186.uasset" 10927
"../../../Engine/Content/EngineMaterials/Substrate/Glints2/dict_0000_0191.uasset" 10928
"/Engine/EngineMaterials/Substrate/Glints2/dict_0000_0195" 10929
"../../../Engine/Content/EngineMaterials/Substrate/Glints2/dict_0000_0178.uasset" 10930
"../../../Engine/Content/EngineMaterials/Substrate/Glints2/dict_0000_0203.uasset" 10931
"../../../Engine/Content/EngineMaterials/Substrate/Glints2/dict_0000_0182.uasset" 10932
"../../../Engine/Content/EngineMaterials/Substrate/Glints2/dict_0000_0180.uasset" 10933
"../../../Engine/Content/EngineMaterials/Substrate/Glints2/dict_0000_0187.uasset" 10934
"../../../Engine/Content/EngineMaterials/Substrate/Glints2/dict_0000_0192.uasset" 10935
"../../../Engine/Content/EngineMaterials/Substrate/Glints2/dict_0000_0189.uasset" 10936
"/Engine/EngineMaterials/Substrate/Glints2/dict_0000_0181" 10937
"../../../Engine/Content/EngineMaterials/Substrate/Glints2/dict_0000_0185.uasset" 10938
"/Engine/EngineMaterials/Substrate/Glints2/dict_0000_0197" 10939
"../../../Engine/Content/EngineMaterials/Substrate/Glints2/dict_0000_0184.uasset" 10940
"../../../Engine/Content/EngineMaterials/Substrate/Glints2/dict_0000_0190.uasset" 10941
"/Engine/EngineMaterials/Substrate/Glints2/dict_0000_0198" 10942
"/Engine/EngineMaterials/Substrate/Glints2/dict_0000_0199" 10943
"../../../Engine/Content/EngineMaterials/Substrate/Glints2/dict_0000_0196.uasset" 10944
"/Engine/EngineMaterials/Substrate/Glints2/dict_0000_0200" 10945
"/Engine/EngineMaterials/Substrate/Glints2/dict_0000_0201" 10946
"/Engine/EngineMaterials/Substrate/Glints2/dict_0000_0183" 10947
"../../../Engine/Content/EngineMaterials/Substrate/Glints2/dict_0000_0179.uasset" 10948
"/Engine/EngineMaterials/Substrate/Glints2/dict_0000_0202" 10949
"/Engine/EngineMaterials/Substrate/Glints2/dict_0000_0204" 10950
"/Engine/EngineMaterials/Substrate/Glints2/dict_0000_0186" 10951
"/Engine/EngineMaterials/Substrate/Glints2/dict_0000_0205" 10952
"/Engine/EngineMaterials/Substrate/Glints2/dict_0000_0206" 10953
"/Engine/EngineMaterials/Substrate/Glints2/dict_0000_0207" 10954
"/Engine/EngineMaterials/Substrate/Glints2/dict_0000_0208" 10955
"../../../Engine/Content/EngineMaterials/Substrate/Glints2/dict_0000_0188.uasset" 10956
"/Engine/EngineMaterials/Substrate/Glints2/dict_0000_0193" 10957
"/Engine/EngineMaterials/Substrate/Glints2/dict_0000_0194" 10958
"/Engine/EngineMaterials/Substrate/Glints2/dict_0000_0178" 10959
"/Engine/EngineMaterials/Substrate/Glints2/dict_0000_0179" 10960
"/Engine/EngineMaterials/Substrate/Glints2/dict_0000_0180" 10961
"/Engine/EngineMaterials/Substrate/Glints2/dict_0000_0196" 10962
"/Engine/EngineMaterials/Substrate/Glints2/dict_0000_0182" 10963
"/Engine/EngineMaterials/Substrate/Glints2/dict_0000_0184" 10964
"/Engine/EngineMaterials/Substrate/Glints2/dict_0000_0203" 10965
"/Engine/EngineMaterials/Substrate/Glints2/dict_0000_0185" 10966
"/Engine/EngineMaterials/Substrate/Glints2/dict_0000_0187" 10967
"/Engine/EngineMaterials/Substrate/Glints2/dict_0000_0188" 10968
"/Engine/EngineMaterials/Substrate/Glints2/dict_0000_0189" 10969
"/Engine/EngineMaterials/Substrate/Glints2/dict_0000_0190" 10970
"/Engine/EngineMaterials/Substrate/Glints2/dict_0000_0191" 10971
"/Engine/EngineMaterials/Substrate/Glints2/dict_0000_0192" 10972
"../../../Engine/Content/EngineMaterials/Substrate/Glints2/dict_0000_0166.uasset" 10973
"../../../Engine/Content/EngineMaterials/Substrate/Glints2/dict_0000_0165.uasset" 10974
"/Engine/EngineMaterials/Substrate/Glints2/dict_0000_0165" 10975
"/Engine/EngineMaterials/Substrate/Glints2/dict_0000_0166" 10976
"../../../Engine/Content/EngineMaterials/Substrate/Glints2/dict_0000_0172.uasset" 10977
"/Engine/EngineMaterials/Substrate/Glints2/dict_0000_0172" 10978
"../../../Engine/Content/EngineMaterials/Substrate/Glints2/dict_0000_0173.uasset" 10979
"../../../Engine/Content/EngineMaterials/Substrate/Glints2/dict_0000_0167.uasset" 10980
"../../../Engine/Content/EngineMaterials/Substrate/Glints2/dict_0000_0176.uasset" 10981
"../../../Engine/Content/EngineMaterials/Substrate/Glints2/dict_0000_0175.uasset" 10982
"../../../Engine/Content/EngineMaterials/Substrate/Glints2/dict_0000_0160.uasset" 10983
"../../../Engine/Content/EngineMaterials/Substrate/Glints2/dict_0000_0164.uasset" 10984
"../../../Engine/Content/EngineMaterials/Substrate/Glints2/dict_0000_0171.uasset" 10985
"/Engine/EngineMaterials/Substrate/Glints2/dict_0000_0160" 10986
"/Engine/EngineMaterials/Substrate/Glints2/dict_0000_0164" 10987
"/Engine/EngineMaterials/Substrate/Glints2/dict_0000_0167" 10988
"/Engine/EngineMaterials/Substrate/Glints2/dict_0000_0171" 10989
"../../../Engine/Content/EngineMaterials/Substrate/Glints2/dict_0000_0159.uasset" 10990
"/Engine/EngineMaterials/Substrate/Glints2/dict_0000_0173" 10991
"../../../Engine/Content/EngineMaterials/Substrate/Glints2/dict_0000_0156.uasset" 10992
"../../../Engine/Content/EngineMaterials/Substrate/Glints2/dict_0000_0143.uasset" 10993
"../../../Engine/Content/EngineMaterials/Substrate/Glints2/dict_0000_0158.uasset" 10994
"../../../Engine/Content/EngineMaterials/Substrate/Glints2/dict_0000_0153.uasset" 10995
"/Engine/EngineMaterials/Substrate/Glints2/dict_0000_0175" 10996
"../../../Engine/Content/EngineMaterials/Substrate/Glints2/dict_0000_0161.uasset" 10997
"../../../Engine/Content/EngineMaterials/Substrate/Glints2/dict_0000_0170.uasset" 10998
"/Engine/EngineMaterials/Substrate/Glints2/dict_0000_0176" 10999
"/Engine/EngineMaterials/Substrate/Glints2/dict_0000_0161" 11000
"../../../Engine/Content/EngineMaterials/Substrate/Glints2/dict_0000_0154.uasset" 11001
"../../../Engine/Content/EngineMaterials/Substrate/Glints2/dict_0000_0174.uasset" 11002
"/Engine/EngineMaterials/Substrate/Glints2/dict_0000_0153" 11003
"/Engine/EngineMaterials/Substrate/Glints2/dict_0000_0170" 11004
"../../../Engine/Content/EngineMaterials/Substrate/Glints2/dict_0000_0162.uasset" 11005
"/Engine/EngineMaterials/Substrate/Glints2/dict_0000_0143" 11006
"../../../Engine/Content/EngineMaterials/Substrate/Glints2/dict_0000_0169.uasset" 11007
"/Engine/EngineMaterials/Substrate/Glints2/dict_0000_0156" 11008
"/Engine/EngineMaterials/Substrate/Glints2/dict_0000_0158" 11009
"/Engine/EngineMaterials/Substrate/Glints2/dict_0000_0159" 11010
"../../../Engine/Content/EngineMaterials/Substrate/Glints2/dict_0000_0163.uasset" 11011
"../../../Engine/Content/EngineMaterials/Substrate/Glints2/dict_0000_0151.uasset" 11012
"/Engine/EngineMaterials/Substrate/Glints2/dict_0000_0162" 11013
"../../../Engine/Content/EngineMaterials/Substrate/Glints2/dict_0000_0150.uasset" 11014
"/Engine/EngineMaterials/Substrate/Glints2/dict_0000_0163" 11015
"../../../Engine/Content/EngineMaterials/Substrate/Glints2/dict_0000_0144.uasset" 11016
"../../../Engine/Content/EngineMaterials/Substrate/Glints2/dict_0000_0155.uasset" 11017
"/Engine/EngineMaterials/Substrate/Glints2/dict_0000_0151" 11018
"../../../Engine/Content/EngineMaterials/Substrate/Glints2/dict_0000_0145.uasset" 11019
"/Engine/EngineMaterials/Substrate/Glints2/dict_0000_0169" 11020
"/Engine/EngineMaterials/Substrate/Glints2/dict_0000_0154" 11021
"/Engine/EngineMaterials/Substrate/Glints2/dict_0000_0174" 11022
"../../../Engine/Content/EngineMaterials/Substrate/Glints2/dict_0000_0157.uasset" 11023
"../../../Engine/Content/EngineMaterials/Substrate/Glints2/dict_0000_0146.uasset" 11024
"/Engine/EngineMaterials/Substrate/Glints2/dict_0000_0146" 11025
"../../../Engine/Content/EngineMaterials/Substrate/Glints2/dict_0000_0168.uasset" 11026
"../../../Engine/Content/EngineMaterials/Substrate/Glints2/dict_0000_0141.uasset" 11027
"../../../Engine/Content/EngineMaterials/Substrate/Glints2/dict_0000_0140.uasset" 11028
"../../../Engine/Content/EngineMaterials/Substrate/Glints2/dict_0000_0132.uasset" 11029
"../../../Engine/Content/EngineMaterials/Substrate/Glints2/dict_0000_0148.uasset" 11030
"/Engine/EngineMaterials/Substrate/Glints2/dict_0000_0150" 11031
"../../../Engine/Content/EngineMaterials/Substrate/Glints2/dict_0000_0131.uasset" 11032
"../../../Engine/Content/EngineMaterials/Substrate/Glints2/dict_0000_0152.uasset" 11033
"/Engine/EngineMaterials/Substrate/Glints2/dict_0000_0144" 11034
"../../../Engine/Content/EngineMaterials/Substrate/Glints2/dict_0000_0136.uasset" 11035
"/Engine/EngineMaterials/Substrate/Glints2/dict_0000_0145" 11036
"../../../Engine/Content/EngineMaterials/Substrate/Glints2/dict_0000_0139.uasset" 11037
"../../../Engine/Content/EngineMaterials/Substrate/Glints2/dict_0000_0133.uasset" 11038
"../../../Engine/Content/EngineMaterials/Substrate/Glints2/dict_0000_0130.uasset" 11039
"../../../Engine/Content/EngineMaterials/Substrate/Glints2/dict_0000_0142.uasset" 11040
"/Engine/EngineMaterials/Substrate/Glints2/dict_0000_0155" 11041
"../../../Engine/Content/EngineMaterials/Substrate/Glints2/dict_0000_0137.uasset" 11042
"/Engine/EngineMaterials/Substrate/Glints2/dict_0000_0157" 11043
"../../../Engine/Content/EngineMaterials/Substrate/Glints2/dict_0000_0135.uasset" 11044
"/Engine/EngineMaterials/Substrate/Glints2/dict_0000_0136" 11045
"../../../Engine/Content/EngineMaterials/Substrate/Glints2/dict_0000_0126.uasset" 11046
"/Engine/EngineMaterials/Substrate/Glints2/dict_0000_0148" 11047
"../../../Engine/Content/EngineMaterials/Substrate/Glints2/dict_0000_0127.uasset" 11048
"/Engine/EngineMaterials/Substrate/Glints2/dict_0000_0137" 11049
"/Engine/EngineMaterials/Substrate/Glints2/dict_0000_0168" 11050
"/Engine/EngineMaterials/Substrate/Glints2/dict_0000_0152" 11051
"../../../Engine/Content/EngineMaterials/Substrate/Glints2/dict_0000_0128.uasset" 11052
"/Engine/EngineMaterials/Substrate/Glints2/dict_0000_0130" 11053
"../../../Engine/Content/EngineMaterials/Substrate/Glints2/dict_0000_0134.uasset" 11054
"../../../Engine/Content/EngineMaterials/Substrate/Glints2/dict_0000_0138.uasset" 11055
"/Engine/EngineMaterials/Substrate/Glints2/dict_0000_0131" 11056
"/Engine/EngineMaterials/Substrate/Glints2/dict_0000_0139" 11057
"../../../Engine/Content/EngineMaterials/Substrate/Glints2/dict_0000_0123.uasset" 11058
"../../../Engine/Content/EngineMaterials/Substrate/Glints2/dict_0000_0125.uasset" 11059
"/Engine/EngineMaterials/Substrate/Glints2/dict_0000_0132" 11060
"../../../Engine/Content/EngineMaterials/Substrate/Glints2/dict_0000_0124.uasset" 11061
"../../../Engine/Content/EngineMaterials/Substrate/Glints2/dict_0000_0129.uasset" 11062
"/Engine/EngineMaterials/Substrate/Glints2/dict_0000_0140" 11063
"/Engine/EngineMaterials/Substrate/Glints2/dict_0000_0133" 11064
"../../../Engine/Content/EngineMaterials/Substrate/Glints2/dict_0000_0147.uasset" 11065
"../../../Engine/Content/EngineMaterials/Substrate/Glints2/dict_0000_0149.uasset" 11066
"../../../Engine/Content/EngineMaterials/Substrate/Glints2/dict_0000_0120.uasset" 11067
"/Engine/EngineMaterials/Substrate/Glints2/dict_0000_0135" 11068
"../../../Engine/Content/EngineMaterials/Substrate/Glints2/dict_0000_0119.uasset" 11069
"../../../Engine/Content/EngineMaterials/Substrate/Glints2/dict_0000_0118.uasset" 11070
"/Engine/EngineMaterials/Substrate/Glints2/dict_0000_0141" 11071
"/Engine/EngineMaterials/Substrate/Glints2/dict_0000_0142" 11072
"/Engine/EngineMaterials/Substrate/Glints2/dict_0000_0147" 11073
"../../../Engine/Content/EngineMaterials/Substrate/Glints2/dict_0000_0177.uasset" 11074
"/Engine/EngineMaterials/Substrate/Glints2/dict_0000_0129" 11075
"/Engine/EngineMaterials/Substrate/Glints2/dict_0000_0149" 11076
"/Engine/EngineMaterials/Substrate/Glints2/dict_0000_0123" 11077
"/Engine/EngineMaterials/Substrate/Glints2/dict_0000_0124" 11078
"../../../Engine/Content/EngineMaterials/Substrate/Glints2/dict_0000_0122.uasset" 11079
"../../../Engine/Content/EngineMaterials/Substrate/Glints2/dict_0000_0121.uasset" 11080
"/Engine/EngineMaterials/Substrate/Glints2/dict_0000_0118" 11081
"/Engine/EngineMaterials/Substrate/Glints2/dict_0000_0119" 11082
"/Engine/EngineMaterials/Substrate/Glints2/dict_0000_0120" 11083
"../../../Engine/Content/EngineMaterials/Substrate/Glints2/dict_0000_0117.uasset" 11084
"/Engine/EngineMaterials/Substrate/Glints2/dict_0000_0138" 11085
"/Engine/EngineMaterials/Substrate/Glints2/dict_0000_0125" 11086
"../../../Engine/Content/EngineMaterials/Substrate/Glints2/dict_0000_0112.uasset" 11087
"../../../Engine/Content/EngineMaterials/Substrate/Glints2/dict_0000_0116.uasset" 11088
"../../../Engine/Content/EngineMaterials/Substrate/Glints2/dict_0000_0115.uasset" 11089
"../../../Engine/Content/EngineMaterials/Substrate/Glints2/dict_0000_0113.uasset" 11090
"../../../Engine/Content/EngineMaterials/Substrate/Glints2/dict_0000_0105.uasset" 11091
"/Engine/EngineMaterials/Substrate/Glints2/dict_0000_0126" 11092
"../../../Engine/Content/EngineMaterials/Substrate/Glints2/dict_0000_0106.uasset" 11093
"/Engine/EngineMaterials/Substrate/Glints2/dict_0000_0127" 11094
"/Engine/EngineMaterials/Substrate/Glints2/dict_0000_0134" 11095
"../../../Engine/Content/EngineMaterials/Substrate/Glints2/dict_0000_0107.uasset" 11096
"../../../Engine/Content/EngineMaterials/Substrate/Glints2/dict_0000_0109.uasset" 11097
"../../../Engine/Content/EngineMaterials/Substrate/Glints2/dict_0000_0108.uasset" 11098
"/Engine/EngineMaterials/Substrate/Glints2/dict_0000_0128" 11099
"/Engine/EngineMaterials/Substrate/Glints2/dict_0000_0117" 11100
"/Engine/EngineMaterials/Substrate/Glints2/dict_0000_0105" 11101
"../../../Engine/Content/EngineMaterials/Substrate/Glints2/dict_0000_0110.uasset" 11102
"/Engine/EngineMaterials/Substrate/Glints2/dict_0000_0106" 11103
"/Engine/EngineMaterials/Substrate/Glints2/dict_0000_0107" 11104
"/Engine/EngineMaterials/Substrate/Glints2/dict_0000_0108" 11105
"/Engine/EngineMaterials/Substrate/Glints2/dict_0000_0109" 11106
"/Engine/EngineMaterials/Substrate/Glints2/dict_0000_0177" 11107
"../../../Engine/Content/EngineMaterials/Substrate/Glints2/dict_0000_0103.uasset" 11108
"/Engine/EngineMaterials/Substrate/Glints2/dict_0000_0121" 11109
"/Engine/EngineMaterials/Substrate/Glints2/dict_0000_0112" 11110
"../../../Engine/Content/EngineMaterials/Substrate/Glints2/dict_0000_0111.uasset" 11111
"/Engine/EngineMaterials/Substrate/Glints2/dict_0000_0113" 11112
"/Engine/EngineMaterials/Substrate/Glints2/dict_0000_0122" 11113
"/Engine/EngineMaterials/Substrate/Glints2/dict_0000_0115" 11114
"/Engine/EngineMaterials/Substrate/Glints2/dict_0000_0116" 11115
"/Engine/EngineMaterials/Substrate/Glints2/dict_0000_0103" 11116
"../../../Engine/Content/EngineMaterials/Substrate/Glints2/dict_0000_0094.uasset" 11117
"../../../Engine/Content/EngineMaterials/Substrate/Glints2/dict_0000_0096.uasset" 11118
"/Engine/EngineMaterials/Substrate/Glints2/dict_0000_0110" 11119
"../../../Engine/Content/EngineMaterials/Substrate/Glints2/dict_0000_0091.uasset" 11120
"/Engine/EngineMaterials/Substrate/Glints2/dict_0000_0111" 11121
"../../../Engine/Content/EngineMaterials/Substrate/Glints2/dict_0000_0095.uasset" 11122
"../../../Engine/Content/EngineMaterials/Substrate/Glints2/dict_0000_0093.uasset" 11123
"/Engine/EngineMaterials/Substrate/Glints2/dict_0000_0091" 11124
"../../../Engine/Content/EngineMaterials/Substrate/Glints2/dict_0000_0089.uasset" 11125
"/Engine/EngineMaterials/Substrate/Glints2/dict_0000_0093" 11126
"/Engine/EngineMaterials/Substrate/Glints2/dict_0000_0094" 11127
"/Engine/EngineMaterials/Substrate/Glints2/dict_0000_0095" 11128
"/Engine/EngineMaterials/Substrate/Glints2/dict_0000_0096" 11129
"../../../Engine/Content/EngineMaterials/Substrate/Glints2/dict_0000_0101.uasset" 11130
"/Engine/EngineMaterials/Substrate/Glints2/dict_0000_0089" 11131
"../../../Engine/Content/EngineMaterials/Substrate/Glints2/dict_0000_0100.uasset" 11132
"/Engine/EngineMaterials/Substrate/Glints2/dict_0000_0101" 11133
"../../../Engine/Content/EngineMaterials/Substrate/Glints2/dict_0000_0088.uasset" 11134
"../../../Engine/Content/EngineMaterials/Substrate/Glints2/dict_0000_0092.uasset" 11135
"/Engine/EngineMaterials/Substrate/Glints2/dict_0000_0092" 11136
"../../../Engine/Content/EngineMaterials/Substrate/Glints2/dict_0000_0097.uasset" 11137
"../../../Engine/Content/EngineMaterials/Substrate/Glints2/dict_0000_0079.uasset" 11138
"../../../Engine/Content/EngineMaterials/Substrate/Glints2/dict_0000_0081.uasset" 11139
"../../../Engine/Content/EngineMaterials/Substrate/Glints2/dict_0000_0098.uasset" 11140
"../../../Engine/Content/EngineMaterials/Substrate/Glints2/dict_0000_0086.uasset" 11141
"../../../Engine/Content/EngineMaterials/Substrate/Glints2/dict_0000_0090.uasset" 11142
"../../../Engine/Content/EngineMaterials/Substrate/Glints2/dict_0000_0084.uasset" 11143
"../../../Engine/Content/EngineMaterials/Substrate/Glints2/dict_0000_0102.uasset" 11144
"../../../Engine/Content/EngineMaterials/Substrate/Glints2/dict_0000_0083.uasset" 11145
"../../../Engine/Content/EngineMaterials/Substrate/Glints2/dict_0000_0099.uasset" 11146
"../../../Engine/Content/EngineMaterials/Substrate/Glints2/dict_0000_0087.uasset" 11147
"/Engine/EngineMaterials/Substrate/Glints2/dict_0000_0100" 11148
"../../../Engine/Content/EngineMaterials/Substrate/Glints2/dict_0000_0072.uasset" 11149
"../../../Engine/Content/EngineMaterials/Substrate/Glints2/dict_0000_0080.uasset" 11150
"/Engine/EngineMaterials/Substrate/Glints2/dict_0000_0088" 11151
"../../../Engine/Content/EngineMaterials/Substrate/Glints2/dict_0000_0069.uasset" 11152
"../../../Engine/Content/EngineMaterials/Substrate/Glints2/dict_0000_0070.uasset" 11153
"/Engine/EngineMaterials/Substrate/Glints2/dict_0000_0090" 11154
"../../../Engine/Content/EngineMaterials/Substrate/Glints2/dict_0000_0066.uasset" 11155
"/Engine/EngineMaterials/Substrate/Glints2/dict_0000_0072" 11156
"/Engine/EngineMaterials/Substrate/Glints2/dict_0000_0097" 11157
"/Engine/EngineMaterials/Substrate/Glints2/dict_0000_0098" 11158
"/Engine/EngineMaterials/Substrate/Glints2/dict_0000_0079" 11159
"../../../Engine/Content/EngineMaterials/Substrate/Glints2/dict_0000_0078.uasset" 11160
"/Engine/EngineMaterials/Substrate/Glints2/dict_0000_0099" 11161
"../../../Engine/Content/EngineMaterials/Substrate/Glints2/dict_0000_0077.uasset" 11162
"../../../Engine/Content/EngineMaterials/Substrate/Glints2/dict_0000_0071.uasset" 11163
"../../../Engine/Content/EngineMaterials/Substrate/Glints2/dict_0000_0073.uasset" 11164
"/Engine/EngineMaterials/Substrate/Glints2/dict_0000_0080" 11165
"../../../Engine/Content/EngineMaterials/Substrate/Glints2/dict_0000_0114.uasset" 11166
"/Engine/EngineMaterials/Substrate/Glints2/dict_0000_0081" 11167
"/Engine/EngineMaterials/Substrate/Glints2/dict_0000_0083" 11168
"/Engine/EngineMaterials/Substrate/Glints2/dict_0000_0084" 11169
"../../../Engine/Content/EngineMaterials/Substrate/Glints2/dict_0000_0074.uasset" 11170
"../../../Engine/Content/EngineMaterials/Substrate/Glints2/dict_0000_0082.uasset" 11171
"../../../Engine/Content/EngineMaterials/Substrate/Glints2/dict_0000_0076.uasset" 11172
"../../../Engine/Content/EngineMaterials/Substrate/Glints2/dict_0000_0085.uasset" 11173
"../../../Engine/Content/EngineMaterials/Substrate/Glints2/dict_0000_0075.uasset" 11174
"../../../Engine/Content/EngineMaterials/Substrate/Glints2/dict_0000_0064.uasset" 11175
"/Engine/EngineMaterials/Substrate/Glints2/dict_0000_0086" 11176
"../../../Engine/Content/EngineMaterials/Substrate/Glints2/dict_0000_0065.uasset" 11177
"../../../Engine/Content/EngineMaterials/Substrate/Glints2/dict_0000_0067.uasset" 11178
"/Engine/EngineMaterials/Substrate/Glints2/dict_0000_0102" 11179
"../../../Engine/Content/EngineMaterials/Substrate/Glints2/dict_0000_0063.uasset" 11180
"../../../Engine/Content/EngineMaterials/Substrate/Glints2/dict_0000_0068.uasset" 11181
"/Engine/EngineMaterials/Substrate/Glints2/dict_0000_0087" 11182
"/Engine/EngineMaterials/Substrate/Glints2/dict_0000_0076" 11183
"/Engine/EngineMaterials/Substrate/Glints2/dict_0000_0073" 11184
"/Engine/EngineMaterials/Substrate/Glints2/dict_0000_0066" 11185
"/Engine/EngineMaterials/Substrate/Glints2/dict_0000_0068" 11186
"/Engine/EngineMaterials/Substrate/Glints2/dict_0000_0063" 11187
"/Engine/EngineMaterials/Substrate/Glints2/dict_0000_0069" 11188
"/Engine/EngineMaterials/Substrate/Glints2/dict_0000_0070" 11189
"/Engine/EngineMaterials/Substrate/Glints2/dict_0000_0077" 11190
"/Engine/EngineMaterials/Substrate/Glints2/dict_0000_0071" 11191
"/Engine/EngineMaterials/Substrate/Glints2/dict_0000_0078" 11192
"../../../Engine/Content/EngineMaterials/Substrate/Glints2/dict_0000_0050.uasset" 11193
"../../../Engine/Content/EngineMaterials/Substrate/Glints2/dict_0000_0058.uasset" 11194
"../../../Engine/Content/EngineMaterials/Substrate/Glints2/dict_0000_0055.uasset" 11195
"/Engine/EngineMaterials/Substrate/Glints2/dict_0000_0074" 11196
"../../../Engine/Content/EngineMaterials/Substrate/Glints2/dict_0000_0052.uasset" 11197
"../../../Engine/Content/EngineMaterials/Substrate/Glints2/dict_0000_0054.uasset" 11198
"../../../Engine/Content/EngineMaterials/Substrate/Glints2/dict_0000_0060.uasset" 11199
"/Engine/EngineMaterials/Substrate/Glints2/dict_0000_0082" 11200
"/Engine/EngineMaterials/Substrate/Glints2/dict_0000_0064" 11201
"/Engine/EngineMaterials/Substrate/Glints2/dict_0000_0075" 11202
"/Engine/EngineMaterials/Substrate/Glints2/dict_0000_0085" 11203
"/Engine/EngineMaterials/Substrate/Glints2/dict_0000_0067" 11204
"/Engine/EngineMaterials/Substrate/Glints2/dict_0000_0114" 11205
"/Engine/EngineMaterials/Substrate/Glints2/dict_0000_0065" 11206
"/Engine/EngineMaterials/Substrate/Glints2/dict_0000_0050" 11207
"/Engine/EngineMaterials/Substrate/Glints2/dict_0000_0052" 11208
"../../../Engine/Content/EngineMaterials/Substrate/Glints2/dict_0000_0051.uasset" 11209
"/Engine/EngineMaterials/Substrate/Glints2/dict_0000_0054" 11210
"/Engine/EngineMaterials/Substrate/Glints2/dict_0000_0055" 11211
"../../../Engine/Content/EngineMaterials/Substrate/Glints2/dict_0000_0059.uasset" 11212
"/Engine/EngineMaterials/Substrate/Glints2/dict_0000_0058" 11213
"../../../Engine/Content/EngineMaterials/Substrate/Glints2/dict_0000_0061.uasset" 11214
"/Engine/EngineMaterials/Substrate/Glints2/dict_0000_0060" 11215
"/Engine/EngineMaterials/Substrate/Glints2/dict_0000_0051" 11216
"/Engine/EngineMaterials/Substrate/Glints2/dict_0000_0059" 11217
"/Engine/EngineMaterials/Substrate/Glints2/dict_0000_0061" 11218
"../../../Engine/Content/EngineMaterials/Substrate/Glints2/dict_0000_0062.uasset" 11219
"../../../Engine/Content/EngineMaterials/Substrate/Glints2/dict_0000_0057.uasset" 11220
"../../../Engine/Content/EngineMaterials/Substrate/Glints2/dict_0000_0053.uasset" 11221
"../../../Engine/Content/EngineMaterials/Substrate/Glints2/dict_0000_0104.uasset" 11222
"../../../Engine/Content/EngineMaterials/Substrate/Glints2/dict_0000_0056.uasset" 11223
"/Engine/EngineMaterials/Substrate/Glints2/dict_0000_0104" 11224
"/Engine/EngineMaterials/Substrate/Glints2/dict_0000_0053" 11225
"/Engine/EngineMaterials/Substrate/Glints2/dict_0000_0056" 11226
"/Engine/EngineMaterials/Substrate/Glints2/dict_0000_0057" 11227
"/Engine/EngineMaterials/Substrate/Glints2/dict_0000_0062" 11228
"../../../Engine/Content/EngineMaterials/Substrate/Glints2/dict_0000_0029.uasset" 11229
"../../../Engine/Content/EngineMaterials/Substrate/Glints2/dict_0000_0031.uasset" 11230
"../../../Engine/Content/EngineMaterials/Substrate/Glints2/dict_0000_0038.uasset" 11231
"../../../Engine/Content/EngineMaterials/Substrate/Glints2/dict_0000_0043.uasset" 11232
"../../../Engine/Content/EngineMaterials/Substrate/Glints2/dict_0000_0024.uasset" 11233
"../../../Engine/Content/EngineMaterials/Substrate/Glints2/dict_0000_0027.uasset" 11234
"../../../Engine/Content/EngineMaterials/Substrate/Glints2/dict_0000_0040.uasset" 11235
"../../../Engine/Content/EngineMaterials/Substrate/Glints2/dict_0000_0036.uasset" 11236
"../../../Engine/Content/EngineMaterials/Substrate/Glints2/dict_0000_0025.uasset" 11237
"../../../Engine/Content/EngineMaterials/Substrate/Glints2/dict_0000_0030.uasset" 11238
"/Engine/EngineMaterials/Substrate/Glints2/dict_0000_0036" 11239
"../../../Engine/Content/EngineMaterials/Substrate/Glints2/dict_0000_0035.uasset" 11240
"/Engine/EngineMaterials/Substrate/Glints2/dict_0000_0038" 11241
"../../../Engine/Content/EngineMaterials/Substrate/Glints2/dict_0000_0044.uasset" 11242
"/Engine/EngineMaterials/Substrate/Glints2/dict_0000_0040" 11243
"../../../Engine/Content/EngineMaterials/Substrate/Glints2/dict_0000_0049.uasset" 11244
"../../../Engine/Content/EngineMaterials/Substrate/Glints2/dict_0000_0028.uasset" 11245
"/Engine/EngineMaterials/Substrate/Glints2/dict_0000_0027" 11246
"../../../Engine/Content/EngineMaterials/Substrate/Glints2/dict_0000_0022.uasset" 11247
"/Engine/EngineMaterials/Substrate/Glints2/dict_0000_0029" 11248
"../../../Engine/Content/EngineMaterials/Substrate/Glints2/dict_0000_0033.uasset" 11249
"../../../Engine/Content/EngineMaterials/Substrate/Glints2/dict_0000_0026.uasset" 11250
"/Engine/EngineMaterials/Substrate/Glints2/dict_0000_0043" 11251
"/Engine/EngineMaterials/Substrate/Glints2/dict_0000_0024" 11252
"../../../Engine/Content/EngineMaterials/Substrate/Glints2/dict_0000_0048.uasset" 11253
"/Engine/EngineMaterials/Substrate/Glints2/dict_0000_0031" 11254
"/Engine/EngineMaterials/Substrate/Glints2/dict_0000_0025" 11255
"../../../Engine/Content/EngineMaterials/Substrate/Glints2/dict_0000_0047.uasset" 11256
"../../../Engine/Content/EngineMaterials/Substrate/Glints2/dict_0000_0023.uasset" 11257
"/Engine/EngineMaterials/Substrate/Glints2/dict_0000_0033" 11258
"../../../Engine/Content/EngineMaterials/Substrate/Glints2/dict_0000_0037.uasset" 11259
"../../../Engine/Content/EngineMaterials/Substrate/Glints2/dict_0000_0020.uasset" 11260
"/Engine/EngineMaterials/Substrate/Glints2/dict_0000_0026" 11261
"/Engine/EngineMaterials/Substrate/Glints2/dict_0000_0035" 11262
"/Engine/EngineMaterials/Substrate/Glints2/dict_0000_0028" 11263
"/Engine/EngineMaterials/Substrate/Glints2/dict_0000_0044" 11264
"/Engine/EngineMaterials/Substrate/Glints2/dict_0000_0030" 11265
"../../../Engine/Content/EngineMaterials/Substrate/Glints2/dict_0000_0046.uasset" 11266
"/Engine/EngineMaterials/Substrate/Glints2/dict_0000_0047" 11267
"/Engine/EngineMaterials/Substrate/Glints2/dict_0000_0048" 11268
"/Engine/EngineMaterials/Substrate/Glints2/dict_0000_0022" 11269
"../../../Engine/Content/EngineMaterials/Substrate/Glints2/dict_0000_0042.uasset" 11270
"/Engine/EngineMaterials/Substrate/Glints2/dict_0000_0049" 11271
"/Engine/EngineMaterials/Substrate/Glints2/dict_0000_0037" 11272
"/Engine/EngineMaterials/Substrate/Glints2/dict_0000_0023" 11273
"/Engine/EngineMaterials/Substrate/Glints2/dict_0000_0020" 11274
"/Engine/EngineMaterials/Substrate/Glints2/dict_0000_0042" 11275
"../../../Engine/Content/EngineMaterials/Substrate/Glints2/dict_0000_0021.uasset" 11276
"/Engine/EngineMaterials/Substrate/Glints2/dict_0000_0046" 11277
"../../../Engine/Content/EngineMaterials/Substrate/Glints2/dict_0000_0041.uasset" 11278
"/Engine/EngineMaterials/Substrate/Glints2/dict_0000_0041" 11279
"../../../Engine/Content/EngineMaterials/Substrate/Glints2/dict_0000_0039.uasset" 11280
"/Engine/EngineMaterials/Substrate/Glints2/dict_0000_0021" 11281
"../../../Engine/Content/EngineMaterials/Substrate/Glints2/dict_0000_0009.uasset" 11282
"/Engine/EngineMaterials/Substrate/Glints2/dict_0000_0039" 11283
"../../../Engine/Content/EngineMaterials/Substrate/Glints2/dict_0000_0012.uasset" 11284
"/Engine/EngineMaterials/Substrate/Glints2/dict_0000_0009" 11285
"/Engine/EngineMaterials/Substrate/Glints2/dict_0000_0012" 11286
"../../../Engine/Content/EngineMaterials/Substrate/Glints2/dict_0000_0001.uasset" 11287
"../../../Engine/Content/EngineMaterials/Substrate/Glints2/dict_0000_0005.uasset" 11288
"../../../Engine/Content/EngineMaterials/Substrate/Glints2/dict_0000_0004.uasset" 11289
"../../../Engine/Content/EngineMaterials/Substrate/Glints2/dict_0000_0007.uasset" 11290
"../../../Engine/Content/EngineMaterials/Substrate/Glints2/dict_0000_0002.uasset" 11291
"../../../Engine/Content/EngineMaterials/Substrate/Glints2/dict_0000_0032.uasset" 11292
"../../../Engine/Content/EngineMaterials/Substrate/Glints2/dict_0000_0006.uasset" 11293
"../../../Engine/Content/EngineMaterials/Hair/Hair_DualScattering2D.uasset" 11294
"../../../Engine/Content/EngineMaterials/Substrate/Glints2/dict_0000_0003.uasset" 11295
"/Engine/EngineMaterials/Substrate/Glints2/dict_0000_0032" 11296
"/Engine/EngineMaterials/Substrate/Glints2/dict_0000_0001" 11297
"../../../Engine/Content/EngineMaterials/Substrate/Glints2/dict_0000_0045.uasset" 11298
"/Engine/EngineMaterials/Substrate/Glints2/dict_0000_0002" 11299
"/Engine/EngineMaterials/Substrate/Glints2/dict_0000_0003" 11300
"/Engine/EngineMaterials/Substrate/Glints2/dict_0000_0004" 11301
"../../../Engine/Content/EngineMaterials/PPM_DefaultCalibrationColor.uasset" 11302
"/Engine/EngineMaterials/Hair/Hair_DualScattering2D" 11303
"/Engine/EngineMaterials/Substrate/Glints2/dict_0000_0005" 11304
"../../../Engine/Content/EngineMaterials/DefaultCalibrationColor.uasset" 11305
"/Engine/EngineMaterials/Substrate/Glints2/dict_0000_0006" 11306
"/Engine/EngineMaterials/Substrate/Glints2/dict_0000_0007" 11307
"/Engine/EngineMaterials/DefaultCalibrationColor" 11308
"/Engine/EngineMaterials/PPM_DefaultCalibrationColor" 11309
"/Engine/EngineMaterials/Substrate/Glints2/dict_0000_0045" 11310
"../../../Engine/Content/EngineMaterials/Substrate/Volume/SubstrateSimpleVolumeEnvLUT3D.uasset" 11311
"../../../Engine/Content/EngineMaterials/Substrate/Volume/SubstrateSimpleVolumeLUT2D.uasset" 11312
"../../../Engine/Content/EngineMaterials/Substrate/Glints2/dict_0000_0019.uasset" 11313
"../../../Engine/Content/EngineMaterials/Substrate/Glints2/dict_0000_0010.uasset" 11314
"../../../Engine/Content/EngineMaterials/Hair/Hair_DirectionalAlbedo2D.uasset" 11315
"/Engine/EngineMaterials/Substrate/Volume/SubstrateSimpleVolumeLUT2D" 11316
"../../../Engine/Content/EngineMaterials/Substrate/Glints2/dict_0000_0034.uasset" 11317
"../../../Engine/Content/EngineMaterials/Substrate/Glints2/dict_0000_0014.uasset" 11318
"../../../Engine/Content/EngineMaterials/Substrate/Glints2/dict_0000_0013.uasset" 11319
"../../../Engine/Content/EngineMaterials/Substrate/Glints2/dict_0000_0011.uasset" 11320
"/Engine/EngineMaterials/Substrate/Glints2/dict_0000_0010" 11321
"../../../Engine/Content/EngineMaterials/Substrate/Glints2/dict_0000_0016.uasset" 11322
"/Engine/EngineMaterials/Substrate/Glints2/dict_0000_0019" 11323
"../../../Engine/Content/EngineMaterials/PPM_DefaultCalibrationGrayscale.uasset" 11324
"/Engine/EngineMaterials/Substrate/Glints2/dict_0000_0034" 11325
"../../../Engine/Plugins/Interchange/Assets/Content/Functions/MX_Displacement.uasset" 11326
"/Engine/EngineMaterials/Substrate/Glints2/dict_0000_0011" 11327
"/Engine/EngineMaterials/Substrate/Glints2/dict_0000_0013" 11328
"../../../Engine/Plugins/Interchange/Assets/Content/Functions/MX_Surface.uasset" 11329
"../../../Engine/Content/Functions/Engine_MaterialFunctions02/Utility/BlendAngleCorrectedNormals.uasset" 11330
"/Engine/EngineMaterials/Hair/Hair_DirectionalAlbedo2D" 11331
"../../../Engine/Content/EngineMaterials/Hair/Hair_DirectionalAlbedo.uasset" 11332
"../../../Engine/Content/EngineMaterials/Substrate/Glints2/AGlintTex2dArray2.uasset" 11333
"/Engine/EngineMaterials/Substrate/Glints2/dict_0000_0014" 11334
"/Engine/EngineMaterials/Substrate/Glints2/dict_0000_0016" 11335
"../../../Engine/Content/EngineMaterials/Substrate/Glints2/dict_0000_0000.uasset" 11336
"/Engine/EngineMaterials/Substrate/Glints2/dict_0000_0000" 11337
"../../../Engine/Content/EngineMaterials/Substrate/Glints2/dict_0000_0008.uasset" 11338
"../../../Engine/Content/EngineMaterials/Substrate/Volume/SubstrateSimpleVolumeEnvLUT2D.uasset" 11339
"/Engine/EngineMaterials/Hair/Hair_DirectionalAlbedo" 11340
"../../../Engine/Content/EngineMaterials/Substrate/Glints2/dict_0000_0015.uasset" 11341
"/Engine/Functions/Engine_MaterialFunctions02/Utility/BlendAngleCorrectedNormals" 11342
"../../../Engine/Plugins/NNE/NNEDenoiser/Content/NNE_oidn2-3-0_rt_hdr_alb_nrm__dyn__fp16_opset11_DenoiseAlpha.uasset" 11343
"/NNEDenoiser/NNE_oidn2-3-0_rt_hdr_alb_nrm__dyn__fp16_opset11_DenoiseAlpha" 11344
"../../../Engine/Plugins/NNE/NNEDenoiser/Content/NNE_oidn2-3-0_rt_hdr_calb_cnrm_large__dyn__fp16_opset11_DenoiseAlpha.uasset" 11345
"../../../Engine/Plugins/NNE/NNEDenoiser/Content/NNE_oidn2-3-0_rt_hdr_alb_nrm__dyn__fp16_opset11_ForwardAlpha.uasset" 11346
"../../../Engine/Content/Functions/MaterialLayerFunctions/MatLayerBlend_OverrideOpacity.uasset" 11347
"../../../Engine/Content/Functions/Engine_MaterialFunctions03/Procedurals/HeightToNormalSmooth.uasset" 11348
"/Engine/EngineMaterials/Substrate/Volume/SubstrateSimpleVolumeEnvLUT3D" 11349
"/Engine/EngineMaterials/Substrate/Glints2/dict_0000_0015" 11350
"/Engine/EngineMaterials/Substrate/Glints2/dict_0000_0008" 11351
"../../../Engine/Plugins/NNE/NNEDenoiser/Content/NNED_Oidn2-3_Balanced.uasset" 11352
"../../../Engine/Plugins/NNE/NNEDenoiser/Content/NNEDIM_HighQuality_Default.uasset" 11353
"../../../Engine/Plugins/NNE/NNEDenoiser/Content/NNE_oidn2-3-0_rt_hdr_alb_nrm_small__dyn__fp16_opset11_ForwardAlpha.uasset" 11354
"../../../Engine/Plugins/NNE/NNEDenoiser/Content/NNEDIM_ColorAlbedoNormal_Default.uasset" 11355
"../../../Engine/Plugins/NNE/NNEDenoiser/Content/NNE_oidn2-3-0_rt_hdr_alb_nrm_small__dyn__fp16_opset11_DenoiseAlpha.uasset" 11356
"/NNEDenoiser/NNE_oidn2-3-0_rt_hdr_alb_nrm__dyn__fp16_opset11_ForwardAlpha" 11357
"../../../Engine/Content/EngineMaterials/DefaultCalibrationGrayscale.uasset" 11358
"../../../Engine/Plugins/NNE/NNEDenoiser/Content/NNED_Oidn2-3_Fast.uasset" 11359
"/NNEDenoiser/NNEDIM_ColorAlbedoNormal_Default" 11360
"../../../Engine/Plugins/NNE/NNEDenoiser/Content/NNED_Oidn2-3_HighQuality_Alpha.uasset" 11361
"/NNEDenoiser/NNE_oidn2-3-0_rt_hdr_calb_cnrm_large__dyn__fp16_opset11_DenoiseAlpha" 11362
"../../../Engine/Plugins/NNE/NNEDenoiser/Content/NNEDIM_HighQuality_Alpha.uasset" 11363
"../../../Engine/Plugins/NNE/NNEDenoiser/Content/NNEDIM_ColorAlbedoNormal_Alpha.uasset" 11364
"../../../Engine/Plugins/NNE/NNEDenoiser/Content/NNE_oidn2-3-0_rt_hdr_calb_cnrm_large__dyn__fp16_opset11_ForwardAlpha.uasset" 11365
"../../../Engine/Plugins/NNE/NNEDenoiser/Content/NNEDOM_Output_Default.uasset" 11366
"../../../Engine/Plugins/NNE/NNEDenoiser/Content/NNEDTIM_ColorAlbedoNormal_Default.uasset" 11367
"../../../Engine/Plugins/NNE/NNEDenoiser/Content/NNEDT_Oidn2-3_Balanced.uasset" 11368
"../../../Engine/Plugins/NNE/NNEDenoiser/Content/NNED_Oidn2-3_Fast_Alpha.uasset" 11369
"../../../Engine/Plugins/NNE/NNEDenoiser/Content/NNEDT_Oidn2-3_Balanced_Alpha.uasset" 11370
"../../../Engine/Plugins/NNE/NNEDenoiser/Content/NNED_Oidn2-3_HighQuality.uasset" 11371
"../../../Engine/Plugins/NNE/NNEDenoiser/Content/NNEDOM_Output_Alpha.uasset" 11372
"../../../Engine/Plugins/NNE/NNEDenoiser/Content/NNEDTIM_ColorAlbedoNormal_Alpha.uasset" 11373
"../../../Engine/Content/EngineMaterials/Substrate/Volume/SubstrateSimpleVolumeLUT3D.uasset" 11374
"../../../Engine/Content/EngineMaterials/Substrate/Glints2/dict_0000_0018.uasset" 11375
"../../../Engine/Plugins/NNE/NNEDenoiser/Content/NNED_Oidn2-3_Balanced_Alpha.uasset" 11376
"../../../Engine/Content/EngineMaterials/Substrate/Glints2/dict_0000_0017.uasset" 11377
"../../../Engine/Content/EngineMaterials/Hair/Hair_DualScattering.uasset" 11378
"/NNEDenoiser/NNED_Oidn2-3_Balanced" 11379
"/NNEDenoiser/NNEDIM_HighQuality_Default" 11380
"/NNEDenoiser/NNE_oidn2-3-0_rt_hdr_alb_nrm_small__dyn__fp16_opset11_ForwardAlpha" 11381
"/InterchangeAssets/Functions/MX_Displacement" 11382
"/InterchangeAssets/Functions/MX_Surface" 11383
"../../../Engine/Plugins/FX/Niagara/Content/ParameterDefinitions/DecalRenderer.uasset" 11384
"../../../Engine/Plugins/FX/Niagara/Content/ParameterDefinitions/CoreParameters.uasset" 11385
"../../../Engine/Plugins/FX/Niagara/Content/ParameterDefinitions/LightRenderer.uasset" 11386
"../../../Engine/Plugins/FX/Niagara/Content/ParameterDefinitions/SpriteRenderer.uasset" 11387
"../../../Engine/Plugins/FX/Niagara/Content/ParameterDefinitions/MeshRenderer.uasset" 11388
"../../../Engine/Plugins/FX/Niagara/Content/ParameterDefinitions/RibbonRenderer.uasset" 11389
"/Engine/EngineMaterials/Substrate/Glints2/AGlintTex2dArray2" 11390
"../../../Engine/Plugins/NNE/NNEDenoiser/Content/NNEDTOM_Output_Default.uasset" 11391
"../../../Engine/Content/EngineMaterials/DefaultBloomKernel.uasset" 11392
"../../../Engine/Plugins/NNE/NNEDenoiser/Content/NNEDTOM_Output_Alpha.uasset" 11393
"../../../Engine/Content/EditorResources/BSPVertex.uasset" 11394
"/NNEDenoiser/NNEDOM_Output_Alpha" 11395
"/NNEDenoiser/NNEDTIM_ColorAlbedoNormal_Default" 11396
"/NNEDenoiser/NNED_Oidn2-3_Balanced_Alpha" 11397
"/NNEDenoiser/NNEDTIM_ColorAlbedoNormal_Alpha" 11398
"D:/github test/Gamejam/Intermediate/ORTOptimizerPass_Optimized3975C7F64ED16ECEB73F00A37209F25D.onnx" 11399
"D:/github test/Gamejam/Intermediate/ORTOptimizerPass_OptimizedAF47F5FB47C25E8F13D637AE564CD1FD.onnx" 11400
"D:/github test/Gamejam/Intermediate/ORTOptimizerPass_OptimizedF8E001EE4C772178C9900FABD2D09080.onnx" 11401
"D:/github test/Gamejam/Intermediate/ORTOptimizerPass_Optimized5F2115CA4F2A2A27F9C7BCA447F130C5.onnx" 11402
"D:/github test/Gamejam/Intermediate/ORTOptimizerPass_Optimized88B9960A47DC09D9191883B46D023940.onnx" 11403
"D:/github test/Gamejam/Intermediate/ORTOptimizerPass_Optimized08114AEA4DFE432BFC33B28BC1FD0A80.onnx" 11404
"D:/github test/Gamejam/Intermediate/ORTOptimizerPass_Optimized83440CE14ED572400D8627849139CB0C.onnx" 11405
"D:/github test/Gamejam/Intermediate/ORTOptimizerPass_Optimized8E755061431664BAB39FED96A37C7681.onnx" 11406
"/NNEDenoiser/NNEDIM_ColorAlbedoNormal_Alpha" 11407
"/NNEDenoiser/NNE_oidn2-3-0_rt_hdr_calb_cnrm_large__dyn__fp16_opset11_ForwardAlpha" 11408
"/NNEDenoiser/NNEDT_Oidn2-3_Balanced_Alpha" 11409
"/NNEDenoiser/NNED_Oidn2-3_HighQuality_Alpha" 11410
"/NNEDenoiser/NNED_Oidn2-3_HighQuality" 11411
"/Engine/EngineMaterials/Substrate/Volume/SubstrateSimpleVolumeLUT3D" 11412
"/Engine/EngineMaterials/Hair/Hair_DualScattering" 11413
"/NNEDenoiser/NNED_Oidn2-3_Fast_Alpha" 11414
"/NNEDenoiser/NNEDIM_HighQuality_Alpha" 11415
"/NNEDenoiser/NNE_oidn2-3-0_rt_hdr_alb_nrm_small__dyn__fp16_opset11_DenoiseAlpha" 11416
"/NNEDenoiser/NNEDT_Oidn2-3_Balanced" 11417
"/NNEDenoiser/NNED_Oidn2-3_Fast" 11418
"/Engine/EngineMaterials/PPM_DefaultCalibrationGrayscale" 11419
"/NNEDenoiser/NNEDOM_Output_Default" 11420
"/Engine/EngineMaterials/DefaultBloomKernel" 11421
"../../../Engine/Content/EngineMaterials/FastBlueNoise_vec2_128x128x64.uasset" 11422
"../../../Engine/Plugins/Interchange/Runtime/Content/Pipelines/DefaultTexturePipeline.uasset" 11423
"../../../Engine/Plugins/Interchange/Runtime/Content/Pipelines/DefaultSceneLevelPipeline.uasset" 11424
"../../../Engine/Content/EngineMaterials/FastBlueNoise_scalar_128x128x64.uasset" 11425
"../../../Engine/Plugins/Interchange/Runtime/Content/Pipelines/DefaultGLTFPipeline.uasset" 11426
"../../../Engine/Content/EngineMaterials/SMAASearchTex.uasset" 11427
"../../../Engine/Content/EngineResources/Development/ZenLogo_64.uasset" 11428
"../../../Engine/Content/EngineMaterials/Hair/Hair_Coverage.uasset" 11429
"../../../Engine/Plugins/Interchange/Runtime/Content/Pipelines/DefaultAudioPipeline.uasset" 11430
"../../../Engine/Plugins/Interchange/Runtime/Content/Pipelines/DefaultFBXOBJAssetsPipeline.uasset" 11431
"../../../Engine/Content/EngineResources/FilmGrains/Marcie_Grain_v3_128_M2_000.uasset" 11432
"../../../Engine/Content/EngineDebugMaterials/DebugEditorMaterial.uasset" 11433
"../../../Engine/Plugins/Interchange/Runtime/Content/Pipelines/DefaultMaterialPipeline.uasset" 11434
"../../../Engine/Plugins/Interchange/Runtime/Content/Pipelines/DefaultSceneAssetsPipeline.uasset" 11435
"../../../Engine/Plugins/Interchange/Runtime/Content/Pipelines/DefaultGLTFAssetsPipeline.uasset" 11436
"../../../Engine/Content/EngineMaterials/EnergyConservation/Sheen_Energy.uasset" 11437
"../../../Engine/Content/EngineSounds/Master.uasset" 11438
"../../../Engine/Plugins/Interchange/Runtime/Content/Pipelines/DefaultAssetsPipeline.uasset" 11439
"../../../Engine/Content/EngineMaterials/EnergyConservation/Diffuse_Energy.uasset" 11440
"../../../Engine/Content/EngineMaterials/SMAAAreaTex.uasset" 11441
"../../../Engine/Content/EngineMaterials/FastBlueNoise_scalar_128x128x8.uasset" 11442
"../../../Engine/Plugins/Interchange/Runtime/Content/Pipelines/DefaultMaterialXPipeline.uasset" 11443
"D:/github test/Gamejam/Intermediate/ORTOptimizerPass_Optimized225B0A7747F3E4C0ED0E85AD80056D64.onnx" 11444
"D:/github test/Gamejam/Intermediate/ORTOptimizerPass_Optimized443A85FF462F48EA6F0A91B2EDE7F937.onnx" 11445
"D:/github test/Gamejam/Intermediate/ORTOptimizerPass_OptimizedB7671B874929C9343BE30EA38D62C1D2.onnx" 11446
"D:/github test/Gamejam/Intermediate/ORTOptimizerPass_Optimized44CFB18F42C547E302588CBD07689414.onnx" 11447
"/Engine/EditorResources/BSPVertex" 11448
"/NNEDenoiser/NNEDTOM_Output_Default" 11449
"/NNEDenoiser/NNEDTOM_Output_Alpha" 11450
"/Interchange/Pipelines/DefaultSceneLevelPipeline" 11451
"/Interchange/Pipelines/DefaultSceneAssetsPipeline" 11452
"/Interchange/Pipelines/DefaultAudioPipeline" 11453
"/Interchange/Pipelines/DefaultTexturePipeline" 11454
"/Interchange/Pipelines/DefaultMaterialPipeline" 11455
"/Interchange/Pipelines/DefaultFBXOBJAssetsPipeline" 11456
"../../../Engine/Plugins/Interchange/Assets/Content/Functions/MX_TranslucentBSDF.uasset" 11457
"/Interchange/Pipelines/DefaultGLTFPipeline" 11458
"../../../Engine/Plugins/Interchange/Runtime/Content/Pipelines/DefaultFBXOBJSceneAssetsPipeline.uasset" 11459
"../../../Engine/Plugins/Interchange/Assets/Content/Functions/MX_OrenNayarBSDF.uasset" 11460
"../../../Engine/Plugins/Interchange/Assets/Content/Functions/MX_DielectricBSDF.uasset" 11461
"../../../Engine/Plugins/Interchange/Assets/Content/Functions/MX_BurleyDiffuseBSDF.uasset" 11462
"../../../Engine/Plugins/Interchange/Assets/Content/Functions/MX_ConductorBSDF.uasset" 11463
"../../../Engine/Plugins/Interchange/Runtime/Content/Pipelines/DefaultGLTFSceneAssetsPipeline.uasset" 11464
"../../../Engine/Plugins/Interchange/Assets/Content/Substrate/MX_SimpleVolume.uasset" 11465
"../../../Engine/Plugins/Interchange/Assets/Content/Functions/MX_UsdPreviewSurface.uasset" 11466
"../../../Engine/Plugins/Interchange/Assets/Content/Functions/MX_SurfaceUnlit.uasset" 11467
"/Interchange/Pipelines/DefaultGLTFAssetsPipeline" 11468
"/Interchange/Pipelines/DefaultMaterialXPipeline" 11469
"/Interchange/Pipelines/DefaultAssetsPipeline" 11470
"/Engine/EngineSounds/Master" 11471
"/Engine/EngineMaterials/SMAASearchTex" 11472
"/Engine/EngineMaterials/SMAAAreaTex" 11473
"/Engine/EngineMaterials/Hair/Hair_Coverage" 11474
"/Engine/EngineMaterials/EnergyConservation/Diffuse_Energy" 11475
"/Engine/EngineMaterials/EnergyConservation/Sheen_Energy" 11476
"/Engine/EngineMaterials/FastBlueNoise_vec2_128x128x64" 11477
"/Engine/EngineMaterials/FastBlueNoise_scalar_128x128x8" 11478
"/Engine/EngineMaterials/FastBlueNoise_scalar_128x128x64" 11479
"/Engine/EngineDebugMaterials/DebugEditorMaterial" 11480
"/Engine/EngineResources/Development/ZenLogo_64" 11481
"/Engine/EngineResources/FilmGrains/Marcie_Grain_v3_128_M2_000" 11482
"/InterchangeAssets/Functions/MX_ConductorBSDF" 11483
"D:/github test/Gamejam/Content/Assets/M_Projection.uasset" 11484
"../../../Engine/Plugins/Interchange/Assets/Content/Functions/MX_SheenBSDF.uasset" 11485
"../../../Engine/Plugins/Interchange/Assets/Content/Functions/MX_AnisotropicVDF.uasset" 11486
"../../../Engine/Plugins/Interchange/Assets/Content/Functions/MX_MeasuredEDF.uasset" 11487
"../../../Engine/Plugins/Interchange/Assets/Content/Functions/MX_SubsurfaceBSDF.uasset" 11488
"../../../Engine/Plugins/Animation/ControlRig/Content/Controls/ControlRigGizmoMaterial.uasset" 11489
"../../../Engine/Plugins/Interchange/Assets/Content/Functions/MX_ConicalEDF.uasset" 11490
"../../../Engine/Plugins/Interchange/Assets/Content/Functions/MX_ChiangHairBSDF.uasset" 11491
"../../../Engine/Plugins/Interchange/Assets/Content/Functions/MX_GeneralizedSchlickBSDF.uasset" 11492
"../../../Engine/Plugins/Interchange/Assets/Content/Functions/MX_AbsorptionVDF.uasset" 11493
"../../../Engine/Plugins/Interchange/Assets/Content/Functions/MX_UniformEDF.uasset" 11494
"/InterchangeAssets/Functions/MX_DielectricBSDF" 11495
"/InterchangeAssets/Functions/MX_TranslucentBSDF" 11496
"/InterchangeAssets/Functions/MX_BurleyDiffuseBSDF" 11497
"/InterchangeAssets/Functions/MX_OrenNayarBSDF" 11498
"/InterchangeAssets/Substrate/MX_SimpleVolume" 11499
"/InterchangeAssets/Functions/MX_UsdPreviewSurface" 11500
"/InterchangeAssets/Functions/MX_SurfaceUnlit" 11501
"/Interchange/Pipelines/DefaultFBXOBJSceneAssetsPipeline" 11502
"/Interchange/Pipelines/DefaultGLTFSceneAssetsPipeline" 11503
"D:/github test/Gamejam/Content/ThirdPerson/_GENERATED/jessi/Stairs_1217552C.uasset" 11504
"/Game/UI/Intro7" 11505
"/Game/UI/Intro15" 11506
"/Game/UI/Intro13" 11507
"/Game/UI/Intro16" 11508
"/Game/A_Project" 11509
"/ControlRig/Controls/ControlRigGizmoMaterial" 11510
"/InterchangeAssets/Functions/MX_AnisotropicVDF" 11511
"/InterchangeAssets/Functions/MX_AbsorptionVDF" 11512
"/InterchangeAssets/Functions/MX_MeasuredEDF" 11513
"/InterchangeAssets/Functions/MX_ConicalEDF" 11514
"/Game/UI/Intro1" 11515
"/InterchangeAssets/Functions/MX_UniformEDF" 11516
"/Game/UI/Intro17" 11517
"/InterchangeAssets/Functions/MX_ChiangHairBSDF" 11518
"/InterchangeAssets/Functions/MX_SheenBSDF" 11519
"/InterchangeAssets/Functions/MX_SubsurfaceBSDF" 11520
"C:/Users/jessi/AppData/Local/UnrealEngine/Common/DerivedDataCache/Buckets/FShaderJobCacheShaders/1a/91/2a9091f84e957d648bbe6e7b785b35b7275c.udd" 11521
"C:/Users/jessi/AppData/Local/UnrealEngine/Common/DerivedDataCache/Buckets/FShaderJobCacheShaders/fc/8e/6b608b683f72ba3806638a0be312b617ac83.udd" 11522
"C:/Users/jessi/AppData/Local/UnrealEngine/Common/DerivedDataCache/Buckets/FShaderJobCacheShaders/80/02/831bff93dd08d1488d4c08d5eb21ab997fbc.udd" 11523
"/InterchangeAssets/Functions/MX_GeneralizedSchlickBSDF" 11524
"D:/github test/Gamejam/Content/color/brown.uasset" 11525
"/Game/ThirdPerson/_GENERATED/jessi/Cone_77998C82" 11526
"D:/github test/Gamejam/Content/ThirdPerson/_GENERATED/jessi/Box_27E63231.uasset" 11527
"/Game/color/red" 11528
"/Game/ThirdPerson/_GENERATED/jessi/Stairs_1217552C" 11529
"/Game/UI/Intro14" 11530
"C:/Users/jessi/AppData/Local/UnrealEngine/Common/DerivedDataCache/Buckets/LegacyNavCollision/03/6b/5ab5dd313dbc2a0ce4d34f8cda3d55eab31a.udd" 11531
"/Game/UI/Intro12" 11532
"/Game/UI/Intro11" 11533
"/Game/color/white" 11534
"/Game/color/blue" 11535
"/Game/color/yellow" 11536
"/Game/ThirdPerson/_GENERATED/jessi/Box_27E63231" 11537
"/Game/color/brown" 11538
"D:/github test/Gamejam/Saved/Cooked/Windows/Gamejam/Metadata/CookedSettings.txt" 11539
